ms,CN0_dBHz
100,43.324963813734
200,43.9253089008651
300,43.2163112980856
400,41.6474465133885
500,41.7919442384142
600,41.8139271447503
700,41.7767192026531
800,41.7638299259353
900,41.7515428273362
1000,41.8028955884401
1100,41.7162845060904
1200,41.6868413381122
1300,41.7561902282047
1400,41.8033153855653
1500,41.824935994338
1600,41.9079523773149
1700,41.9837517950179
1800,42.0083285827145
1900,42.1257978599247
2000,42.1351121550104
2100,42.1397069103354
2200,42.0484258342011
2300,42.0327894572171
2400,42.3526864271647
2500,42.4095756896013
2600,42.4146692159546
2700,42.5117252277359
2800,42.4987345222603
2900,42.4912964350655
3000,42.5360608037547
3100,42.6368841746271
3200,42.6873706613036
3300,42.5962269805889
3400,42.5133421349956
3500,42.4987494365971
3600,42.3870023136279
3700,42.127145636891
3800,41.9779983442621
3900,41.82679295217
4000,41.8678050957045
4100,41.8266156711871
4200,41.9511127319774
4300,42.0828101352515
4400,42.0536469942382
4500,42.0508601328488
4600,42.0099278469179
4700,41.941345241963
4800,41.8632392524171
4900,41.8933469812297
5000,41.8949848519682
5100,41.9222070677648
5200,41.8917361928735
5300,41.7868418968726
5400,41.8298562329908
5500,41.7263552101151
5600,41.785295506842
5700,41.9811257032504
5800,42.0847793476621
5900,42.19633598999
6000,42.1882154624509
6100,42.3060426704503
6200,42.2775358624229
6300,42.2802352457408
6400,42.2805100899528
6500,42.3829211527537
6600,42.4701846303702
6700,42.505491099902
6800,42.5599802182072
6900,42.6072061787128
7000,42.5428346162845
7100,42.4524587230008
7200,42.384730765766
7300,42.4578636810777
7400,42.4279820309497
7500,42.4405606904009
7600,42.4219023755906
7700,42.2932368084852
7800,42.1436855267037
7900,42.1231214930384
8000,42.1838789354162
8100,42.1099945688522
8200,42.1830561529922
8300,42.1806390940157
8400,42.2161769138137
8500,42.2521982553234
8600,42.2350274185888
8700,42.2909540776358
8800,42.2674742578166
8900,42.2623556823494
9000,42.3305611035481
9100,42.3705967807545
9200,42.4091113407854
9300,42.4232223635281
9400,42.3695219113056
9500,42.432228261687
9600,42.3899216746617
9700,42.3956501907457
9800,42.5656979253212
9900,42.6183852604779
10000,42.5416130021664
10100,42.4504663613018
10200,42.4509322614763
10300,42.5017533256789
10400,42.3976948066522
10500,42.322059792532
10600,42.345332844233
10700,42.3461904245385
10800,42.3842581903825
10900,42.3328314204982
11000,42.3456683552831
11100,42.2854336055795
11200,42.3923516292712
11300,42.3877252159195
11400,42.5100261754735
11500,42.4594422583024
11600,42.2837749613402
11700,42.2628426793123
11800,42.0966187591391
11900,41.7513751138801
12000,41.5847276137593
12100,41.5881247444537
12200,41.5188347596966
12300,41.4850391447915
12400,41.6158968797123
12500,41.7211765809873
12600,41.7504933967344
12700,41.8143897567223
12800,41.9380073147183
12900,42.0476954027021
13000,42.2485057308707
13100,42.5646738553118
13200,42.8820976878089
13300,43.2055690185224
13400,43.4269044335693
13500,43.5752191492172
13600,43.7433463032993
13700,43.9182478573124
13800,43.918542381337
13900,43.9393379301363
14000,43.9121407385546
14100,43.9050709283856
14200,43.8069108589566
14300,43.8608952220044
14400,43.8941644381319
14500,43.8832779505181
14600,43.8981017598824
14700,43.8369733161626
14800,43.8535771256971
14900,43.8451818373622
15000,43.7023390262804
15100,43.7292499858434
15200,43.6825683782545
15300,43.5902236121526
15400,43.4899830155479
15500,43.4708426715923
15600,43.4352975974318
15700,43.430683408949
15800,43.546267495499
15900,43.4510716227498
16000,43.4532873010021
16100,43.3273116695331
16200,43.1680108273189
16300,43.1160166655081
16400,42.9944930155103
16500,42.9252827303927
16600,42.8532652512356
16700,42.8340499304462
16800,42.7339233874832
16900,42.6321882264637
17000,42.6462688843349
17100,42.5519326490679
17200,42.5039181545119
17300,42.4983758110681
17400,42.5488256460719
17500,42.4673437936803
17600,42.4439250005243
17700,42.4808044828534
17800,42.4432868671893
17900,42.4880904286091
18000,42.4703609994887
18100,42.4844764605886
18200,42.5961864414979
18300,42.6331211353056
18400,42.6965450631964
18500,42.7601501315131
18600,42.8237400725636
18700,42.8973410735499
18800,42.9862408035619
18900,43.0403614708657
19000,43.1447803766042
19100,43.309767769577
19200,43.4621000399966
19300,43.5470262303695
19400,43.6062754029052
19500,43.7431337919596
19600,43.7745570330781
19700,43.7614000546188
19800,43.8427359508053
19900,43.7886538013287
20000,43.7808859121133
20100,43.8718827183072
20200,43.8729248565042
20300,43.8391782702804
20400,43.8093217995841
20500,43.7674558119775
20600,43.7141642857313
20700,43.6080118593327
20800,43.5942345370212
20900,43.6307289742174
21000,43.6285102566816
21100,43.5203071121547
21200,43.4850022111169
21300,43.4727962431567
21400,43.4148478724497
21500,43.3553627173119
21600,43.3051618648146
21700,43.2127045382767
21800,43.1558050968964
21900,43.1939050514816
22000,43.1588765303137
22100,43.0936297820807
22200,43.0851587823809
22300,43.0744067030583
22400,43.0403818824023
22500,43.0577257090258
22600,43.0586359345618
22700,43.0834682075742
22800,43.0809053790119
22900,43.0888841784423
23000,43.1151869064371
23100,43.1752172380301
23200,43.1240286381291
23300,43.1407081121606
23400,43.1631473066004
23500,43.1916469809022
23600,43.2456040086357
23700,43.1885022873619
23800,43.1059336844882
23900,42.9901421168501
24000,42.9537666060586
24100,43.0068386838348
24200,43.0453020745279
24300,43.0976055030591
24400,43.1829401216505
24500,43.2387895342987
24600,43.3437918482438
24700,43.4215324193422
24800,43.4577385338749
24900,43.4409957136267
25000,43.3745220806059
25100,43.3716359834399
25200,43.3388638129876
25300,43.2829946321696
25400,43.1588452707302
25500,43.1877199241746
25600,43.1596025973424
25700,43.1921541488479
25800,43.1933392329807
25900,43.164793147057
26000,42.9734289116329
26100,42.7957489526232
26200,42.6269945397261
26300,42.5030622879786
26400,42.3900276584366
26500,42.2676626571502
26600,42.2266170793108
26700,42.2223028966126
26800,42.2740351569517
26900,42.3280538479035
27000,42.3431388963266
27100,42.3717330640946
27200,42.3648435629863
27300,42.5411470389503
27400,42.9833749844488
27500,43.1818254657343
27600,43.3399895816708
27700,43.4137993567191
27800,43.4550693642779
27900,43.4263994857401
28000,43.4284376086781
28100,43.2818673166295
28200,43.0410806615622
28300,42.8531545593726
28400,42.8474624096928
28500,42.7996226401815
28600,42.782931661718
28700,42.7870143252151
28800,42.649393838036
28900,42.525682419901
29000,42.4578185275081
29100,42.5291795918008
29200,42.5762108325648
29300,42.5297932454244
29400,42.5072067009722
29500,42.5291722389323
29600,42.4670239581371
29700,42.3860967735732
29800,42.4116082669839
29900,42.3515790718844
30000,42.3701419225459
30100,42.5991743539862
30200,42.8789691354321
30300,43.1609731426212
30400,43.1387787756738
30500,43.0725873429812
30600,43.1228267419247
30700,43.1980320876767
30800,43.2002201891955
30900,43.1745005434747
31000,43.1559271450777
31100,43.0964372304247
31200,43.0479932600331
31300,43.0412567149574
31400,42.9926110851844
31500,43.0192684690419
31600,43.1003328759508
31700,43.2006127752518
31800,43.225669734055
31900,43.2841356406701
32000,43.3711298658002
32100,43.3877101812853
32200,43.5429346707581
32300,43.6623768696261
32400,43.6834897720408
32500,43.7230597472502
32600,43.768571693743
32700,43.6966925313561
32800,43.6516027229125
32900,43.6753684139404
33000,43.6994727451873
33100,43.7680365759169
33200,43.5953405707141
33300,43.5673383578612
33400,43.6559524784739
33500,43.5671465047493
33600,43.4543482296776
33700,43.3273407821907
33800,43.2235782598542
33900,42.9787462691102
34000,42.6730491366629
34100,42.5148995913984
34200,42.3488198480295
34300,42.2109270638343
34400,42.1478439188525
34500,42.019026581617
34600,41.9087824788975
34700,41.996419991605
34800,42.1055783677475
34900,42.24934676956
35000,42.4489526040718
35100,42.4786157165171
35200,42.4657808001359
35300,42.4009818287251
35400,42.4608183967166
35500,42.4948294448911
35600,42.5121262542082
35700,42.4505123227613
35800,42.3945407830564
35900,42.3721447620195
36000,42.395913449157
36100,42.3606164905877
36200,42.4548190912528
36300,42.4607428722348
36400,42.4662170239094
36500,42.5535058293659
36600,42.6389120631738
36700,42.7055105803039
36800,42.6948579529197
36900,42.7481832112635
37000,42.7119454788662
37100,42.5521173321955
37200,42.4880472875534
37300,42.484793140576
37400,42.52034928532
37500,42.4992440416152
37600,42.4816207468347
37700,42.4829696225028
37800,42.5106854389874
37900,42.5134246750661
38000,42.5085960580792
38100,42.56444675185
38200,42.4593196722678
38300,42.4318117383147
38400,42.4626411076749
38500,42.4927612002569
38600,42.5156741575188
38700,42.5492171678998
38800,42.5893323556617
38900,42.5952302424709
39000,42.7342748258097
39100,42.8325200397829
39200,42.8934601485238
39300,42.9217977627965
39400,42.8846219415993
39500,42.8618835849635
39600,42.8841380000447
39700,42.9815146952092
39800,42.9471469368095
39900,42.9935965118145
40000,43.0161729484299
40100,43.0611882426021
40200,43.0247841752292
40300,43.0502689840633
40400,43.0350310774276
40500,42.9897488591232
40600,42.981846950066
40700,42.8989212163049
40800,42.8630181612269
40900,42.8690712577522
41000,42.7472552683672
41100,42.7729030555925
41200,42.8213379378446
41300,42.8494223065863
41400,42.8369120353894
41500,42.8460137953243
41600,42.890496611403
41700,42.8680323972727
41800,42.9761820942901
41900,42.9569197330532
42000,42.8802282399968
42100,42.6449451896757
42200,42.6300867724027
42300,42.581938347206
42400,42.5402907528333
42500,42.5106077153706
42600,42.5019180957028
42700,42.5732821847848
42800,42.52704709481
42900,42.5668187475023
43000,42.6447469112772
43100,42.6131301338448
43200,42.6467760908986
43300,42.7319531226039
43400,42.8560789294263
43500,43.0200818359486
43600,43.1483120453054
43700,43.1456951229509
43800,43.136332940037
43900,43.0597922317547
44000,43.0798235732342
44100,43.0327404935981
44200,43.0374899315192
44300,43.0967474655171
44400,43.115608953345
44500,43.1555587692593
44600,43.2485020550249
44700,43.3607986336032
44800,43.4652955356055
44900,43.3754612490738
45000,43.3877140983991
45100,43.3460553074695
45200,43.2654920700796
45300,43.1972060666767
45400,43.1523696547209
45500,43.0984321522057
45600,43.0583684374118
45700,43.0577625792968
45800,43.0447423549344
45900,43.0675081544484
46000,43.0191368959253
46100,43.1144996495134
46200,43.1113856898327
46300,43.0633892315273
46400,43.0714901551011
46500,43.0921567834314
46600,43.0086723626372
46700,42.9047639910966
46800,42.8821105470308
46900,42.9441744825731
47000,42.9833065261636
47100,43.0648846213947
47200,43.1447770487112
47300,43.0527076648553
47400,43.101497046907
47500,43.1213162779376
47600,43.1573418360648
47700,43.1311116569191
47800,43.2281156153108
47900,43.2112994221061
48000,43.2707157716732
48100,43.2161451242106
48200,43.2352916674384
48300,43.2537772037872
48400,43.2560477160954
48500,43.276462211541
48600,43.3400374997232
48700,43.3449374994956
48800,43.3556139402652
48900,43.3895713263336
49000,43.3295942160418
49100,43.3548803182755
49200,43.3169351952235
49300,43.366396497416
49400,43.3646855075498
49500,43.3004733334929
49600,43.2274364878686
49700,43.2198735243295
49800,43.199983225007
49900,43.214161455894
50000,43.1988662026209
50100,43.1788561313922
50200,43.1953700087245
50300,43.195045604493
50400,43.262369091215
50500,43.2145484862379
50600,43.1317837662346
50700,43.0958658289336
50800,43.1064010419493
50900,43.1521715889089
51000,43.1886819388409
51100,43.1986604086795
51200,43.2002382206344
51300,43.2159865931419
51400,43.1846695422043
51500,43.2128032727197
51600,43.1493733584648
51700,43.2072614958301
51800,43.2792081813657
51900,43.3370524985448
52000,43.3541612083854
52100,43.3950120560819
52200,43.3712463300085
52300,43.4069386964128
52400,43.3037858765457
52500,43.3270181020174
52600,43.3423995244263
52700,43.3770458462429
52800,43.3573409178714
52900,43.2238627276557
53000,43.1665150984148
53100,43.1017587162261
53200,43.1541968422369
53300,43.1377340912395
53400,43.1559143595755
53500,43.2086470966583
53600,43.2422401916309
53700,43.2083976740322
53800,43.0964600045618
53900,43.0220275829013
54000,43.0398430272889
54100,42.9739377386601
54200,43.021027684321
54300,43.0413726587924
54400,43.0836714124429
54500,43.119065708239
54600,43.23559632357
54700,43.2476432910383
54800,43.2407915174523
54900,43.2943931787982
55000,43.4013421458374
55100,43.4473491695253
55200,43.4183346089465
55300,43.3998599033151
55400,43.4259358669444
55500,43.3680314911384
55600,43.3442578065142
55700,43.2749933510215
55800,43.3380608177152
55900,43.3406191651766
56000,43.3486253834541
56100,43.4556329965906
56200,43.3578778264842
56300,43.2850398714127
56400,43.3004416570816
56500,43.2448162643535
56600,43.1775486100373
56700,43.1757137262321
56800,43.1445926855322
56900,43.1400342876893
57000,43.06756443531
57100,43.0277614209132
57200,43.0539524062329
57300,43.1112736478067
57400,43.093274612823
57500,43.1473673699238
57600,43.1731099490549
57700,43.1571531134565
57800,43.1406810768733
57900,43.1429649814382
58000,43.0965632178541
58100,42.9343793232308
58200,42.9655030190161
58300,42.9825415049977
58400,42.9519627060456
58500,42.8905517839268
58600,42.9299371291729
58700,43.0317712303367
58800,43.1234685312615
58900,43.1541457539544
59000,43.2657235811242
59100,43.3958661289479
59200,43.4652051496795
59300,43.5139373135754
59400,43.5380828140414
59500,43.5049427907094
59600,43.5528907208576
59700,43.5409867458337
59800,43.4644710649295
59900,43.3846071216812
60000,43.3330330252209
60100,43.2904431036724
60200,43.234821673733
60300,43.1184835819451
60400,42.9780640295591
60500,42.7597947084379
60600,42.5429677131775
60700,42.3732512718993
60800,42.2401462809119
60900,42.1006015105547
61000,42.0348733053865
61100,41.9175801365818
61200,41.8397073451297
61300,41.8736598859161
61400,42.0228607689206
61500,42.1491917459564
61600,42.1149528930341
61700,42.0885534613446
61800,42.1748783276584
61900,42.105711255798
62000,42.0333996662363
62100,42.1762875367956
62200,42.3018969264942
62300,42.415976318956
62400,42.4367074644222
62500,42.534921521251
62600,42.5053741456318
62700,42.4302365396175
62800,42.3736193163519
62900,42.3598826298282
63000,42.3667474259032
63100,42.4113465546089
63200,42.3767775825316
63300,42.4130884045507
63400,42.5121779261655
63500,42.5222471147165
63600,42.556179420767
63700,42.5833475216783
63800,42.5962425414008
63900,42.5798344108398
64000,42.6057544584562
64100,42.5592855117069
64200,42.5522008204922
64300,42.646676476134
64400,42.756624191776
64500,42.7726778070681
64600,42.7973027207755
64700,42.8526211485783
64800,42.8425719400616
64900,42.8163649900129
65000,42.8267079552337
65100,42.7841229484516
65200,42.9094141830275
65300,42.8528926699305
65400,42.7996457032327
65500,42.7964241206263
65600,42.7304276363632
65700,42.7471244191158
65800,42.7283293480797
65900,42.837226633987
66000,42.8530611089992
66100,42.9134252192093
66200,42.898231796501
66300,42.8935926653907
66400,42.8997491327437
66500,42.839277067159
66600,42.915648491027
66700,42.9327134995286
66800,42.9790955943077
66900,43.0005304775875
67000,42.9577253128416
67100,42.9295511484837
67200,42.7996094987383
67300,42.8088063190008
67400,42.8226203472269
67500,42.853389084307
67600,42.8696677903618
67700,42.830731108692
67800,42.8994673412934
67900,42.8040114942367
68000,42.7925166842373
68100,42.8011528604471
68200,42.8031142115156
68300,42.7420541507437
68400,42.6674502744866
68500,42.6846930632957
68600,42.5735091944583
68700,42.4301869296771
68800,42.4530868461853
68900,42.4709798642864
69000,42.4363346726159
69100,42.4024861979591
69200,42.3942394047045
69300,42.4193184368118
69400,42.404363019449
69500,42.3137324773283
69600,42.2834260226294
69700,42.2754419313987
69800,42.1900520437082
69900,42.1566320245491
70000,42.0904195146863
70100,41.9627984392665
70200,41.8604911511556
70300,41.6790363369556
70400,41.5344207804177
70500,41.3049243203503
70600,41.2432877931935
70700,41.0263475056616
70800,40.8411271006592
70900,40.6712339171342
71000,40.7502536705449
71100,40.765321495096
71200,40.8504707726933
71300,40.8902669622646
71400,41.0230155297592
71500,41.2364668741356
71600,41.3843485813611
71700,41.480361716575
71800,41.653284073809
71900,41.8722017154571
72000,42.2212505883196
72100,42.7299392674925
72200,43.3861822940079
72300,43.4930652487266
72400,43.5697790962565
72500,43.5185940518552
72600,43.513665896062
72700,43.5321484573455
72800,43.5335450878827
72900,43.6372925456091
73000,43.522342063893
73100,43.4504935088779
73200,43.4732977112379
73300,43.5216892373266
73400,43.4870694501584
73500,43.5123110688947
73600,43.3652978021814
73700,43.3840687718451
73800,43.2795311108416
73900,43.2056737403196
74000,43.1451715226111
74100,43.124632587492
74200,43.1139628414224
74300,43.1082088002496
74400,43.0877091907362
74500,43.0772087280117
74600,43.1070957516288
74700,43.0649662392832
74800,42.9638816994845
74900,42.8173490172226
75000,42.809561934969
75100,42.8549998329299
75200,42.7926719518174
75300,42.6246851396927
75400,42.4336119100212
75500,42.3998153858156
75600,42.4597654531084
75700,42.4601418234657
75800,42.5495396002427
75900,42.4860875706023
76000,42.5005359284151
76100,42.4535783029427
76200,42.4801083257557
76300,42.5165668437248
76400,42.5595004854919
76500,42.6836402423066
76600,42.7238622298088
76700,42.7517009013946
76800,42.7811382596447
76900,42.9309758380728
77000,43.0722326934021
77100,43.0004266179475
77200,42.9216776493803
77300,42.8745560783875
77400,42.8676754185317
77500,42.8226405186545
77600,42.770615634875
77700,42.632901456185
77800,42.5844864771349
77900,42.6338088294476
78000,42.6397105326659
78100,42.6291465027243
78200,42.6805152058773
78300,42.6641859091186
78400,42.7930752489064
78500,42.7373184203596
78600,42.740841877883
78700,42.8270311100029
78800,42.9408946762607
78900,43.091592585884
79000,43.0841220659963
79100,43.2429672662171
79200,43.3283559507832
79300,43.3371621897468
79400,43.3873833645786
79500,43.4633371284545
79600,43.4637887816349
79700,43.5448675686551
79800,43.5568241547303
79900,43.5106857418201
80000,43.5146106925807
80100,43.5260418069144
80200,43.4652519717106
80300,43.3843456279252
80400,43.3492743396455
80500,43.321091379276
80600,43.2619640993269
80700,43.1744805781765
80800,43.1125187619548
80900,42.9946231405895
81000,42.8317867882933
81100,42.6487992944743
81200,42.5992106483936
81300,42.6394758782126
81400,42.3986722893744
81500,42.3936934438297
81600,42.3786266722426
81700,42.2842990980394
81800,42.3652266584129
81900,42.3379861316349
82000,42.3414563083321
82100,42.5283366409641
82200,42.6454883545772
82300,42.7752693721469
82400,42.7292072358138
82500,42.8022957844753
82600,42.7576086985228
82700,42.8878104825536
82800,42.8870469871049
82900,42.819292763038
83000,42.7604070039038
83100,42.7122224576467
83200,42.6303579156615
83300,42.5841420464176
83400,42.6848736627113
83500,42.6773442100393
83600,42.5898005188184
83700,42.5731633577028
83800,42.5468071651078
83900,42.6080209471885
84000,42.6329419809674
84100,42.6412774349167
84200,42.6438281440401
84300,42.6282937749687
84400,42.6257761672468
84500,42.5484075600613
84600,42.4990902729552
84700,42.4096655662428
84800,42.3036305011142
84900,42.1924255491218
85000,42.1606980745084
85100,42.2277451167104
85200,42.2083298722599
85300,42.1794104363546
85400,42.2177846495189
85500,42.2091806026241
85600,42.2486961204903
85700,42.2480797350054
85800,42.215395510184
85900,42.1917698496956
86000,42.1880256657909
86100,42.1439630417639
86200,42.1423234736328
86300,42.1779719068101
86400,42.2255619402041
86500,42.211068820266
86600,42.2589782864706
86700,42.2710793724794
86800,42.3049151876375
86900,42.4583404564906
87000,42.5202142668261
87100,42.4122931331844
87200,42.4691069135469
87300,42.5243067145282
87400,42.546365977101
87500,42.5949060980005
87600,42.626679143645
87700,42.6521309347194
87800,42.7105847251195
87900,42.7079995919474
88000,42.6428855705178
88100,42.5731659082378
88200,42.4475812013284
88300,42.2587445369449
88400,42.1700404218265
88500,42.1899006814785
88600,42.215850404828
88700,42.264886678328
88800,42.3365576095613
88900,42.3393654484661
89000,42.3450504855749
89100,42.4178931486698
89200,42.4974101682369
89300,42.5377870985101
89400,42.4605893983027
89500,42.3901361944578
89600,42.3858050266828
89700,42.5687441177286
89800,42.6235767513379
89900,42.4611344446108
90000,42.4423228844972
90100,42.4212560417336
90200,42.486486766779
90300,42.5941992936628
90400,42.613251668304
90500,42.6135065298459
90600,42.6341862682634
90700,42.5443458045262
90800,42.4337370942432
90900,42.3107090143217
91000,42.258355863173
91100,42.2105501954405
91200,42.1169133320002
91300,42.0835710963223
91400,42.0782095868294
91500,42.1844118783657
91600,42.3317260053783
91700,42.5521467419665
91800,42.5996000896775
91900,42.5199064648112
92000,42.4024677192594
92100,42.4047561155496
92200,42.5165817833308
92300,42.5986725338137
92400,42.6392825826302
92500,42.7461151293619
92600,42.9923517505467
92700,43.0089301423623
92800,43.0381037894399
92900,43.0014458234264
93000,43.0661384542799
93100,43.1515037431051
93200,43.1259021615343
93300,43.1326466601124
93400,43.1916790728197
93500,43.2762033508326
93600,43.3856686097585
93700,43.4036876346277
93800,43.4646919375685
93900,43.5106136342169
94000,43.5670226780937
94100,43.5671238342088
94200,43.6265351524618
94300,43.6384779350795
94400,43.6221799948116
94500,43.6841668616254
94600,43.6233427750535
94700,43.7163013217544
94800,43.6066448419217
94900,43.5393844779471
95000,43.5211154556198
95100,43.4891727089841
95200,43.5250619885374
95300,43.4826490639197
95400,43.3885222195197
95500,43.2848627274124
95600,43.2027771588336
95700,43.2277900874965
95800,43.327594705827
95900,43.3715180588166
96000,43.3285118819878
96100,43.2571841251878
96200,43.1997160426985
96300,43.1995954517356
96400,43.260293699213
96500,43.2766793957946
96600,43.2374361825386
96700,43.0515059351399
96800,43.1015495858676
96900,42.9795675950489
97000,42.9797327958716
97100,42.9414671748145
97200,42.8233774606391
97300,42.7863209813471
97400,42.866366296675
97500,42.8406524177799
97600,42.851142199626
97700,42.8891865764985
97800,42.9066944860939
97900,42.8516306260585
98000,42.8130623498919
98100,42.8824040428809
98200,42.9605736680083
98300,42.8848273953746
98400,42.8245473401519
98500,42.8210585862141
98600,42.7795952331151
98700,42.7211031916506
98800,42.5730950808428
98900,42.5857298985519
99000,42.5588845568258
99100,42.65910229012
99200,42.7251200761167
99300,42.7880395884752
99400,42.7280289585538
99500,42.8114660379155
99600,42.8604290680262
99700,42.8225828157638
99800,42.7384177266161
99900,42.6849073014943
100000,42.7780819528204
100100,42.7498301216792
100200,42.827701227718
100300,42.9133826330354
100400,42.9664027363609
100500,42.872647057748
100600,42.9545535407744
100700,43.074956218073
100800,43.0971534603569
100900,43.1576531710347
101000,43.1341008189181
101100,43.092489971098
101200,43.0767617484881
101300,43.1290257423912
101400,43.2392327819403
101500,43.1727214317472
101600,43.184618606278
101700,43.1152890257527
101800,43.0475569228233
101900,43.0981055273112
102000,43.0136872517842
102100,43.0445349211486
102200,42.9846948327582
102300,43.0086891326661
102400,42.9827113170531
102500,43.0667614415535
102600,42.9363734062766
102700,42.855300765594
102800,42.8045636607999
102900,42.7365650901278
103000,42.7907534719614
103100,42.7658883227139
103200,42.737961920621
103300,42.7496646702345
103400,42.623258978906
103500,42.6594116209207
103600,42.6578445033139
103700,42.5980587878833
103800,42.6908729848321
103900,42.478606329477
104000,42.4144067044574
104100,42.4632892657504
104200,42.5183957953696
104300,42.4647915920633
104400,42.4222098504062
104500,42.3254695345081
104600,42.4753784009513
104700,42.5654598494231
104800,42.5890271998626
104900,42.6502469256349
105000,42.4824715875106
105100,42.5291566933336
105200,42.577900232698
105300,42.5105820486583
105400,42.6314445935639
105500,42.6190473336714
105600,42.5960100007774
105700,42.6800290999536
105800,42.6658416727784
105900,42.7283553566929
106000,42.7249816067661
106100,42.6966537318335
106200,42.6740132987252
106300,42.6970007159638
106400,42.6045976541653
106500,42.6755417232337
106600,42.7009428239487
106700,42.7034739494815
106800,42.6454243524636
106900,42.5909359288363
107000,42.6876180176724
107100,42.71978220973
107200,42.7085959737779
107300,42.8365150026006
107400,42.8838182790685
107500,42.8840024044588
107600,42.9399872738676
107700,42.9030052910772
107800,42.9739715937306
107900,42.8072538035774
108000,42.8364052963212
108100,42.8678300947558
108200,42.9397531853641
108300,42.9261656623688
108400,42.9925723791226
108500,42.9925856061271
108600,42.8482235327257
108700,42.8325916808812
108800,42.875491320434
108900,42.9039637110156
109000,42.9191494126535
109100,42.9167446178312
109200,42.9505129897757
109300,42.9839124960284
109400,42.9971579617985
109500,42.9258874792176
109600,42.8802581024444
109700,42.8824961067249
109800,42.8772394130861
109900,42.9877154579241
110000,42.963944070639
110100,42.9942703251138
110200,42.9506397529863
110300,42.9483915648753
110400,42.9093622702698
110500,42.8657799234943
110600,42.9360202931969
110700,42.952621042722
110800,43.0196913471895
110900,42.9451363434075
111000,42.911509395946
111100,42.8686761756722
111200,42.8811130216012
111300,42.8377460928172
111400,42.7879935117487
111500,42.8353361352355
111600,42.8252687964795
111700,42.8302684724191
111800,42.7336347021115
111900,42.7660767448717
112000,42.8035373166666
112100,42.7944027684511
112200,42.7849609684611
112300,42.7231184833239
112400,42.6909732180421
112500,42.6786640800746
112600,42.6483089371583
112700,42.5894751179826
112800,42.5039828458444
112900,42.4920285159344
113000,42.4157300354315
113100,42.3655826765418
113200,42.3368979071907
113300,42.3021247292223
113400,42.4029655973386
113500,42.5091900404876
113600,42.5530022823108
113700,42.6266033827564
113800,42.8073750764091
113900,42.8085810395924
114000,42.8113753890102
114100,42.852281465407
114200,42.7589769927956
114300,42.7840954654849
114400,42.7529111431611
114500,42.789888239857
114600,42.9002966392504
114700,42.8450905764454
114800,42.834298833604
114900,42.9095070011375
115000,42.9712969260611
115100,43.0651185438283
115200,43.151364439389
115300,43.181542510804
115400,43.3285052960033
115500,43.3313595016565
115600,43.3992524185963
115700,43.2618866934901
115800,43.2651700487026
115900,43.2619068738257
116000,43.2424673863126
116100,43.2125644288955
116200,43.1688623675525
116300,43.1276837900238
116400,43.1210212448753
116500,43.0710460760788
116600,43.028829448249
116700,43.0867027329984
116800,43.1019470951951
116900,43.2059658025348
117000,43.1802505990649
117100,43.1806075554017
117200,43.1804188321669
117300,43.2436109279131
117400,43.1621610236891
117500,43.1347192973198
117600,43.0992025365396
117700,43.1152484043772
117800,42.9923406762299
117900,42.9934437460904
118000,42.9767194483005
118100,42.9395768727728
118200,42.9747536653597
118300,42.9231133777608
118400,42.9748171924301
118500,43.0061096621679
118600,43.0611452938148
118700,43.05577424632
118800,43.1282662804048
118900,43.0362349048331
119000,43.1209414354714
119100,43.1017979234978
119200,43.1077951369987
119300,43.0799117837283
119400,43.1636168525999
119500,43.1940186954056
119600,43.2102127444241
119700,43.2459299287932
119800,43.3596873289704
119900,43.345966152018
120000,43.2036132330754
120100,43.2238104370872
120200,43.2798344681689
120300,43.2143837198017
120400,43.1755206049768
120500,43.077617157812
120600,43.0066246545174
120700,42.9719743932909
120800,42.8603639043427
120900,42.8916387701477
121000,42.7527459895502
121100,42.7733798111386
121200,42.6073753775444
121300,42.5743698344775
121400,42.4536450165535
121500,42.393992392378
121600,42.3614876855443
121700,42.3503764556767
121800,42.1939293140119
121900,42.0362791325802
122000,42.09240684146
122100,42.142246742097
122200,42.1292291960752
122300,42.2016237902514
122400,42.1198728052484
122500,42.1012437459417
122600,42.1083558606952
122700,42.066079299963
122800,42.0654507921434
122900,42.0030844485381
123000,42.0466781653304
123100,42.0191318454205
123200,42.1143346454227
123300,42.1246738496986
123400,42.1684606793713
123500,42.195015574802
123600,42.2452480174414
123700,42.2325792265035
123800,42.326850996588
123900,42.4071229275371
124000,42.4576152405349
124100,42.43025776011
124200,42.3561013803494
124300,42.4378282086574
124400,42.4835928705028
124500,42.6062217957004
124600,42.5977576767223
124700,42.6470545472039
124800,42.6502618727877
124900,42.660503267589
125000,42.6497067574643
125100,42.5966956153621
125200,42.488432085846
125300,42.4417200641416
125400,42.4003439665219
125500,42.3741455482054
125600,42.3389168708471
125700,42.3998060921764
125800,42.3894458745468
125900,42.4071332877346
126000,42.4400402238953
126100,42.3681923667121
126200,42.5324609767347
126300,42.5651668099867
126400,42.5687374560262
126500,42.4769129210243
126600,42.5381064390803
126700,42.5560335479654
126800,42.4890516994466
126900,42.5120546380704
127000,42.5535320590086
127100,42.5914020495363
127200,42.754300775816
127300,42.8362070729676
127400,42.8859769727115
127500,42.9882447917652
127600,43.0388077001209
127700,43.054072687022
127800,43.0687800787028
127900,43.1537970964879
128000,43.1341625126102
128100,43.1154700747232
128200,43.0720859130235
128300,43.0025756441702
128400,43.0071194765994
128500,43.1349303652809
128600,43.0479241539322
128700,43.02800776689
128800,43.1885612030755
128900,43.188309778883
129000,43.1737355230449
129100,43.2114730276603
129200,43.1734598021604
129300,43.0871134294053
129400,43.0977132072323
129500,43.1103710675639
129600,43.1839992046854
129700,43.1693649063743
129800,43.1191527467237
129900,43.1184860427345
130000,43.1864607403725
130100,43.3339195417037
130200,43.2296092712363
130300,43.2502697094009
130400,43.1844584737353
130500,43.1220416446844
130600,43.2686815217101
130700,43.2105755731346
130800,43.2809644739447
130900,43.3795527887777
131000,43.4918576281979
131100,43.5272290128994
131200,43.6199149122249
131300,43.7319866956753
131400,43.7671134675751
131500,43.7229992651493
131600,43.6864968148237
131700,43.6598774701443
131800,43.6466515038279
131900,43.6421052014248
132000,43.6361163667458
132100,43.5357633662173
132200,43.5312884707335
132300,43.4978790309496
132400,43.6172312185157
132500,43.6084934472308
132600,43.3045896112827
132700,43.2627370664995
132800,43.2064444262664
132900,43.146426981848
133000,43.169103545639
133100,43.1913599323128
133200,43.1535610228017
133300,43.1592449392766
133400,43.2202174192307
133500,43.3267661540279
133600,43.4177370925394
133700,43.4624487420149
133800,43.5875016183598
133900,43.5860032611112
134000,43.5982558333364
134100,43.5969898202715
134200,43.5052016917925
134300,43.5503189808794
134400,43.5358800302886
134500,43.5603893409536
134600,43.7266964524464
134700,43.7888708521595
134800,43.8252804041223
134900,43.9187234590496
135000,43.9429584031885
135100,43.9387711646822
135200,43.9898247870472
135300,44.0624956415851
135400,44.146240690125
135500,44.1872481795328
135600,44.2334210205548
135700,44.2356346075077
135800,44.2808616713775
135900,44.3705957052895
136000,44.4058175647478
136100,44.4432986571013
136200,44.4596686441156
136300,44.4418163795534
136400,44.5125221905515
136500,44.4745503412727
136600,44.4092190410673
136700,44.4095891830283
136800,44.3727960340241
136900,44.3077177443874
137000,44.2333052119052
137100,44.2006401924674
137200,44.2130190024319
137300,44.2468386376128
137400,44.1969233967159
137500,44.216244967798
137600,44.1756837579246
137700,44.178822440997
137800,44.2219214100436
137900,44.2541225915208
138000,44.2022905199715
138100,44.0917803251808
138200,44.1038981034918
138300,43.9955263800984
138400,43.8745884264359
138500,43.8114248156626
138600,43.8203611789001
138700,43.7816636188771
138800,43.7277145596767
138900,43.7394716591927
139000,43.6343529459512
139100,43.6625399799386
139200,43.6134170686112
139300,43.6158025918905
139400,43.6663471985539
139500,43.5569275296442
139600,43.5814791432105
139700,43.6548744816967
139800,43.6997397819959
139900,43.7209891117243
140000,43.5279750596771
140100,43.5381568200229
140200,43.5390998904694
140300,43.5495714241724
140400,43.4957523461667
140500,43.4106026778481
140600,43.1334013131434
140700,42.8639930084921
140800,42.6973982650249
140900,42.5003577442273
141000,42.4690847836489
141100,42.3611685391503
141200,42.3181024460801
141300,42.209677539914
141400,42.0496514049279
141500,42.1192148661755
141600,42.1298867323136
141700,42.2701345407207
141800,42.4854737087453
141900,42.7363554859651
142000,42.6943884919738
142100,42.7448993023489
142200,42.9601831432343
142300,43.3389640116011
142400,43.5567067078972
142500,43.6280186516924
142600,43.7895575909832
142700,43.8032243600753
142800,43.8376437086347
142900,43.9066744060139
143000,43.9834153782256
143100,44.0950337675641
143200,44.1388015823117
143300,44.2905068026618
143400,44.3134783597877
143500,44.3165567082399
143600,44.2303732627962
143700,44.1750599354469
143800,44.2229923531694
143900,44.1303909956728
144000,44.0701549007958
144100,44.0386374358146
144200,43.9443023385755
144300,43.9028382103299
144400,43.8019218913945
144500,43.7163347545113
144600,43.6703999394775
144700,43.6943782548912
144800,43.6035836673956
144900,43.5393948989295
145000,43.3812934446768
145100,43.3267334107541
145200,43.2519664211789
145300,43.1540901598351
145400,43.1645147589232
145500,43.1278725694967
145600,43.0920990920569
145700,43.0975364072793
145800,43.0107216639829
145900,43.0543175303545
146000,43.1455152827578
146100,43.0469512440944
146200,43.1041730072291
146300,43.1031355160447
146400,43.1570503792004
146500,43.1987964097513
146600,43.26191011646
146700,43.2710494587046
146800,43.2991452238052
146900,43.273531250222
147000,43.3714876977096
147100,43.4117880433878
147200,43.443763005446
147300,43.5225083294723
147400,43.5497572635116
147500,43.5385566379229
147600,43.5781212932604
147700,43.5482475632235
147800,43.6627200405794
147900,43.7036609186353
148000,43.718984814863
148100,43.7958555039385
148200,43.7653804484432
148300,43.7632440450678
148400,43.7347199098178
148500,43.7743297565451
148600,43.7914069034475
148700,43.7591818028557
148800,43.8297997697328
148900,43.8711111325425
149000,43.8600465213194
149100,43.8347873058936
149200,43.8307043070702
149300,43.774442011906
149400,43.7266975282045
149500,43.7769818065153
149600,43.7703623650899
149700,43.7795543746099
149800,43.6850178067848
149900,43.5529587975681
150000,43.334812602393
150100,43.3451083867292
150200,43.2910370235011
150300,43.3012302599791
150400,43.359788853836
150500,43.3871569027171
150600,43.4108568785324
150700,43.3518949799941
150800,43.2074865486138
150900,43.18320476918
151000,43.1939553235838
151100,43.1061063182418
151200,43.085378316016
151300,43.1084726110755
151400,43.1783944660919
151500,43.1922726702563
151600,43.1652243646591
151700,43.1833619444877
151800,43.1400868580714
151900,43.1289653435925
152000,43.2458035183774
152100,43.1789140127512
152200,43.2093538335266
152300,43.2174350946378
152400,43.1316288598928
152500,43.0599335649902
152600,43.0008145077961
152700,43.04024398295
152800,43.1799842135015
152900,43.2088133569264
153000,43.1467069977633
153100,43.1864951743994
153200,43.2166809062708
153300,43.224502822767
153400,43.1826124333375
153500,43.1535523832124
153600,43.1204257483275
153700,43.0484953016435
153800,42.9519780561077
153900,43.0055626019234
154000,43.0476994417793
154100,43.110316582488
154200,43.1291123816471
154300,43.1803489740636
154400,43.2598430490879
154500,43.2759146448738
154600,43.2562655048827
154700,43.2163849998469
154800,43.132113167
154900,43.1068789715324
155000,43.1761434379311
155100,43.1639695165562
155200,43.0813162689052
155300,43.0204178516909
155400,42.908226828718
155500,42.8715160658367
155600,42.7701485309292
155700,42.7839870936431
155800,42.8239549759451
155900,42.7617600249012
156000,42.7242771300623
156100,42.7807018755726
156200,42.8148887344463
156300,42.7945224030831
156400,42.772990441315
156500,42.7467432412476
156600,42.7612698251514
156700,42.7856168327007
156800,42.7970637757753
156900,42.8099774064458
157000,42.8120738357912
157100,42.8619593789967
157200,42.8593536413139
157300,42.8358609098942
157400,42.9037115549728
157500,42.8469376747364
157600,42.9404632711948
157700,42.8536892706114
157800,42.8596785565222
157900,42.8992838529321
158000,42.8440275621452
158100,42.7395561453845
158200,42.7039158002508
158300,42.5957993485586
158400,42.5106213802174
158500,42.4876641460023
158600,42.4668861537315
158700,42.4256121985818
158800,42.3884636570451
158900,42.3298261022986
159000,42.1728361814019
159100,42.0928446184302
159200,42.0735662317366
159300,42.0863227340579
159400,42.0388586212784
159500,42.1122427162397
159600,42.1632786168553
159700,42.200690142172
159800,42.1810414287735
159900,42.1624071111179
160000,42.2195692937292
160100,42.2871928501809
160200,42.3125692561201
160300,42.3985254075333
160400,42.4756781639617
160500,42.480194748494
160600,42.4242300263187
160700,42.5000803195517
160800,42.5006170695254
160900,42.5218066853509
161000,42.648903719743
161100,42.7466817345537
161200,42.8264861886667
161300,42.8688037403851
161400,42.7742996173908
161500,42.7716703690802
161600,42.7577260084012
161700,42.7726571357917
161800,42.8326530785972
161900,42.8562393288692
162000,42.8760058037032
162100,42.7859682290668
162200,42.7322415734304
162300,42.7445309473861
162400,42.705690537328
162500,42.7606732918818
162600,42.8309992169139
162700,42.768459299053
162800,42.7955520192183
162900,42.8387043547534
163000,42.8034143723322
163100,42.7754639190416
163200,42.7404538283985
163300,42.7284617497181
163400,42.8334313793155
163500,42.8787896781673
163600,42.8910789291638
163700,42.9355205066108
163800,42.9213285235062
163900,42.9902003871572
164000,43.0010746336227
164100,43.1066172535332
164200,43.1311750407653
164300,43.1032839239517
164400,43.1644884523041
164500,43.0619238623423
164600,43.0991844527601
164700,43.1476671502116
164800,43.2236738508159
164900,43.0943797113716
165000,43.1345520568211
165100,43.1570656290486
165200,43.1697758495338
165300,43.1810662388293
165400,43.1663614189875
165500,43.0174450669964
165600,43.0262797428102
165700,43.0013223956745
165800,43.0523959225897
165900,43.0618601945768
166000,43.0675486098758
166100,43.0671573907852
166200,43.0708270102355
166300,43.0282900464422
166400,42.908776556314
166500,42.9495391533248
166600,42.9455053952731
166700,42.9925899621622
166800,42.9463022497058
166900,43.0400379894109
167000,43.0339504972503
167100,42.9588115905569
167200,42.9882028456305
167300,43.0525760371455
167400,43.2044464249517
167500,43.2793806311595
167600,43.3017405461422
167700,43.3053371756461
167800,43.3344794601733
167900,43.2719934513727
168000,43.2392193958492
168100,43.0809414868601
168200,43.0422285597394
168300,43.0571984658717
168400,43.1429776177008
168500,43.14892924341
168600,43.1219700491233
168700,43.0753823021482
168800,42.9785911765385
168900,42.9614873144669
169000,42.9442091723283
169100,43.0301156597141
169200,43.0236435494528
169300,42.9044848137141
169400,42.830733499009
169500,42.8847531783349
169600,42.8670862751809
169700,42.8797916897325
169800,42.8259398312598
169900,42.9211299500766
170000,42.9446314908119
170100,43.0488151255015
170200,43.1408287145216
170300,43.1071326401784
170400,43.1451446793321
170500,43.1508514139263
170600,43.2760924990634
170700,43.2476964632495
170800,43.321648640946
170900,43.3262388506002
171000,43.351610112135
171100,43.3236884077922
171200,43.3343993489221
171300,43.3556345143714
171400,43.3790027345843
171500,43.3792459168113
171600,43.409873659328
171700,43.4159666319087
171800,43.5152145525745
171900,43.4307121419248
172000,43.4235630476845
172100,43.4618388065046
172200,43.4953262780238
172300,43.5778890184869
172400,43.6346980955288
172500,43.6293676213791
172600,43.5570863895735
172700,43.5662564009755
172800,43.6216342330814
172900,43.6076905333991
173000,43.7333532618715
173100,43.7705518022626
173200,43.7881770184154
173300,43.8226736727305
173400,43.7727413430354
173500,43.7286356486483
173600,43.6436889250056
173700,43.6170060448401
173800,43.5412798483127
173900,43.5929483259298
174000,43.5676937926696
174100,43.5670069615897
174200,43.5496576212274
174300,43.5790181170453
174400,43.4999805176329
174500,43.5123408918267
174600,43.4981898648743
174700,43.5165438469413
174800,43.4530647398853
174900,43.4551054603552
175000,43.3451070181295
175100,43.2938600402048
175200,43.2019359391121
175300,43.246063089649
175400,43.2771551631165
175500,43.3325262101629
175600,43.4656013215176
175700,43.5240228638565
175800,43.5866725653007
175900,43.5796888506298
176000,43.5643527319335
176100,43.5012781022162
176200,43.4204677937843
176300,43.3966852963929
176400,43.4725053823032
176500,43.410171736577
176600,43.4079470547582
176700,43.3727533063569
176800,43.361902098116
176900,43.2422716171338
177000,43.1898521050043
177100,43.1640666342174
177200,43.1922001617463
177300,43.1140363420788
177400,43.1221987475206
177500,43.1107692568483
177600,43.0419236238103
177700,42.9898439620439
177800,42.9146641359754
177900,42.9548924748775
178000,42.9610333379732
178100,42.98865423047
178200,42.9980962091161
178300,42.9869935121827
178400,42.8922794408319
178500,42.9158277300164
178600,42.8086326465044
178700,42.787163301067
178800,42.8023757886504
178900,42.9004257197289
179000,43.0186417659841
179100,42.9896113196102
179200,42.9099470477108
179300,42.8993523171377
179400,42.9411319712367
179500,42.9998101457996
179600,43.0019963796482
179700,42.9855402208623
179800,43.0217498105696
179900,43.0033291391432
180000,43.0315774398068
180100,43.0186422322068
180200,43.0524229945922
180300,43.1024271228856
180400,43.2484913278709
180500,43.2403828081856
180600,43.3173651212333
180700,43.2798979069409
180800,43.2604860654417
180900,43.2734594241159
181000,43.2289996803355
181100,43.2048344702679
181200,43.2881260401932
181300,43.2890632195174
181400,43.2458482760547
181500,43.167232367425
181600,43.2187738369893
181700,43.1455330073088
181800,43.1081610648321
181900,43.0586240392093
182000,43.0221639722817
182100,42.9846001215547
182200,42.9642423654315
182300,42.9711456925675
182400,42.8907791580545
182500,42.7491609243494
182600,42.7095615211164
182700,42.7236621882374
182800,42.7848015988321
182900,42.7731395536902
183000,42.774180394525
183100,42.8150434208034
183200,42.8085479909823
183300,42.7319312563037
183400,42.7452573944523
183500,42.735373084118
183600,42.6422831816666
183700,42.7381550339211
183800,42.7107593612429
183900,42.6989473289409
184000,42.7180248479816
184100,42.71273531248
184200,42.640849419192
184300,42.5496276277361
184400,42.4804233708775
184500,42.6203154557718
184600,42.4568138565655
184700,42.3466327535487
184800,42.1378665294036
184900,42.0834353583198
185000,42.0093694638247
185100,41.8245379055277
185200,41.6487629785382
185300,41.6453292116743
185400,41.7175840232923
185500,41.5478756668928
185600,41.4295475338448
185700,41.3238340065495
185800,41.1919932415587
185900,41.126766423107
186000,41.0537592321322
186100,41.0578821228485
186200,41.1488118619618
186300,41.2784969052021
186400,41.3920586707789
186500,41.4330219688649
186600,41.4392596892107
186700,41.415656959534
186800,41.5665939102352
186900,41.5450656409626
187000,41.5796731259553
187100,41.6411463901271
187200,41.6950047550235
187300,41.6249359328003
187400,41.5889101360046
187500,41.7323745273996
187600,41.8674350355351
187700,41.9490132204129
187800,42.1394386861339
187900,42.3168966985264
188000,42.3709249477635
188100,42.2719608733085
188200,42.2444668219393
188300,42.2576482373007
188400,42.2286059227878
188500,42.110704354064
188600,42.3672528235024
188700,42.4622632784523
188800,42.4142912537635
188900,42.5614276201707
189000,42.7132863532387
189100,42.7832767980341
189200,42.7277448198202
189300,42.7818015765913
189400,42.7504034777638
189500,42.7153806818768
189600,42.6415677515643
189700,42.6395051309471
189800,42.5209905061764
189900,42.4230003457838
190000,42.4170336013365
190100,42.4828492791003
190200,42.5254604074769
190300,42.4863189960985
190400,42.5822902471082
190500,42.6648511177318
190600,42.6587925748036
190700,42.8127022765179
190800,42.9377943510224
190900,42.9401791083737
191000,43.0125947987118
191100,43.1026726013745
191200,43.1050023757667
191300,43.0054087820938
191400,42.9220506463709
191500,42.8889830424395
191600,42.9419194054185
191700,42.870511359054
191800,42.8409801871066
191900,42.8644722706501
192000,42.8055389509061
192100,42.8172149944457
192200,42.6698196489817
192300,42.6315325300047
192400,42.5859185583317
192500,42.6287743707067
192600,42.6403500835352
192700,42.5583095277952
192800,42.5170226564888
192900,42.5054573682293
193000,42.4416776807886
193100,42.4128644532783
193200,42.4059623224163
193300,42.4392148453649
193400,42.3655299269651
193500,42.3050872172587
193600,42.2530649544179
193700,42.3550287681654
193800,42.3832007008268
193900,42.4414646688337
194000,42.4809514026075
194100,42.4693533701928
194200,42.5457060100587
194300,42.5588755693535
194400,42.5812394941876
194500,42.5046223140495
194600,42.554677733172
194700,42.598203984087
194800,42.666886385364
194900,42.6568634227087
195000,42.7339030811014
195100,42.7706980635208
195200,42.744539267884
195300,42.7643731565456
195400,42.8361570091871
195500,42.8912689006842
195600,42.8699363519068
195700,42.7650643209497
195800,42.7708059336918
195900,42.7533902284227
196000,42.7178478565061
196100,42.749309145447
196200,42.7952474473879
196300,42.8457983392046
196400,42.9588708901536
196500,43.0650621093644
196600,42.9700370769123
196700,42.8982716718485
196800,42.8636541193016
196900,42.9023149004493
197000,42.8797892728193
197100,42.8118889815951
197200,42.7494761022983
197300,42.6882961387898
197400,42.6537113620515
197500,42.5948580715565
197600,42.5677740451436
197700,42.6036402965729
197800,42.61499406926
197900,42.5979365281614
198000,42.5957281305448
198100,42.5250609221101
198200,42.4777780527213
198300,42.385433508437
198400,42.2672422263522
198500,42.2389896049753
198600,42.1658317214862
198700,42.2258040246174
198800,42.1253309329962
198900,42.0917965249866
199000,42.0536213576921
199100,42.0198612176894
199200,42.0680224771551
199300,42.0026297748069
199400,41.9956423671796
199500,42.0512357650414
199600,42.1471227739043
199700,42.1973430844044
199800,42.2349955169033
199900,42.1942519226785
200000,42.1830728487391
200100,42.176776488508
200200,42.2487786893537
200300,42.3585572235654
200400,42.4162999403009
200500,42.4305257683363
200600,42.5120869849552
200700,42.5080611914643
200800,42.6120393298143
200900,42.7110193215844
201000,42.6969050333625
201100,42.7582433804899
201200,42.7648074580794
201300,42.9046586158513
201400,43.0455821725687
201500,43.1556601530532
201600,43.1600634872511
201700,43.1883566690057
201800,43.2182121600719
201900,43.2600976142328
202000,43.2371234889287
202100,43.3123472279111
202200,43.2719292055311
202300,43.172021339041
202400,43.1382565737339
202500,43.1776684584223
202600,43.2821499892791
202700,43.3273981528704
202800,43.455966802231
202900,43.5039352053761
203000,43.6099712696898
203100,43.6370402096691
203200,43.644313655127
203300,43.6717944758923
203400,43.6601260638646
203500,43.6189951776474
203600,43.6337775743782
203700,43.6321991865644
203800,43.6387673199118
203900,43.7808649987805
204000,43.8302238108295
204100,43.8060275503119
204200,43.8489458085595
204300,43.9234126401765
204400,44.0070178595982
204500,44.0333732401938
204600,44.078901428349
204700,44.0760792325334
204800,44.1065474669542
204900,44.1073006608747
205000,44.1069242273928
205100,44.1397958344258
205200,44.1428767622107
205300,44.1033529171603
205400,44.0513109598032
205500,44.0811788642593
205600,44.0792166046877
205700,44.0671642839596
205800,44.0378374135262
205900,43.9237729309237
206000,43.8760366392209
206100,43.9151838753556
206200,43.917933150792
206300,43.9046460125011
206400,43.9088789620554
206500,43.9277766129579
206600,43.9240471434494
206700,43.8638312814231
206800,43.8361252904338
206900,43.8399673167647
207000,43.8707914245187
207100,43.8215707432524
207200,43.8063645458404
207300,43.8161444295376
207400,43.7938459790483
207500,43.7638467032999
207600,43.7751421885939
207700,43.6573591091514
207800,43.3243957899408
207900,43.2031790275164
208000,43.2274460583027
208100,43.1786184084969
208200,43.0138781107359
208300,42.8359895988093
208400,42.8347783374817
208500,42.8112540594572
208600,42.7820589224013
208700,42.5330777520926
208800,42.4740265074323
208900,42.483346806142
209000,42.4430350471712
209100,42.4743441879101
209200,42.3504233206713
209300,42.4700433882854
209400,42.5787186690103
209500,42.7214677748955
209600,42.8720161318942
209700,42.8862653463857
209800,42.8939838604222
209900,42.878650448044
210000,43.0489541198936
210100,43.2767942580678
210200,43.4233048768282
210300,43.3832234041983
210400,43.3998614116122
210500,43.4575248725108
210600,43.4914223044359
210700,43.5768192228338
210800,43.5706497129539
210900,43.5706936582684
211000,43.5693719553875
211100,43.614665953849
211200,43.7369126477906
211300,43.756245935665
211400,43.7994194422797
211500,43.8570487376353
211600,43.8310994088475
211700,43.8979452186346
211800,43.9724202003075
211900,43.9898300835856
212000,43.8188386313533
212100,43.7404370484477
212200,43.6094081163118
212300,43.6851884744879
212400,43.6604885843992
212500,43.6624828576392
212600,43.6616489039085
212700,43.541673739471
212800,43.4847729362536
212900,43.4251238104062
213000,43.3808859891696
213100,43.3189061118607
213200,43.3019015616548
213300,43.281917262104
213400,43.2384724546423
213500,43.1700964277885
213600,43.1837666620929
213700,43.2172661833577
213800,43.1254855980553
213900,43.0863628479008
214000,43.0876888149486
214100,43.0217981180683
214200,43.0491792065507
214300,43.0529822048568
214400,43.0312218109733
214500,42.983002263883
214600,42.9535416559449
214700,42.9592735867961
214800,42.9491356497287
214900,42.9769242170744
215000,43.0688372102496
215100,43.2298814727167
215200,43.1989969471234
215300,43.1392132914203
215400,43.1251047217266
215500,43.1998499803712
215600,43.2173424421126
215700,43.0854036254209
215800,43.0975041420882
215900,43.2087846448267
216000,43.1805091329207
216100,43.1650618834561
216200,43.1588307694119
216300,43.2011478291955
216400,43.227138248196
216500,43.1878565822759
216600,43.191194895193
216700,43.3092530578764
216800,43.3092025152448
216900,43.2355575979664
217000,43.2244334484585
217100,43.10445444391
217200,43.0787141120271
217300,43.1273123694031
217400,43.1027742270685
217500,43.0761506347593
217600,42.9739647699028
217700,43.0409339050078
217800,42.9652109447286
217900,42.9275724930466
218000,42.9410879943351
218100,43.0117267835708
218200,43.0010381890441
218300,43.0201781488045
218400,42.9822975226114
218500,42.9372849152092
218600,42.9705497244369
218700,42.9765262467764
218800,42.989937594828
218900,43.0595780912948
219000,43.1074877469282
219100,43.1666081931021
219200,43.2980372241045
219300,43.3623637631218
219400,43.3200769997363
219500,43.3218636947894
219600,43.4086720289716
219700,43.4570136445916
219800,43.5414694953547
219900,43.5938936678555
220000,43.6487544288973
220100,43.6822307731475
220200,43.682824540583
220300,43.6848873537757
220400,43.7773203999081
220500,43.8038908782817
220600,43.7839665424213
220700,43.7769554178294
220800,43.8327771373982
220900,43.8811999183102
221000,43.9381758607213
221100,43.9085260735946
221200,43.7669032742386
221300,43.7209707684777
221400,43.7644461283798
221500,43.8035492632699
221600,43.8807440131284
221700,43.8364347498996
221800,43.9041404562678
221900,43.9541708581121
222000,44.0170882257307
222100,44.0280520133136
222200,44.0221676646212
222300,43.9851014029201
222400,43.9135934088877
222500,43.9672820042204
222600,43.9110229372629
222700,43.915582360109
222800,43.8611898303887
222900,43.8126588286505
223000,43.7375773369736
223100,43.7201007785332
223200,43.7647134780005
223300,43.7223555365955
223400,43.7779379342749
223500,43.7811200689757
223600,43.7342106642931
223700,43.8428088099544
223800,43.8450413142564
223900,43.8073926607157
224000,43.7554265902879
224100,43.7133983582311
224200,43.6792692105003
224300,43.6648038445679
224400,43.545321824987
224500,43.481607370818
224600,43.493293732197
224700,43.3799378560984
224800,43.3581156765038
224900,43.2214482152501
225000,43.0774396977259
225100,42.9869833292563
225200,42.9701128423023
225300,42.9460159374686
225400,42.8991086589595
225500,42.8356983193159
225600,42.8438575629228
225700,42.8375217862476
225800,42.8363281600404
225900,42.8467464554838
226000,42.8116700334177
226100,42.8089797697616
226200,42.7460805654746
226300,42.7307249776953
226400,42.7849358531912
226500,42.8022173215108
226600,42.8338926647601
226700,42.8553530179266
226800,42.8950235098716
226900,42.9444521995643
227000,43.0145929233979
227100,43.1616342072342
227200,43.1663572655871
227300,43.1824285665175
227400,43.2446181367833
227500,43.3437957087167
227600,43.2731743905963
227700,43.2417583884217
227800,43.2578620370533
227900,43.2025353028492
228000,43.2057667675204
228100,43.2169107802103
228200,43.2528888197459
228300,43.2748130778542
228400,43.2428012095259
228500,43.2727184830677
228600,43.2662974010552
228700,43.3142335005926
228800,43.2268164815869
228900,43.2901133124751
229000,43.3536193605006
229100,43.2308179626658
229200,43.1737020747958
229300,43.1260483384107
229400,43.0359538790584
229500,43.0218367840551
229600,42.9981334789885
229700,42.8712893464645
229800,42.7381682034044
229900,42.7041372298078
230000,42.6793460894031
230100,42.5888651078329
230200,42.6012112433666
230300,42.5458576497093
230400,42.5494073284435
230500,42.5656396695209
230600,42.5884576020459
230700,42.5991292971914
230800,42.6036046292947
230900,42.5236726295877
231000,42.557311090155
231100,42.5324879389857
231200,42.479260353962
231300,42.5297097414631
231400,42.5463287787609
231500,42.4545840075789
231600,42.4776345171433
231700,42.5417245618228
231800,42.5148225103421
231900,42.5460199321719
232000,42.5015343993723
232100,42.4969135452695
232200,42.4482262145402
232300,42.5047039841884
232400,42.5047231002653
232500,42.4741661900897
232600,42.4543028619836
232700,42.4450500847364
232800,42.5202644353477
232900,42.5308300684088
233000,42.5134954615798
233100,42.6017570206668
233200,42.7258679020109
233300,42.7395767005839
233400,42.7606470618844
233500,42.8103426183156
233600,42.9155560790151
233700,42.9856868332826
233800,43.0671905589931
233900,43.1219859646284
234000,43.1943826340094
234100,43.2417580566981
234200,43.240199737328
234300,43.2173796808901
234400,43.2109103762148
234500,43.1867415772158
234600,43.1532632811218
234700,43.2206548575718
234800,43.2242289010456
234900,43.2553791834151
235000,43.2113960597339
235100,43.2315141072127
235200,43.1477704154373
235300,43.1043535369761
235400,42.9991034188328
235500,42.9996309106216
235600,42.9162192191317
235700,42.6928645085941
235800,42.6264457549721
235900,42.5903565081685
236000,42.6962325881378
236100,42.7297204332018
236200,42.6859889490124
236300,42.592203571902
236400,42.5244369730675
236500,42.484875638443
236600,42.5092806129262
236700,42.4967245486681
236800,42.4600759595536
236900,42.4434517386523
237000,42.5039177301772
237100,42.4661606395464
237200,42.5340411590213
237300,42.5347168798288
237400,42.6575134266637
237500,42.6606039891538
237600,42.6999801186149
237700,42.8958302813701
237800,43.004602467859
237900,43.0683304814143
238000,43.0080975351175
238100,43.0815186140906
238200,43.1391976801347
238300,43.2570812345783
238400,43.3565262504923
238500,43.446556500708
238600,43.4714896698764
238700,43.3922722210797
238800,43.4839432776591
238900,43.4814432767045
239000,43.5078362063076
239100,43.529501200064
239200,43.5297853159651
239300,43.5629979938469
239400,43.5570606629769
239500,43.605272759532
239600,43.5895163548028
239700,43.6577342164141
239800,43.6849743838637
239900,43.7381133783256
240000,43.8647737840036
240100,43.799313470578
240200,43.8767766748806
240300,43.8975070650548
240400,43.9134172400747
240500,43.8800682883213
240600,43.8922873745568
240700,43.8999144418267
240800,43.7598036210388
240900,43.7519595468571
241000,43.7556301226066
241100,43.7143003931338
241200,43.6455077053607
241300,43.6057366054707
241400,43.5450182302792
241500,43.492796363727
241600,43.4842348496698
241700,43.320899281048
241800,43.1984558735921
241900,43.1135877583152
242000,42.9537079453157
242100,42.9418458313191
242200,42.8882644052169
242300,42.8137316334678
242400,42.7689848925051
242500,42.7588136132459
242600,42.703906007415
242700,42.7130227328381
242800,42.8492175309468
242900,42.8732124674525
243000,42.8711416533274
243100,42.9036795218999
243200,42.9546367409129
243300,43.0300624073305
243400,43.1110588357275
243500,43.1410546720574
243600,43.1708709948852
243700,43.3120581577794
243800,43.4176354053999
243900,43.4592307157943
244000,43.5003793324384
244100,43.5570780645741
244200,43.5583266966658
244300,43.5507253584648
244400,43.6400625073077
244500,43.6729138798228
244600,43.7695647150936
244700,43.8910109573577
244800,43.795515857865
244900,43.8975000319231
245000,43.8796475920806
245100,43.8968152513794
245200,43.9502957463344
245300,43.9691023464122
245400,44.0075868437489
245500,44.0513766133936
245600,44.0003215492855
245700,43.9058955701599
245800,43.8703867174872
245900,43.8982648853397
246000,43.9466322811549
246100,43.9047756669268
246200,43.8874355945459
246300,43.9205115432276
246400,43.8065806455364
246500,43.7258530036409
246600,43.7524554075432
246700,43.7252889440391
246800,43.8367919344888
246900,43.7873032238898
247000,43.7921351765838
247100,43.8117274927331
247200,43.7679792024813
247300,43.7503482007687
247400,43.6764111013437
247500,43.7296325070621
247600,43.7781728812552
247700,43.7504570915343
247800,43.7357810500446
247900,43.7327805585581
248000,43.6687479350631
248100,43.7250333014505
248200,43.7194734765279
248300,43.7324881895321
248400,43.7514205601984
248500,43.813630896684
248600,43.7503781361354
248700,43.7352596539055
248800,43.6953249417775
248900,43.6518188557375
249000,43.4769528568946
249100,43.4338988350071
249200,43.4486544869562
249300,43.437761067299
249400,43.4534958811358
249500,43.4302314572046
249600,43.4668001127597
249700,43.4669653305
249800,43.4715588373432
249900,43.4020435711141
250000,43.3716822311321
250100,43.3118262483627
250200,43.2720262445928
250300,43.244062967845
250400,43.2257810202638
250500,43.1760872779507
250600,43.1794653815359
250700,43.1559576429368
250800,43.1702148134383
250900,43.2340904561797
251000,43.4058484456804
251100,43.4068678861322
251200,43.3921156943615
251300,43.399912284806
251400,43.3974814005049
251500,43.397522529852
251600,43.3692215944759
251700,43.3681712561125
251800,43.4077509492692
251900,43.3902009460734
252000,43.4039908650494
252100,43.4328962286816
252200,43.3776411582099
252300,43.3180811207775
252400,43.359505700623
252500,43.4115771679739
252600,43.4121634523299
252700,43.4149771168897
252800,43.3876794001411
252900,43.3799724373789
253000,43.3184518906385
253100,43.3219504070651
253200,43.330450582095
253300,43.2962433412425
253400,43.2150620959289
253500,43.2743835419295
253600,43.3121573383006
253700,43.3358774759689
253800,43.3269025523225
253900,43.3399958057916
254000,43.3506208254351
254100,43.3930357730636
254200,43.3358143665272
254300,43.4044330230225
254400,43.4014165473076
254500,43.3759847341068
254600,43.372043359565
254700,43.3526098938257
254800,43.3643260135326
254900,43.3906763048798
255000,43.4589367820774
255100,43.4277325124369
255200,43.3341991956062
255300,43.3458319781028
255400,43.4307179143911
255500,43.3508974750177
255600,43.2598480965457
255700,43.246637280571
255800,43.1532272023157
255900,43.2384155216529
256000,43.252550412003
256100,43.1987509967161
256200,43.1658345080194
256300,43.1344640291431
256400,43.1206440906164
256500,43.0796280405863
256600,43.0007980226849
256700,42.905630904464
256800,42.8595071946855
256900,42.8106559965788
257000,42.7550073418856
257100,42.7169251104965
257200,42.7665572860994
257300,42.7327240958296
257400,42.725905564794
257500,42.7076536719021
257600,42.6522446825164
257700,42.6354529548934
257800,42.6505354527449
257900,42.6142099174861
258000,42.5779044425945
258100,42.6113594347972
258200,42.8390439954604
258300,42.8401515149498
258400,42.830336905159
258500,42.8389716537211
258600,42.9128867294951
258700,42.9282382574305
258800,42.8926656814534
258900,42.797291891341
259000,42.7507530160515
259100,42.7599857155105
259200,42.8055300492158
259300,42.7820293405012
259400,42.6516443561544
259500,42.5469770839498
259600,42.539903175487
259700,42.5153435697422
259800,42.5727316300767
259900,42.5060883390286
260000,42.5180662650645
260100,42.4874163292356
260200,42.4573414067345
260300,42.4510454778022
260400,42.3684274761241
260500,42.383394677898
260600,42.4199041963878
260700,42.4999761355545
260800,42.6063853834653
260900,42.6165504326825
261000,42.5962488459912
261100,42.6688790476965
261200,42.5498663873265
261300,42.5813420892162
261400,42.6644370214937
261500,42.7082648491454
261600,42.7474647348018
261700,42.7938771347398
261800,42.8135057282507
261900,42.892919911422
262000,42.9353052497464
262100,42.884025272348
262200,42.8718588441714
262300,42.8334953099921
262400,42.9155060809484
262500,42.9259620534957
262600,42.9314212856272
262700,42.866587377806
262800,42.8583483611191
262900,42.9475229007693
263000,42.9932194243882
263100,42.983896678259
263200,43.0401097921078
263300,43.0372103468132
263400,43.0917508363092
263500,43.1350441420229
263600,43.1776703291168
263700,43.1787123922115
263800,43.1422919120251
263900,43.1768016824925
264000,43.149024659485
264100,43.234755279156
264200,43.2194598329713
264300,43.2277685575526
264400,43.3118379348296
264500,43.3051765136078
264600,43.3070501874152
264700,43.3701921551127
264800,43.3689793303398
264900,43.3200498871473
265000,43.26080669153
265100,43.2856299844434
265200,43.329726680907
265300,43.3228248758464
265400,43.2723542576752
265500,43.2668815270722
265600,43.2488652391797
265700,43.2882030858197
265800,43.2728078578223
265900,43.2571448447617
266000,43.2266467269627
266100,43.1841534439914
266200,43.1905478435588
266300,43.1838069843697
266400,43.0932817010519
266500,43.0818574325774
266600,43.0219184373717
266700,42.9425691370237
266800,42.9414358118179
266900,42.9323375731877
267000,42.8943659788772
267100,42.8255572939543
267200,42.7628005309735
267300,42.8020904040685
267400,42.8623206343872
267500,42.8698911755847
267600,42.8420236696159
267700,42.816287037261
267800,42.821629941434
267900,42.8170097922132
268000,42.841183053116
268100,42.8374322831967
268200,42.8326928383435
268300,42.8160830660787
268400,42.8554866933955
268500,42.8184294709199
268600,42.7555234656813
268700,42.7634305414085
268800,42.7628491463749
268900,42.7651732266826
269000,42.8163696856234
269100,42.8037876511077
269200,42.795879011682
269300,42.7542439669166
269400,42.6998316891154
269500,42.6169819716219
269600,42.5897574818136
269700,42.541041515698
269800,42.4987479918823
269900,42.3889254856618
270000,42.4387166302739
270100,42.4813198172025
270200,42.4321519608067
270300,42.4811734462765
270400,42.4396698944763
270500,42.449478469505
270600,42.437105529889
270700,42.4705958429373
270800,42.4381829351529
270900,42.328135365242
271000,42.3335216156595
271100,42.3690011894864
271200,42.3419001937474
271300,42.3599894941584
271400,42.366140478459
271500,42.4452300008487
271600,42.4975557368701
271700,42.5705871919317
271800,42.6538638733353
271900,42.7559304489689
272000,42.7727936135433
272100,42.7742928759242
272200,42.9223841471336
272300,42.9357099830918
272400,42.9211388818387
272500,42.9569311480948
272600,42.9682283541494
272700,43.0007162145241
272800,43.0141606680501
272900,43.1148671274326
273000,43.141089679736
273100,43.12476453557
273200,43.1394446839268
273300,43.1351189344338
273400,43.1794240506932
273500,43.1599525206498
273600,43.143734521777
273700,43.1677468792588
273800,43.1798714600359
273900,43.1603912518967
274000,43.0415582270608
274100,43.0275630906808
274200,42.9960898213955
274300,42.9552626052654
274400,42.9333063768441
274500,42.9477338681352
274600,42.9569999427518
274700,42.9076164507302
274800,42.936140109794
274900,42.8513833130808
275000,42.8512402101798
275100,42.8378678011144
275200,42.8565325561598
275300,42.8794686366887
275400,42.8834287912238
275500,42.889349247605
275600,42.8987769287697
275700,42.8981408160788
275800,42.8816557355885
275900,42.9119304029159
276000,42.9867866650192
276100,43.05963381623
276200,43.0033368489023
276300,43.0390271912202
276400,43.149364775355
276500,43.1701479477453
276600,43.2357119293562
276700,43.205446413548
276800,43.0701487708518
276900,43.1821397334779
277000,43.1167615556123
277100,43.2101583593739
277200,43.1845140242755
277300,43.172543232527
277400,43.1587417132479
277500,43.1447537036626
277600,43.1756811872872
277700,43.1600266480073
277800,43.1739988409995
277900,43.1554463756642
278000,43.1530663145172
278100,43.1451567303976
278200,43.2093807128787
278300,43.2185267600475
278400,43.2072965956917
278500,43.2668891278375
278600,43.2810980685412
278700,43.3784912936682
278800,43.5711096662489
278900,43.5983739253872
279000,43.7094543712865
279100,43.6756993945033
279200,43.7615685499363
279300,43.8129960260601
279400,43.848385625742
279500,43.8751330982619
279600,43.8485580582574
279700,43.7809499455834
279800,43.7623141291234
279900,43.7608824312056
280000,43.7475035158576
280100,43.6700517638222
280200,43.6142080072434
280300,43.5471195990381
280400,43.4963366581787
280500,43.4830696474415
280600,43.4241973275486
280700,43.3942520389984
280800,43.317061181954
280900,43.2916858919483
281000,43.228050247263
281100,43.210163320892
281200,43.131240269488
281300,43.1041277804651
281400,43.0332858257654
281500,42.9858975595969
281600,42.889842586511
281700,42.9672115718931
281800,42.931934509204
281900,42.9203094619228
282000,42.8620242957464
282100,42.8292975196765
282200,42.796523102758
282300,42.8267718332861
282400,42.8406939741963
282500,42.8088760421905
282600,42.8510233800158
282700,42.9199563341609
282800,42.9185225513216
282900,42.941247614267
283000,43.0184759298613
283100,43.0420553645
283200,43.1208178380664
283300,43.1155343287489
283400,43.1143816205776
283500,43.1546051975947
283600,43.2117921040432
283700,43.2071119016358
283800,43.2027254080484
283900,43.1716958053976
284000,43.2731405280119
284100,43.2378415698544
284200,43.1304498507263
284300,43.1029641979465
284400,43.0656534165822
284500,42.9968736238716
284600,42.9530826103237
284700,42.8188919420564
284800,42.7930294211462
284900,42.7149583033948
285000,42.6085752087137
285100,42.5044142411564
285200,42.4892630941754
285300,42.4812525923655
285400,42.4364258593724
285500,42.377511302701
285600,42.2839305760104
285700,42.2879102294669
285800,42.306656531587
285900,42.3695106453897
286000,42.2971261730569
286100,42.3989439405019
286200,42.5035499319277
286300,42.5679581743646
286400,42.6414390557945
286500,42.7214473036372
286600,42.6898559335668
286700,42.7446583772646
286800,42.7963433798968
286900,42.8613078103441
287000,42.9222518501101
287100,43.033236757756
287200,42.943630493011
287300,42.9776553898069
287400,43.0340734761036
287500,43.0195134225376
287600,43.1065591798572
287700,43.0678403139882
287800,43.0939687814393
287900,43.047423486905
288000,43.0966985481189
288100,43.0293850215034
288200,43.0201811715881
288300,43.0159581418874
288400,43.0371295515307
288500,42.9825479660924
288600,43.0334969706919
288700,43.0214471780127
288800,42.9707086322556
288900,42.9230472463176
289000,42.8153812149338
289100,42.7720527347095
289200,42.7988920811094
289300,42.7539264422049
289400,42.7235545697112
289500,42.759529788444
289600,42.7660409751591
289700,42.7637932345182
289800,42.7439323780187
289900,42.7283363692613
290000,42.7612071337287
290100,42.8256942013261
290200,42.8704684831399
290300,42.8106941262652
290400,42.7693205509955
290500,42.7837142450617
290600,42.7697844521718
290700,42.7860269449299
290800,42.7307202415722
290900,42.7967003836779
291000,42.8693952904559
291100,42.887726415496
291200,42.8999098440713
291300,42.9730252845999
291400,42.9735442106035
291500,43.0183275934211
291600,42.9799439387718
291700,43.0412722358041
291800,43.0176058648291
291900,42.9807795601554
292000,42.9748097620378
292100,42.8605229423502
292200,42.8395433539698
292300,42.8340423095783
292400,42.8251888704666
292500,42.735197617721
292600,42.726767028226
292700,42.7097165812044
292800,42.8196722660326
292900,42.7722594536341
293000,42.8245553228329
293100,42.7585938054627
293200,42.7252469073002
293300,42.6802045548968
293400,42.704396750203
293500,42.6845233628735
293600,42.7480505543741
293700,42.7056681296755
293800,42.6863804506908
293900,42.7221479814642
294000,42.7376201405279
294100,42.861490605721
294200,42.9075275859502
294300,42.9020981309506
294400,42.9324074064309
294500,42.9531801889816
294600,42.9964176890484
294700,42.9729883243086
294800,42.9500355078707
294900,42.9083853921556
295000,42.8631153190048
295100,42.9628754553896
295200,43.0788408735222
295300,43.1051806096169
295400,43.1289353711768
295500,43.1856330198788
295600,43.1356044828705
295700,43.0647619771003
295800,43.0925468871879
295900,43.0997673717049
296000,43.0773720970654
296100,42.9740733163682
296200,42.8710847869331
296300,42.8951158659362
296400,42.8283084823825
296500,42.8779772593084
296600,42.8594731191646
296700,42.7225253293927
296800,42.668538795037
296900,42.6477750786179
297000,42.6572655123427
297100,42.6066237043967
297200,42.5610431233415
297300,42.5204091078497
297400,42.5442102650748
297500,42.5353409955029
297600,42.5687389628009
297700,42.6781791491654
297800,42.6641124194862
297900,42.7000549353672
298000,42.6520672830151
298100,42.6722520922781
298200,42.7647359794933
298300,42.7482354592256
298400,42.7726077690955
298500,42.8058717976566
298600,42.8204213453713
298700,42.9368036270955
298800,43.0053465438819
298900,43.124403643429
299000,43.0999354684362
299100,43.0002693946293
299200,42.8383975910351
299300,42.6031934944536
299400,42.5913832282753
299500,42.5862472608055
299600,42.6281610229637
299700,42.5075310704725
299800,42.4555011073054
299900,42.4420170419992
300000,42.5666784184848
300100,42.6977006286861
300200,42.6945127940333
300300,42.7498777572605
300400,42.8341399115886
300500,42.8446995822986
300600,42.924972898263
300700,43.1627211232
300800,43.3866699725788
300900,43.5395407216079
301000,43.6656339170692
301100,43.6861967494062
301200,43.6252462296138
301300,43.6644810051363
301400,43.6380993380779
301500,43.6066042157188
301600,43.521938149241
301700,43.4467825280731
301800,43.4232609139883
301900,43.3518014983848
302000,43.2741821641862
302100,43.3008241402128
302200,43.2172980119474
302300,43.0885835882
302400,43.0524500102474
302500,43.0057850861536
302600,42.9143940353502
302700,42.7994847262348
302800,42.7326421031563
302900,42.7156289221096
303000,42.6645944338855
303100,42.6025102726285
303200,42.6256851750457
303300,42.6184440523283
303400,42.5688865111175
303500,42.479564011458
303600,42.4345183346845
303700,42.5292537122651
303800,42.6528479169259
303900,42.6852029302893
304000,42.7172347116204
304100,42.6354757264121
304200,42.6712934735531
304300,42.7662964335105
304400,42.5847692504005
304500,42.632772540801
304600,42.6292913651809
304700,42.6892708602719
304800,42.6627122960453
304900,42.550360771673
305000,42.5268976185045
305100,42.5126746395149
305200,42.585254624503
305300,42.5615161886796
305400,42.6322619853608
305500,42.7041854358552
305600,42.7943958667717
305700,42.8635071234208
305800,42.9027181300665
305900,42.9391183854961
306000,42.9476503467234
306100,43.0644550319255
306200,43.1213906830348
306300,43.0929028064765
306400,43.2902412477024
306500,43.2568747007656
306600,43.3226290217655
306700,43.3306615604643
306800,43.3790582204241
306900,43.4852499183275
307000,43.5076087036832
307100,43.5916938338471
307200,43.5291039079284
307300,43.5274158497642
307400,43.5014926421965
307500,43.5300807983697
307600,43.4803949399497
307700,43.4303795763745
307800,43.3481946106509
307900,43.3478749326823
308000,43.360000390868
308100,43.3246597806267
308200,43.3272780315593
308300,43.313410399213
308400,43.2536605671007
308500,43.2767530052675
308600,43.2924517406372
308700,43.3004292360522
308800,43.2427098330465
308900,43.1803141937973
309000,43.1563947020239
309100,43.1296484459134
309200,43.1512793806451
309300,43.134583006703
309400,43.2037375630744
309500,43.1889802926901
309600,43.2432746673488
309700,43.1531236874903
309800,43.0799088006944
309900,43.0039183868243
310000,42.9428252233311
310100,42.8846417175891
310200,42.8205422650036
310300,42.8594268551606
310400,42.8807896427333
310500,42.8806675457675
310600,42.9047777161818
310700,42.8880581010567
310800,42.9696156908751
310900,43.0638507561242
311000,43.1203706750967
311100,43.1362193695985
311200,43.1395315864185
311300,43.1943290758984
311400,43.1402813683548
311500,43.1415671397019
311600,43.0671819105061
311700,43.179141830279
311800,43.2496820290841
311900,43.3275806613868
312000,43.3637099609953
312100,43.4131058965706
312200,43.5702763192619
312300,43.6207097825064
312400,43.6300679140868
312500,43.6594381546309
312600,43.6889915914826
312700,43.7534191419486
312800,43.7387062032034
312900,43.6853263856248
313000,43.6239626996063
313100,43.59771205125
313200,43.5177368583627
313300,43.5088266447536
313400,43.4469541817365
313500,43.4806222489063
313600,43.5486950720246
313700,43.4449850992917
313800,43.4297660337604
313900,43.4011981709754
314000,43.3840076963156
314100,43.3365854740123
314200,43.2591433789307
314300,43.2415206221645
314400,43.246025937707
314500,43.2309566545133
314600,43.177805731623
314700,43.1175340662588
314800,43.1020183471597
314900,43.1876274293804
315000,43.1826474974323
315100,43.1539506219737
315200,43.160785667372
315300,43.1861272296317
315400,43.2508221987722
315500,43.1899208590632
315600,43.0710420816748
315700,43.1125882828577
315800,43.0290622897161
315900,42.976407414967
316000,43.0054025247402
316100,42.9611034195595
316200,42.9032064915433
316300,42.9150589052343
316400,42.8620401957903
316500,42.9210230809956
316600,42.9355960441701
316700,42.9889649899824
316800,42.9697559950466
316900,42.9051870274056
317000,42.9347028115685
317100,42.9655291453006
317200,43.0324039252134
317300,43.0378889628452
317400,43.0176203708022
317500,43.1691176354868
317600,43.3083506196811
317700,43.2526175834178
317800,43.2065087392121
317900,43.2567271709513
318000,43.2052439159633
318100,43.2395350629348
318200,43.2062947573071
318300,43.184088190175
318400,43.1806625171863
318500,43.1356485996304
318600,43.1091488888101
318700,43.1182381068625
318800,43.1692167688067
318900,43.1966511168796
319000,43.1731011952346
319100,43.1629579298594
319200,43.1556629790154
319300,43.1505829590389
319400,43.1969860814944
319500,43.1466123082233
319600,43.1395764766363
319700,43.2029700347822
319800,43.2901507756938
319900,43.2624288972244
320000,43.29543355592
320100,43.3344463823163
320200,43.4102046106326
320300,43.451287459583
320400,43.5005306056277
320500,43.4905069175292
320600,43.3494658992954
320700,43.3307868436456
320800,43.2665137141291
320900,43.1951019160853
321000,43.1583186985596
321100,43.1556634870778
321200,43.1361976617721
321300,43.0589549487406
321400,43.0371453191536
321500,42.9984064725589
321600,42.964904844551
321700,42.9471711100939
321800,42.965006992642
321900,42.9379061368882
322000,42.9126907648109
322100,42.9039901369734
322200,42.8806907249991
322300,42.8245044373152
322400,42.8322867212254
322500,42.9068911306725
322600,42.9772091621045
322700,42.9267012632016
322800,42.9806149747736
322900,42.9940238304555
323000,43.031459607122
323100,43.0098656816446
323200,42.9769176079351
323300,43.0380955696614
323400,42.9981075866762
323500,42.9898001259373
323600,43.0089061226026
323700,43.0197046663009
323800,42.9365117713165
323900,42.9152252591371
324000,42.8882104615708
324100,42.8879353245023
324200,42.7935177011478
324300,42.8165843487099
324400,42.6999058838074
324500,42.6418054392985
324600,42.6739495579337
324700,42.7154518115757
324800,42.6543430506543
324900,42.6979838797881
325000,42.6636884484498
325100,42.6446415198965
325200,42.6258240605316
325300,42.6275880901051
325400,42.7132974403931
325500,42.7493713869682
325600,42.7337803711543
325700,42.7263910638313
325800,42.8310751795862
325900,42.8640460904575
326000,42.9147749768005
326100,42.8644170587672
326200,42.9376260645707
326300,42.9115271002354
326400,42.9746784340666
326500,43.0480470199868
326600,43.095840347116
326700,43.1095158502974
326800,43.1562441921467
326900,43.1312967574894
327000,43.1468190305358
327100,43.2022104999039
327200,43.2041436892824
327300,43.0882288626729
327400,43.0196497658163
327500,42.9916956874602
327600,42.9376471568306
327700,42.9849494129757
327800,42.8771636602417
327900,42.8668148433643
328000,42.7461810578312
328100,42.6720632146814
328200,42.6704284529032
328300,42.6811190714582
328400,42.7138778539134
328500,42.6786530645273
328600,42.6643146326921
328700,42.636447756457
328800,42.5825761427645
328900,42.5809197785819
329000,42.570207276534
329100,42.5618248065524
329200,42.6226822458551
329300,42.6926156117626
329400,42.7568548192701
329500,42.8305213980728
329600,42.9027184508501
329700,42.8347395669353
329800,42.9239573144279
329900,42.8962652538515
330000,43.0216154606738
330100,43.1326626305974
330200,43.2270807328476
330300,43.2833475350078
330400,43.3233984353495
330500,43.3101587862111
330600,43.241087658021
330700,43.3058914221188
330800,43.3620203342759
330900,43.359632926336
331000,43.3986982648001
331100,43.3786693697416
331200,43.3773481401
331300,43.3905100940403
331400,43.414235983772
331500,43.3825484621732
331600,43.3873984068152
331700,43.3873357272969
331800,43.3451102246053
331900,43.4111741296222
332000,43.3711697148127
332100,43.421163618096
332200,43.3973334866083
332300,43.3951388369543
332400,43.4575590272545
332500,43.5709880668178
332600,43.6932628337134
332700,43.6908413980961
332800,43.6653151253299
332900,43.7099902106026
333000,43.7682573663227
333100,43.8645141489755
333200,43.8606143434613
333300,43.9045061812423
333400,43.902338227641
333500,43.8404086533874
333600,43.822648655752
333700,43.8654756111468
333800,43.8662092902482
333900,43.8284071274322
334000,43.8614330577591
334100,43.7873722288659
334200,43.8092098577981
334300,43.8008487796431
334400,43.7485318843798
334500,43.6934032522946
334600,43.6428287320168
334700,43.5642674379767
334800,43.5724314679455
334900,43.6006083850028
335000,43.5552250317634
335100,43.4693074072125
335200,43.4337721575293
335300,43.3266064841304
335400,43.2948734712022
335500,43.2711337283145
335600,43.1906471035308
335700,43.0637252920917
335800,43.0830659655865
335900,43.0676690852364
336000,43.0118001141321
336100,43.0543150618575
336200,42.9290328106515
336300,42.9220632741694
336400,42.926963822844
336500,42.908388018557
336600,42.9002280350735
336700,42.912046856833
336800,42.9409345990932
336900,42.9222830155937
337000,42.9629651160564
337100,42.95286639589
337200,42.9863766040934
337300,43.095174048481
337400,43.1124123033336
337500,43.1597387035618
337600,43.3355859310429
337700,43.5315810265708
337800,43.4773954467991
337900,43.441127328433
338000,43.4532857625593
338100,43.4573852236845
338200,43.5322725343286
338300,43.4531886675253
338400,43.4546437050642
338500,43.4379407387691
338600,43.4428753310114
338700,43.5367787621403
338800,43.547553206212
338900,43.5231562261847
339000,43.4287022832554
339100,43.4138613626071
339200,43.371415458598
339300,43.2734716162987
339400,43.1825281683444
339500,43.1346242372715
339600,43.0483475100696
339700,43.0079493611
339800,43.0115425996154
339900,43.051674672713
340000,43.0573157291327
340100,42.9705583279753
340200,42.9616453659796
340300,42.984517898948
340400,42.9774621937881
340500,42.9636927038449
340600,42.9578067611737
340700,42.8786758449208
340800,42.8470243787365
340900,42.8163395204386
341000,42.8158399392826
341100,42.8325596042518
341200,42.8078123121818
341300,42.8589310054922
341400,42.8557154529049
341500,42.878447242699
341600,42.8853980815314
341700,42.9261456974729
341800,42.9458750680109
341900,42.8255957857998
342000,42.7290784066675
342100,42.732650957888
342200,42.6433582368975
342300,42.6630317886726
342400,42.6664866796908
342500,42.6855683124032
342600,42.6617722719848
342700,42.7342178612938
342800,42.7057326051383
342900,42.7229847116734
343000,42.7525532541018
343100,42.7975153698907
343200,42.8648383235138
343300,42.8617592804173
343400,42.8681801354725
343500,42.8355805649334
343600,42.8650304232613
343700,42.8341469006419
343800,42.8188897335639
343900,42.8848363042899
344000,42.8934203219025
344100,42.9391845910663
344200,43.0007800827185
344300,42.9561567286469
344400,43.0023985942043
344500,43.0058355843557
344600,43.0957002680759
344700,43.1012363286097
344800,43.1758429043524
344900,43.1970848573679
345000,43.2351911264087
345100,43.1709427498032
345200,43.1875866782604
345300,43.2429196776886
345400,43.2532415206784
345500,43.2807567315969
345600,43.3183354832247
345700,43.2299133053267
345800,43.2401294954033
345900,43.2907907373394
346000,43.4185201701391
346100,43.4673662183385
346200,43.5301821012774
346300,43.632257350265
346400,43.6091563892496
346500,43.6075363687909
346600,43.5876612411208
346700,43.5697755787375
346800,43.5887662871996
346900,43.673371168884
347000,43.6091005135868
347100,43.645049311218
347200,43.6148360149919
347300,43.6057624835499
347400,43.5959775744264
347500,43.6066099391483
347600,43.4709749164365
347700,43.49844724958
347800,43.4899825429194
347900,43.4872211273083
348000,43.4137170033633
348100,43.3836032066319
348200,43.3646322978636
348300,43.3636759348625
348400,43.3920614784457
348500,43.3670017531415
348600,43.4093539048201
348700,43.4222414867815
348800,43.4336805103136
348900,43.4304204427093
349000,43.5183151433542
349100,43.5882029486536
349200,43.6498502996732
349300,43.6720816394834
349400,43.7640185659145
349500,43.8174764132203
349600,44.0008649074298
349700,44.0917751141138
349800,44.0947372111224
349900,44.0510364742029
350000,44.1032871649529
350100,44.0647134819445
350200,44.1334210171629
350300,44.1507191958269
350400,44.1191043823197
350500,44.1991358262885
350600,44.224404142697
350700,44.2045437407902
350800,44.1618716034161
350900,44.1330805481669
351000,44.0399462962674
351100,43.9889096617615
351200,43.8829060874
351300,43.7988939506152
351400,43.7403858512308
351500,43.642828185623
351600,43.4577781402459
351700,43.3934441020322
351800,43.4158510473626
351900,43.5589878228858
352000,43.538514221639
352100,43.5784961783061
352200,43.4991743538543
352300,43.4539432751156
352400,43.4131460060055
352500,43.4053113456459
352600,43.400391908494
352700,43.3885986076478
352800,43.3126928342377
352900,43.2697847768783
353000,43.1795948803225
353100,42.9940670841269
353200,42.9068120177854
353300,42.9177723696762
353400,42.917627690142
353500,42.9844231067683
353600,42.9444579542316
353700,42.9407287634154
353800,42.9382785776187
353900,42.9212361338652
354000,42.9507827819444
354100,42.9673746353181
354200,43.0114568367243
354300,43.0883261028574
354400,43.129178277037
354500,43.0729160888621
354600,43.0414065210142
354700,43.1111119629402
354800,43.1517647209513
354900,43.179916349201
355000,43.1783982893682
355100,43.2570650654051
355200,43.244472280634
355300,43.2239391248593
355400,43.206419800967
355500,43.2109798516815
355600,43.288228923386
355700,43.3475328384497
355800,43.2946213680415
355900,43.2610734415105
356000,43.3152176191388
356100,43.2931235852295
356200,43.2569239700932
356300,43.2130417044621
356400,43.1189522345993
356500,43.1264281911024
356600,43.1362463860518
356700,43.1015050368078
356800,43.1727831637984
356900,43.1470340964155
357000,43.2359453411646
357100,43.1921457562508
357200,43.1700421294955
357300,43.0180973490418
357400,42.9813182475094
357500,42.8362781296908
357600,42.8309098522479
357700,42.7906862510912
357800,42.8505660753723
357900,42.8715038409045
358000,42.8489775413074
358100,42.9434502035373
358200,43.0116828683456
358300,43.0717852678359
358400,43.2705315822829
358500,43.5121744211541
358600,43.5330431825758
358700,43.6202307082414
358800,43.467809513415
358900,43.5255812329683
359000,43.5406524570413
359100,43.4710106321835
359200,43.5140328257499
359300,43.5759829974036
359400,43.6415276427591
359500,43.6511437048207
359600,43.7118544327645
359700,43.6444181080267
359800,43.6030054001675
359900,43.6387548888616
360000,43.6612846862811
360100,43.7031109580775
360200,43.6583561494696
360300,43.6345306363341
360400,43.5489421254539
360500,43.4287740524973
360600,43.434611668791
360700,43.4037754966551
360800,43.4790095752427
360900,43.4865711991745
361000,43.5613762938421
361100,43.5565461912531
361200,43.5994142859083
361300,43.6358113569967
361400,43.6286518506132
361500,43.6485851049344
361600,43.6926301562309
361700,43.8132564013396
361800,43.9503311243354
361900,43.9865133012877
362000,43.9438067814178
362100,43.9035951259636
362200,43.8756720231011
362300,43.8099568837528
362400,43.8120489147637
362500,43.8444395249308
362600,43.7467585999522
362700,43.7832750095074
362800,43.6962848822593
362900,43.6538841512635
363000,43.5246811941343
363100,43.5315644993345
363200,43.4950849719369
363300,43.4250417860746
363400,43.4470917294362
363500,43.4867856848534
363600,43.4978542713419
363700,43.5230952347096
363800,43.4800271960115
363900,43.4659648732017
364000,43.4780626430034
364100,43.4673176440752
364200,43.4850745897329
364300,43.4600287141082
364400,43.4172831320138
364500,43.4341773804321
364600,43.5320743846944
364700,43.4600092056484
364800,43.4394681693488
364900,43.4473371756005
365000,43.4783786929913
365100,43.5048195359215
365200,43.5281700767687
365300,43.5791895999699
365400,43.5065142968471
365500,43.5499195395085
365600,43.5445537927311
365700,43.5162352566367
365800,43.55932157677
365900,43.5879429678744
366000,43.609474303222
366100,43.51657584926
366200,43.5032868682838
366300,43.5173311717222
366400,43.5252238409217
366500,43.4320479276508
366600,43.3525013721415
366700,43.3697070991216
366800,43.4338387614647
366900,43.4675075562188
367000,43.5084023723891
367100,43.4447706496938
367200,43.3852001926136
367300,43.3621450296264
367400,43.4082347716675
367500,43.3142579083469
367600,43.2577913560936
367700,43.1975978409492
367800,43.1501811456018
367900,43.0787373901801
368000,43.0103673599106
368100,43.1100592116703
368200,42.972656842109
368300,42.9969630118496
368400,43.0078921745075
368500,42.9655043636363
368600,42.9995045544759
368700,42.9582020999421
368800,42.9186025229845
368900,42.9257106988465
369000,42.8737608092176
369100,42.9709049347652
369200,42.9961662396957
369300,42.9960985056446
369400,43.0476336159064
369500,43.096405631962
369600,43.0858456372578
369700,43.1145765877787
369800,43.0946186450197
369900,43.124287244135
370000,43.0695612295161
370100,43.1050712839275
370200,43.0444192739566
370300,43.0461989628792
370400,43.0007555176678
370500,43.0284190727998
370600,42.9547910242236
370700,42.9773333982993
370800,43.0093240810379
370900,42.9713045809371
371000,42.925764953576
371100,42.8129518148049
371200,42.7646332737204
371300,42.7038970195259
371400,42.6233627219454
371500,42.6424047980035
371600,42.657394720558
371700,42.6869960660004
371800,42.7970171502476
371900,42.7855478235794
372000,42.8546046566915
372100,42.8793958755824
372200,43.0568309433248
372300,43.076609570555
372400,43.118606117563
372500,43.2596260515357
372600,43.375465256867
372700,43.3621481331892
372800,43.4198829487966
372900,43.4258004669723
373000,43.5180918633179
373100,43.6068483597948
373200,43.6792727964448
373300,43.7724859530534
373400,43.8145743960179
373500,43.8529471330615
373600,43.9219359071654
373700,43.8884529907635
373800,43.8360944055743
373900,43.8826986247344
374000,43.8836296856325
374100,43.9305699258441
374200,43.9614612974194
374300,43.944025932726
374400,43.9819477873992
374500,43.9038955671466
374600,43.8762141793753
374700,43.8806806248325
374800,43.8571894788881
374900,43.9240591729514
375000,43.8765001199114
375100,43.8427970580548
375200,43.8104254821865
375300,43.8272407165998
375400,43.9046036228725
375500,43.8307882191765
375600,43.763069111754
375700,43.8169882953111
375800,43.8942340749918
375900,43.9595580694769
376000,44.0783014246326
376100,43.9493734394493
376200,43.9174402433123
376300,43.9100955220937
376400,43.9273078103876
376500,44.0357993119789
376600,44.0222180072045
376700,44.0174427310799
376800,44.1110307068042
376900,44.0349658348892
377000,44.0476736675304
377100,44.0304870916336
377200,44.0279316207905
377300,43.9626037887495
377400,43.9072356847959
377500,43.9889122817452
377600,44.0232608656434
377700,43.9631060937882
377800,43.917138198636
377900,43.8911152978529
378000,43.7376770089696
378100,43.7354598808691
378200,43.7351724417583
378300,43.6608829621604
378400,43.6163755951393
378500,43.541181766377
378600,43.5544292582014
378700,43.5855344414545
378800,43.5133260077377
378900,43.4617437183186
379000,43.4057647512169
379100,43.418930151513
379200,43.3993479263496
379300,43.4057845088507
379400,43.4082429067853
379500,43.459272445805
379600,43.4936110964435
379700,43.5182105974574
379800,43.5805188840797
379900,43.5823086154848
380000,43.5767779097902
380100,43.5412274173799
380200,43.4652759528781
380300,43.5402899173578
380400,43.4948481775521
380500,43.5097543996701
380600,43.4603324572567
380700,43.4550163532115
380800,43.4339935687274
380900,43.4759993081116
381000,43.5881633437503
381100,43.6536246781388
381200,43.7010676504908
381300,43.7530588972823
381400,43.741751691245
381500,43.7408051748654
381600,43.7658122269677
381700,43.8278927143227
381800,43.7325267607053
381900,43.7408117038215
382000,43.7771667146167
382100,43.809884484725
382200,43.8671800158907
382300,43.8832515712996
382400,43.8845503212759
382500,43.8421401287692
382600,43.8872947044298
382700,43.9064112196933
382800,43.9131778997008
382900,43.9035468043009
383000,43.8358087822806
383100,43.7831769493797
383200,43.7389301748341
383300,43.7002171956741
383400,43.7241919449184
383500,43.6772138349885
383600,43.6397613692089
383700,43.5203091793838
383800,43.4877190335471
383900,43.3886781083515
384000,43.3891852802775
384100,43.3348703396484
384200,43.3105217004571
384300,43.3047753517465
384400,43.3282494162884
384500,43.3495567168427
384600,43.3010496560017
384700,43.2869919154089
384800,43.2332710365228
384900,43.1994762243565
385000,43.1150525030945
385100,43.0704277192439
385200,43.0263621125928
385300,42.884337434438
385400,42.7956334683006
385500,42.7780060173598
385600,42.6746123331544
385700,42.6863981435884
385800,42.6718503805621
385900,42.718839161167
386000,42.7076629187662
386100,42.6666026327558
386200,42.6517023536253
386300,42.5217420954833
386400,42.4778779409934
386500,42.4593191388309
386600,42.4175809187745
386700,42.3033020081031
386800,42.3253828984936
386900,42.325061812129
387000,42.5392555710992
387100,42.6776578394495
387200,42.6625285751963
387300,42.7475023860546
387400,42.7126284306459
387500,42.7557368085623
387600,42.8581022060837
387700,42.8714668234021
387800,42.9256552437132
387900,42.9104281869925
388000,42.9209077428187
388100,42.9153098376315
388200,42.8914559520771
388300,42.867473117802
388400,42.8980551999432
388500,42.9286498424421
388600,42.7580892548419
388700,42.8413113580523
388800,42.9113061144711
388900,42.9371357923528
389000,42.8867336311861
389100,42.8861762367946
389200,42.8129291340691
389300,42.79950493879
389400,42.8256818073769
389500,42.635049072889
389600,42.4500846358345
389700,42.3379158176189
389800,42.269064904968
389900,42.1444901764139
390000,42.0448385533578
390100,42.0543526617216
390200,42.0592212130454
390300,42.1014056600554
390400,42.0637455402902
390500,42.0567524854465
390600,42.3003878555524
390700,42.3065975971411
390800,42.3323085325867
390900,42.3858255534337
391000,42.3778491097565
391100,42.4431055946396
391200,42.5857942061317
391300,42.6573309001658
391400,42.6801552058799
391500,42.854807822321
391600,42.9952403083068
391700,43.1131383124505
391800,43.2026569086947
391900,43.2601938047525
392000,43.3957391557675
392100,43.3925278662512
392200,43.3333806696785
392300,43.3460473612618
392400,43.3147483429772
392500,43.1474601674886
392600,42.9951560617997
392700,43.0464541852049
392800,43.0678524502326
392900,43.1107554623127
393000,43.0948330136885
393100,43.0762152379221
393200,43.0828872160825
393300,43.0633126033066
393400,43.1402817400991
393500,43.1355748247375
393600,43.1482907959918
393700,43.102061937763
393800,43.0662869068404
393900,43.1234895120696
394000,43.0258635246785
394100,42.990409838759
394200,42.9510268439582
394300,42.8355997253241
394400,42.7255355453435
394500,42.7139408972941
394600,42.7308043486967
394700,42.774633845155
394800,42.6675375992961
394900,42.5731469078057
395000,42.5682185333187
395100,42.4842959191467
395200,42.2695207479509
395300,42.0957962252293
395400,41.9881080571463
395500,41.8937972598227
395600,41.8218583753222
395700,41.7435720591726
395800,41.743833604508
395900,41.7728339078978
396000,41.782361339712
396100,41.8657539193325
396200,42.0169276594567
396300,42.1666011648352
396400,42.4599342931331
396500,42.7682429934945
396600,43.0818865552404
396700,43.2655747652505
396800,43.5282060304924
396900,43.5268884946466
397000,43.3835881299002
397100,43.1462961320604
397200,42.9907262439241
397300,42.7683783654669
397400,42.562387527457
397500,42.4209944193222
397600,42.355961672733
397700,42.391928689816
397800,42.4213717200721
397900,42.4294707414067
398000,42.5900437260212
398100,42.7303128052213
398200,42.8011831831018
398300,42.8469061574859
398400,42.8370141100752
398500,42.8600949640346
398600,42.8872043669677
398700,42.987955290069
398800,42.9702110766971
398900,42.9943700239676
399000,43.0235944624098
399100,43.1584472401111
399200,43.2290780813792
399300,43.3912798942743
399400,43.5303891405823
399500,43.6447706290057
399600,43.673654605375
399700,43.6170074582257
399800,43.461656325407
399900,43.410162981153
400000,43.36181616463
400100,43.2602554273055
400200,43.2008652852334
400300,43.1999382232985
400400,43.2373595016195
400500,43.318326118536
400600,43.3113904680693
400700,43.2825991480907
400800,43.3052724251346
400900,43.2202091003407
401000,43.2433778724003
401100,43.1881792845801
401200,43.176470169486
401300,43.2610995798893
401400,43.2609098874876
401500,43.2745514374867
401600,43.3233356118776
401700,43.2925469113304
401800,43.3044239989385
401900,43.2691486543098
402000,43.4029727212448
402100,43.6057043937529
402200,43.6573293085525
402300,43.6193799669091
402400,43.5781074201062
402500,43.5384261390226
402600,43.5220020935411
402700,43.4959225792417
402800,43.5525039632271
402900,43.5835406401717
403000,43.5389093923269
403100,43.5085060940942
403200,43.4319682566573
403300,43.2245300626824
403400,43.0715716588156
403500,42.9306764020255
403600,42.904651915785
403700,42.802664489564
403800,42.7634674967305
403900,42.8422910339156
404000,42.8052019750128
404100,42.6873422554398
404200,42.672116152945
404300,42.7097334599505
404400,42.7617849795869
404500,42.8227953778062
404600,42.9100654539581
404700,42.9771782044134
404800,42.8966231206856
404900,42.820008392897
405000,42.7914829233955
405100,42.8216304242058
405200,42.8014721046191
405300,42.8490796306792
405400,42.9972675096697
405500,43.1749588487512
405600,43.2136972253258
405700,43.2372044126343
405800,43.242719851384
405900,43.2794455062117
406000,43.2682709715778
406100,43.2983140014238
406200,43.3579548581671
406300,43.29026792082
406400,43.1855360711595
406500,43.164154368128
406600,42.9635342140123
406700,42.9262718909175
406800,42.9844923904048
406900,42.9889693457207
407000,43.0009542856853
407100,43.0158607078963
407200,43.067535676237
407300,42.9213536593212
407400,42.9130099020002
407500,42.8321692106561
407600,42.7785996022338
407700,42.787136874149
407800,42.7716774754029
407900,42.7285982850845
408000,42.7372148464954
408100,42.7661758638115
408200,42.7147007510371
408300,42.7343534850616
408400,42.7915327822839
408500,42.652568986359
408600,42.7851042143181
408700,42.7543456328698
408800,42.7470442420302
408900,42.7672847253471
409000,42.8166898940951
409100,42.7130165039678
409200,42.7299908847335
409300,42.867765157074
409400,42.8422221018693
409500,42.8946454073042
409600,42.9259399392296
409700,42.9987110093117
409800,43.0171955827105
409900,43.0375339815666
410000,43.0442675554769
410100,42.9514441500424
410200,42.8784431407451
410300,42.8059913994738
410400,42.8200371038402
410500,42.9120638180961
410600,42.7743361786073
410700,42.739736504844
410800,42.6444496404108
410900,42.6635107151038
411000,42.6501550507292
411100,42.7258951462559
411200,42.6663122585956
411300,42.6446463827092
411400,42.6912258658079
411500,42.6509242599196
411600,42.6164807568207
411700,42.5725426162366
411800,42.5535983124292
411900,42.5053204375763
412000,42.48381602972
412100,42.5140005814097
412200,42.6009689610977
412300,42.6161961355208
412400,42.6039164798373
412500,42.6007510238508
412600,42.6823472356922
412700,42.7251731513229
412800,42.8356789664977
412900,42.8525460838455
413000,42.8316790787881
413100,42.8796551212908
413200,42.9591982418536
413300,43.0184015848342
413400,42.9561364091937
413500,42.9753321986196
413600,42.983717892617
413700,42.9495411278319
413800,42.9481621961232
413900,42.9871631924167
414000,42.9801392272834
414100,42.9923853208655
414200,42.8909050537727
414300,42.9534854189105
414400,42.9148003435285
414500,42.8407001034236
414600,42.8076443849305
414700,42.7259448944281
414800,42.6507680633034
414900,42.6501522884056
415000,42.661254483812
415100,42.6525910512735
415200,42.6544057098989
415300,42.6252873960045
415400,42.6158650015285
415500,42.5900474663417
415600,42.6533495851968
415700,42.6267739921422
415800,42.5586138764209
415900,42.513828196586
416000,42.485943911253
416100,42.5072699312158
416200,42.6274924999904
416300,42.6575233606245
416400,42.6869947465159
416500,42.7693853856162
416600,42.7966950554367
416700,42.8079875523339
416800,42.8556992409463
416900,42.757289814175
417000,42.7785403678207
417100,42.7575841793242
417200,42.6800121711937
417300,42.6627870468929
417400,42.6447449453966
417500,42.6585846833196
417600,42.6561886684717
417700,42.6082053984653
417800,42.6358261118239
417900,42.6778525628461
418000,42.5858772250954
418100,42.4683173302047
418200,42.3168538467359
418300,42.22821315203
418400,42.2537426216369
418500,42.2785529572744
418600,42.2545338981156
418700,42.2677392127106
418800,42.1992963978038
418900,42.2731668302978
419000,42.3297375181901
419100,42.3599614762236
419200,42.3955069640982
419300,42.3442429138811
419400,42.2473254493645
419500,41.9219299578407
419600,41.5691442695748
419700,41.5955197168477
419800,41.5685745901164
419900,41.3972077926634
420000,41.3738838453745
