ms,CN0_dBHz
100,46.6713112712933
200,47.2487546168784
300,46.7949440059605
400,46.3223098242749
500,46.459469919413
600,46.2544491757638
700,46.0750885095081
800,46.0724733834143
900,46.0448368271711
1000,46.0329456904676
1100,45.9708856153758
1200,45.9149139201284
1300,45.971303466652
1400,46.0029549544109
1500,45.9933379861566
1600,46.0388757964797
1700,46.0960740057967
1800,46.0956801815418
1900,46.2069159870105
2000,46.2099258476973
2100,46.2277772291335
2200,46.1694853582117
2300,46.1181482116141
2400,46.1994326805919
2500,46.1419302061742
2600,46.130710860148
2700,46.1620127180733
2800,46.1232959232076
2900,46.1070983569886
3000,46.080553793663
3100,46.1649432088072
3200,46.2016849783521
3300,46.1362306904667
3400,46.0768249132829
3500,46.1083657858338
3600,46.0789992642084
3700,45.983804248316
3800,45.9695433294915
3900,45.7775100272474
4000,45.7309491315549
4100,45.6479510671443
4200,45.6361076113733
4300,45.7044611673446
4400,45.6723543707488
4500,45.6027434224743
4600,45.5927185806391
4700,45.5728032278384
4800,45.553188638961
4900,45.5670136172195
5000,45.559200862257
5100,45.5777619416704
5200,45.5709664314682
5300,45.5700294637263
5400,45.6337731504309
5500,45.578636330384
5600,45.6178322384421
5700,45.7169413567874
5800,45.7298504811272
5900,45.7994480067195
6000,45.7874923763835
6100,45.8248339935497
6200,45.7871243406021
6300,45.7300926834831
6400,45.7177994086346
6500,45.7935301733662
6600,45.9054139219598
6700,45.9386816704604
6800,45.9816096131919
6900,46.0170304178049
7000,46.0864589298607
7100,46.0409264821741
7200,46.0256884694313
7300,46.0872158371185
7400,46.0442846807195
7500,46.0509440071335
7600,46.03026073381
7700,45.912704113184
7800,45.9057104804867
7900,45.9693592491379
8000,46.041379428116
8100,46.0143893323017
8200,46.0861110356785
8300,46.1007604571519
8400,46.1268066631154
8500,46.1941757532472
8600,46.1895957361401
8700,46.2344351691468
8800,46.2268305366192
8900,46.2492527675536
9000,46.2532069169701
9100,46.2706319686314
9200,46.3211523992292
9300,46.2858197381271
9400,46.3017478366162
9500,46.3494201915984
9600,46.292508776838
9700,46.3686467307541
9800,46.412869002915
9900,46.3911339779482
10000,46.325705391366
10100,46.234586259437
10200,46.2015072211675
10300,46.2345831780476
10400,46.2445718191411
10500,46.1907352346157
10600,46.1676391575877
10700,46.155830662315
10800,46.1817856853108
10900,46.1001831601249
11000,46.0597060998292
11100,46.0145955003714
11200,45.9886807015224
11300,45.9004527749457
11400,45.9124132864934
11500,45.8892982320688
11600,45.9405445850089
11700,45.9272099286813
11800,45.9223278829548
11900,45.9334688498036
12000,46.0252526342851
12100,46.1869308654114
12200,46.2622159876227
12300,46.2656240403677
12400,46.3022783989993
12500,46.3620256781664
12600,46.3902421722277
12700,46.418436933077
12800,46.4258814924481
12900,46.521295821253
13000,46.5820121034487
13100,46.6034487700557
13200,46.6522261122705
13300,46.8150623478633
13400,46.8642339033732
13500,46.9615829622481
13600,47.0419994894282
13700,47.1439550618893
13800,47.0813049771791
13900,47.1045260202936
14000,47.0875863069423
14100,47.092307445004
14200,47.0171309147548
14300,47.0765343809821
14400,47.1370938820289
14500,47.1461546388861
14600,47.1685363662627
14700,47.1189285475534
14800,47.1390880289453
14900,47.143213075699
15000,47.0904952895238
15100,47.1466152248891
15200,47.1165459591789
15300,47.1195413761975
15400,47.0101826244121
15500,46.9850222098932
15600,46.9555294635571
15700,46.9427511726969
15800,47.0047873033714
15900,46.9311420592632
16000,46.9503261374271
16100,46.8927014252981
16200,46.7938823517658
16300,46.7651857257514
16400,46.610913709684
16500,46.572094249289
16600,46.4633721192059
16700,46.432643904687
16800,46.3268544414652
16900,46.2042067520634
17000,46.158486421083
17100,46.0493968316847
17200,46.0057253299509
17300,45.9366954482274
17400,45.9920561643335
17500,45.8935694990956
17600,45.8447528083834
17700,45.8610023033202
17800,45.8132399265728
17900,45.8396901557278
18000,45.8121591480565
18100,45.7632637153176
18200,45.8265345719963
18300,45.8369583330767
18400,45.912903004253
18500,45.9229944390454
18600,46.013926694602
18700,46.0752964122388
18800,46.1700195585856
18900,46.2676887444381
19000,46.3805727946066
19100,46.5290628751973
19200,46.6799193132266
19300,46.7532718041584
19400,46.8113570629366
19500,46.9720891350366
19600,47.0163235726378
19700,47.0074205499682
19800,47.1242917789367
19900,47.1352647884741
20000,47.1623219393411
20100,47.2777031858582
20200,47.2843865799307
20300,47.2943600322434
20400,47.2742128369924
20500,47.2574099730632
20600,47.259769156887
20700,47.1674228488878
20800,47.1309947963788
20900,47.1180721694317
21000,47.0996863676123
21100,47.0287593472206
21200,46.9849607807552
21300,46.9766774619425
21400,46.9354289883611
21500,46.8854403689537
21600,46.8228836315069
21700,46.736851664986
21800,46.6930743081543
21900,46.698086934144
22000,46.6538356763824
22100,46.5798809147735
22200,46.5691211706752
22300,46.5082386409582
22400,46.4854600243093
22500,46.5074660494138
22600,46.4452401504216
22700,46.5107415900437
22800,46.5455050153389
22900,46.5629958847186
23000,46.592527064337
23100,46.6015268382489
23200,46.5424754493659
23300,46.5882505026156
23400,46.6212347681933
23500,46.6412967032615
23600,46.6909686802021
23700,46.6690402890294
23800,46.5945430315668
23900,46.5342460498167
24000,46.5877501520015
24100,46.6661517644574
24200,46.717662515693
24300,46.8016432225527
24400,46.8999887869152
24500,46.9202937917528
24600,46.9606543890238
24700,46.9552052501032
24800,46.9948787385413
24900,46.9877914516718
25000,46.9040391186889
25100,46.9181197373813
25200,46.893799278519
25300,46.8002342703354
25400,46.7231045518251
25500,46.7193907599821
25600,46.7161265115461
25700,46.7853956107902
25800,46.8265782921926
25900,46.9292614286266
26000,46.8532672594238
26100,46.8132409008
26200,46.8130245689046
26300,46.7904186868615
26400,46.7548001220796
26500,46.6266699851411
26600,46.6350108075256
26700,46.634432038369
26800,46.6236838076855
26900,46.6177251158461
27000,46.6246187171455
27100,46.5619779882944
27200,46.5830983002312
27300,46.656880768088
27400,46.6259248786301
27500,46.5810403532957
27600,46.6450196455981
27700,46.6987194907024
27800,46.7453981486302
27900,46.700731289991
28000,46.7289146660985
28100,46.7607222971055
28200,46.705841367205
28300,46.6425696945904
28400,46.6217326041754
28500,46.7324757971369
28600,46.696163406751
28700,46.7001890154958
28800,46.6907978246877
28900,46.6894520490164
29000,46.7170817507127
29100,46.7819601530943
29200,46.838329631907
29300,46.8035899911686
29400,46.8433399380969
29500,46.8677923912076
29600,46.7783355664419
29700,46.6596558341854
29800,46.6938208008836
29900,46.6667919209873
30000,46.6845332274104
30100,46.66857332508
30200,46.6645284345527
30300,46.6643894429759
30400,46.6029888896958
30500,46.550754931705
30600,46.5521946804917
30700,46.5765913433343
30800,46.5901087514315
30900,46.5772289985141
31000,46.5737035594683
31100,46.5275431491005
31200,46.4734895940523
31300,46.4654814049423
31400,46.4245723833376
31500,46.4754286920981
31600,46.5311969247182
31700,46.6067736335583
31800,46.6103300876804
31900,46.6521386090433
32000,46.716976779797
32100,46.7312678785289
32200,46.8120185567145
32300,46.8992221976118
32400,46.9121328101289
32500,46.9314611270857
32600,46.9726335570081
32700,46.9376748301313
32800,46.8766098533302
32900,46.890072562385
33000,46.879224285382
33100,46.9685179650341
33200,46.9247170944193
33300,46.9896783039049
33400,47.0989665018499
33500,47.0445795899468
33600,46.9868613084028
33700,46.9586974757681
33800,46.9527526080729
33900,46.9025052521386
34000,46.7811570777762
34100,46.7849162019286
34200,46.7089151768702
34300,46.6090291016182
34400,46.5753862566936
34500,46.5397792487145
34600,46.4211954089502
34700,46.3429914419151
34800,46.3653766531712
34900,46.3270167655819
35000,46.2728357861511
35100,46.1797872014952
35200,46.1594670084742
35300,46.0431234380455
35400,46.0244459882543
35500,46.0227632989596
35600,46.0045057445157
35700,45.9531358795501
35800,45.8719893345229
35900,45.838120091821
36000,45.853445999538
36100,45.8244939490799
36200,45.900087871198
36300,45.9254515684136
36400,45.9543570496817
36500,45.980565548996
36600,46.0370901795246
36700,46.0639998947521
36800,46.028431831959
36900,46.0429422129365
37000,46.0056502045931
37100,45.9948382151127
37200,46.0498452397989
37300,46.1120291100347
37400,46.1280871875083
37500,46.1344337672397
37600,46.1136836477859
37700,46.132921163449
37800,46.1919925650443
37900,46.1826103516127
38000,46.1679229125225
38100,46.1937560334711
38200,46.0940219625636
38300,46.0546276919794
38400,46.0620651769769
38500,46.0512027272274
38600,46.0115773929778
38700,46.0399459304877
38800,46.0768237417542
38900,46.0722398274886
39000,46.1873295790977
39100,46.2261361056477
39200,46.2208446837739
39300,46.1990863691374
39400,46.180298022693
39500,46.1374514906371
39600,46.1702564266984
39700,46.2502466316656
39800,46.1992904126559
39900,46.3020578773504
40000,46.3412135575781
40100,46.387912212699
40200,46.3564242291696
40300,46.3756186141218
40400,46.3776306590221
40500,46.3522540261205
40600,46.355887055233
40700,46.2788954698398
40800,46.2491121881203
40900,46.2375381328025
41000,46.1427400592487
41100,46.1787545172723
41200,46.2015370592313
41300,46.2365436490407
41400,46.2172258048486
41500,46.2220566550858
41600,46.2761090830195
41700,46.2410337809346
41800,46.3359843719033
41900,46.3196734806919
42000,46.2771565448857
42100,46.2587469082855
42200,46.3657127164184
42300,46.4319166906702
42400,46.4544495069961
42500,46.4852105758206
42600,46.5312287616288
42700,46.628662092378
42800,46.5715003421607
42900,46.6237574443219
43000,46.6658553164534
43100,46.5966497402015
43200,46.6183004963838
43300,46.6872382403266
43400,46.7341869028579
43500,46.797616225742
43600,46.7852050849909
43700,46.7692194817651
43800,46.6308357718822
43900,46.6012000688645
44000,46.6397359070713
44100,46.5234958458793
44200,46.4625999570331
44300,46.4586389799114
44400,46.4297131403922
44500,46.4071531822439
44600,46.4478712339369
44700,46.5033674081602
44800,46.589941290593
44900,46.5375200657309
45000,46.5519714015632
45100,46.5129132475004
45200,46.4435917210446
45300,46.3893273096791
45400,46.3383480642938
45500,46.3100641778405
45600,46.3087141649125
45700,46.3200406013546
45800,46.3177415090286
45900,46.3105195465248
46000,46.2801530772918
46100,46.3669069530545
46200,46.3768865611747
46300,46.3312693899218
46400,46.3330673296161
46500,46.366510022118
46600,46.2787718348138
46700,46.1998274258846
46800,46.1791849560926
46900,46.2259636981658
47000,46.2584643092577
47100,46.3159641987141
47200,46.3680780165839
47300,46.271899196298
47400,46.2866397462376
47500,46.3003968753124
47600,46.3158573502332
47700,46.308449129894
47800,46.3895835187503
47900,46.3844245710021
48000,46.4187487208322
48100,46.3782327980212
48200,46.3908429353419
48300,46.4173713114407
48400,46.4165518242128
48500,46.4375409665652
48600,46.5171764408756
48700,46.5287512364758
48800,46.5485530723267
48900,46.5787651910053
49000,46.4936458534657
49100,46.5189151982595
49200,46.5033479830676
49300,46.5649690399783
49400,46.5607836908714
49500,46.4899900625379
49600,46.4158720716865
49700,46.410665864453
49800,46.3893799309602
49900,46.4227084059179
50000,46.3946844406184
50100,46.3605666315031
50200,46.3923419358289
50300,46.3870284200887
50400,46.4506395664475
50500,46.409971965258
50600,46.3119120930253
50700,46.2728458551005
50800,46.2896923249135
50900,46.3325163525096
51000,46.411255631702
51100,46.4227793836183
51200,46.3953567971608
51300,46.42293732604
51400,46.3974752790153
51500,46.4408912831728
51600,46.4779374706981
51700,46.5244239644075
51800,46.6036957321013
51900,46.6529544972664
52000,46.6931935550898
52100,46.782803631806
52200,46.7322715203808
52300,46.7484964241475
52400,46.6710119231325
52500,46.6729618973596
52600,46.7203003983868
52700,46.7733130138345
52800,46.7301766984974
52900,46.6023027012028
53000,46.550870319621
53100,46.4911738946739
53200,46.5382494376802
53300,46.4762510207435
53400,46.5276826198401
53500,46.600102961193
53600,46.5517337080827
53700,46.5046335726035
53800,46.3891104974848
53900,46.3124421678933
54000,46.3419137908289
54100,46.2770942014985
54200,46.3313459366598
54300,46.3500372913082
54400,46.3922535191969
54500,46.4648903665786
54600,46.5480497603011
54700,46.5366140609395
54800,46.5509914167965
54900,46.5932358267638
55000,46.6803090042603
55100,46.7245177520078
55200,46.6954543302578
55300,46.6990654351413
55400,46.6853562796292
55500,46.585801611424
55600,46.532902094408
55700,46.4812301517515
55800,46.547878458933
55900,46.5369815777792
56000,46.569179058152
56100,46.6483163152745
56200,46.541827253797
56300,46.4946557344484
56400,46.4838900529805
56500,46.4171047879504
56600,46.3638624573404
56700,46.4233352273488
56800,46.4171425493794
56900,46.4110563108
57000,46.3434677545454
57100,46.3037227116731
57200,46.3220263842065
57300,46.3683811733413
57400,46.3335763231402
57500,46.4083504994528
57600,46.4917097692996
57700,46.5053448531772
57800,46.4946828941241
57900,46.5357927678373
58000,46.4665877058409
58100,46.4016451172409
58200,46.491585930579
58300,46.5529108540912
58400,46.5674469367894
58500,46.5727538496126
58600,46.6069926828361
58700,46.6193844192102
58800,46.6549382928045
58900,46.6742008863015
59000,46.7288146727156
59100,46.7848940668752
59200,46.8189538006902
59300,46.8443340347253
59400,46.8361826669369
59500,46.8039824342323
59600,46.85903639013
59700,46.9256992336959
59800,46.8597444324375
59900,46.8608468638741
60000,46.8945224776906
60100,46.8778693499495
60200,46.8630507975933
60300,46.7860802251279
60400,46.7420137591427
60500,46.6661030693226
60600,46.6144783168331
60700,46.5672645450846
60800,46.5846142022555
60900,46.5490743297345
61000,46.5237739322725
61100,46.4632764844234
61200,46.3973350404214
61300,46.3206513932239
61400,46.2429348345087
61500,46.1878190790676
61600,46.0975574860286
61700,46.0281467667969
61800,46.0234851553207
61900,45.9262331424161
62000,45.8249796119905
62100,45.8341171149238
62200,45.7777707493988
62300,45.7151463920279
62400,45.6361617559653
62500,45.6821521568681
62600,45.6778083454187
62700,45.6109665591706
62800,45.5633101092922
62900,45.5614719739605
63000,45.5854217581943
63100,45.6182283316667
63200,45.5870283319175
63300,45.5992922428032
63400,45.70489730386
63500,45.7087218376194
63600,45.7541583895173
63700,45.7756382710474
63800,45.7949838818722
63900,45.8161806458656
64000,45.8325720626371
64100,45.7958712686193
64200,45.7930788238864
64300,45.8756136401948
64400,45.9867219293263
64500,46.0124311150617
64600,46.011497548068
64700,46.0531961389754
64800,46.0345639133455
64900,46.0038789052116
65000,45.9707895457109
65100,45.9538064866795
65200,46.0592215888659
65300,46.0228954773116
65400,45.9738177830015
65500,45.9848606674919
65600,45.9115824206604
65700,45.9207835786454
65800,45.8883070092857
65900,45.9966282008464
66000,46.0022029735143
66100,46.0399809601309
66200,46.0428870016396
66300,46.0446470690471
66400,46.0639409076178
66500,46.0253678510986
66600,46.085710666203
66700,46.1035747420478
66800,46.1356652721005
66900,46.1425350990555
67000,46.094264392175
67100,46.0882692420104
67200,46.0106742038289
67300,46.0068475990485
67400,46.0063298086116
67500,46.0218831946126
67600,46.0669285567492
67700,46.0404707527662
67800,46.0938461944219
67900,46.0094637594173
68000,46.0407263074907
68100,46.0721355799566
68200,46.077282689046
68300,46.0159478901065
68400,45.9457837316813
68500,45.9027274296763
68600,45.8145579702757
68700,45.7522811401491
68800,45.7860512568772
68900,45.797819867185
69000,45.7759306658129
69100,45.7578581648258
69200,45.7144791082593
69300,45.7567498435788
69400,45.7356882197982
69500,45.7394910939805
69600,45.7112861929198
69700,45.7160997972921
69800,45.6466101353127
69900,45.5885773266722
70000,45.521252883213
70100,45.5057843588771
70200,45.4749909710039
70300,45.4491118839365
70400,45.501426712282
70500,45.6110304720895
70600,45.6500416884322
70700,45.7041610195704
70800,45.6847720506923
70900,45.6834047723972
71000,45.7647697954698
71100,45.7973373192285
71200,45.8636534752388
71300,45.8774482576823
71400,45.9832132137901
71500,45.9675500393574
71600,46.0353259009321
71700,46.0729764398512
71800,46.1961294613377
71900,46.3054534250158
72000,46.4170174305376
72100,46.5007819050538
72200,46.6234352449209
72300,46.7122018494945
72400,46.7473537423934
72500,46.6770406836518
72600,46.6761551131996
72700,46.6834148278073
72800,46.6710617343128
72900,46.7695820416078
73000,46.6889002175444
73100,46.6368201719953
73200,46.6532940482982
73300,46.6873874642308
73400,46.6497773848577
73500,46.672809941724
73600,46.5592588874758
73700,46.5868374613082
73800,46.4907185688342
73900,46.4446024375843
74000,46.3865204404587
74100,46.3319104621804
74200,46.3108741492177
74300,46.3089337821635
74400,46.2852082329538
74500,46.2770715115374
74600,46.2827331321591
74700,46.2580871567454
74800,46.1951220043643
74900,46.0434104595116
75000,46.0497098348878
75100,46.0969949241996
75200,46.0730614705968
75300,46.0200720646488
75400,46.0356154214437
75500,46.0086773867643
75600,46.0985566885835
75700,46.1504191268626
75800,46.2653629921335
75900,46.2983730128322
76000,46.3851221072437
76100,46.3637957973599
76200,46.3676098747679
76300,46.3746598180456
76400,46.3537026977072
76500,46.4366390271749
76600,46.4497909049056
76700,46.4549617792067
76800,46.4614447687936
76900,46.5063227091783
77000,46.6054850727389
77100,46.5391670035423
77200,46.4798369112599
77300,46.4515777772181
77400,46.4258860391518
77500,46.4075896795136
77600,46.4345579889086
77700,46.3097987823255
77800,46.2621259952218
77900,46.2995608434234
78000,46.2722970909965
78100,46.2697900012921
78200,46.2977835272835
78300,46.2984508725293
78400,46.332463696063
78500,46.3117510317111
78600,46.3150903749916
78700,46.3986878523058
78800,46.4895157513687
78900,46.596850081367
79000,46.5575252347108
79100,46.6582416925956
79200,46.7522433689006
79300,46.8433998011227
79400,46.8703419318194
79500,46.9556250902929
79600,46.9431631880328
79700,47.0345802151917
79800,47.0249251175436
79900,46.9861367210619
80000,46.984152869813
80100,47.0219431028372
80200,46.9797600478163
80300,46.9205641547986
80400,46.932825058316
80500,46.920916870748
80600,46.9604092177963
80700,46.8936256894437
80800,46.8487168715687
80900,46.7536175308825
81000,46.7628760720727
81100,46.7220151428252
81200,46.7176693894636
81300,46.6854829400518
81400,46.5903863444773
81500,46.5413331786903
81600,46.4773951728461
81700,46.3566541207957
81800,46.3477104041615
81900,46.31095669489
82000,46.3002059749115
82100,46.3435807421866
82200,46.3500578929423
82300,46.4050917595713
82400,46.3288523604979
82500,46.3710014318153
82600,46.3068784635679
82700,46.3329725129199
82800,46.3185868054508
82900,46.3489837614077
83000,46.3235358552309
83100,46.3250929788636
83200,46.2786759677276
83300,46.2383415379013
83400,46.2415984417648
83500,46.2336879324475
83600,46.1684513859668
83700,46.1825510576312
83800,46.1321785245533
83900,46.1904817730857
84000,46.2051216896288
84100,46.2052733980455
84200,46.1928166276399
84300,46.1771896337161
84400,46.1851074921143
84500,46.1078918158358
84600,46.0442298734037
84700,45.9403379426452
84800,45.8639749392612
84900,45.8086030123946
85000,45.7739051103333
85100,45.807235336005
85200,45.7820830732795
85300,45.7646398011555
85400,45.7960890923743
85500,45.7637017235725
85600,45.8120536286341
85700,45.7879548912489
85800,45.8085573645072
85900,45.7799975768729
86000,45.7510545444003
86100,45.6811907806749
86200,45.6543516213871
86300,45.6741444149725
86400,45.7087159479966
86500,45.7347101700635
86600,45.7998797295894
86700,45.8521093407698
86800,45.9387318692673
86900,46.0285320645459
87000,46.091052981522
87100,46.0992524465031
87200,46.1855199517823
87300,46.2794829424922
87400,46.2705928643916
87500,46.3128183697325
87600,46.3594492240989
87700,46.5190157884176
87800,46.5491068577623
87900,46.5985092851838
88000,46.625404513234
88100,46.6729161811447
88200,46.7247163589465
88300,46.6762954609133
88400,46.6675034880253
88500,46.6200425275714
88600,46.6500902888952
88700,46.6880322746814
88800,46.7047946839349
88900,46.7155899935375
89000,46.7100415398753
89100,46.6519352809049
89200,46.678174931188
89300,46.6875287595689
89400,46.6758845496188
89500,46.6519793738195
89600,46.6519345461089
89700,46.5829080822516
89800,46.5259099198273
89900,46.3929403659374
90000,46.3640869358255
90100,46.3320291597927
90200,46.3111340984009
90300,46.3249825865881
90400,46.2979241580711
90500,46.3040977467734
90600,46.3041899928671
90700,46.3185522818684
90800,46.3125335897236
90900,46.2845863490637
91000,46.2913070427339
91100,46.2672441789742
91200,46.2554834342433
91300,46.2013555360362
91400,46.1901589445906
91500,46.2263828211367
91600,46.1790625280293
91700,46.2014457569169
91800,46.2313724905943
91900,46.2784987538162
92000,46.2667286683577
92100,46.2825560012959
92200,46.2624070412497
92300,46.3267741126042
92400,46.3295806402404
92500,46.3270125811391
92600,46.406365410863
92700,46.3725231060584
92800,46.4497402796175
92900,46.4587101662184
93000,46.4527290719797
93100,46.4839244538727
93200,46.4532829071181
93300,46.4950174612501
93400,46.5710088448229
93500,46.6327857749151
93600,46.7187108293404
93700,46.7246394151556
93800,46.7655450119558
93900,46.8386212152135
94000,46.9113644020582
94100,46.9081792763529
94200,46.9559672494397
94300,46.9491146046669
94400,46.9365885543443
94500,47.0044895087235
94600,46.9590271366528
94700,47.0687283993539
94800,46.987100493023
94900,46.9533806390879
95000,46.9564864454914
95100,46.9554943742
95200,46.9886064961772
95300,46.9052606438851
95400,46.7521005384197
95500,46.6502960853802
95600,46.6423836344069
95700,46.5748814419449
95800,46.5923805260043
95900,46.6128674880506
96000,46.5722732022553
96100,46.5353828162754
96200,46.5742460368277
96300,46.5703859694796
96400,46.6549771716269
96500,46.6807375468164
96600,46.6342937389434
96700,46.5271715315216
96800,46.613457750049
96900,46.569483429131
97000,46.575013781104
97100,46.5254974860739
97200,46.4175331417662
97300,46.4295381316885
97400,46.5225417873343
97500,46.5218259464366
97600,46.4973736862653
97700,46.5489478677503
97800,46.5723658562045
97900,46.526763159923
98000,46.5416213556997
98100,46.6013108255591
98200,46.5833447094233
98300,46.578086956778
98400,46.4985917301317
98500,46.480072984213
98600,46.4536808390071
98700,46.4090665434761
98800,46.3078922501739
98900,46.3255295984629
99000,46.2705438666592
99100,46.3763419687384
99200,46.432586783348
99300,46.4498702365791
99400,46.3961506745245
99500,46.4549257076054
99600,46.4761699235824
99700,46.4908910198008
99800,46.3936740214733
99900,46.3815574720352
100000,46.4125621579594
100100,46.3391767922834
100200,46.3178140687612
100300,46.2992327448947
100400,46.3321984340149
100500,46.2341063183699
100600,46.3015290049042
100700,46.3761997535416
100800,46.3836044551286
100900,46.4450474141227
101000,46.4337116701655
101100,46.3626823300738
101200,46.4043027662172
101300,46.4391906596534
101400,46.5651162944426
101500,46.5067185040878
101600,46.5263925803436
101700,46.5269254071562
101800,46.598774105394
101900,46.6701171778086
102000,46.598533259282
102100,46.6667206184171
102200,46.6156944263248
102300,46.6773853668381
102400,46.670990846616
102500,46.7791479570043
102600,46.6408836668578
102700,46.6596944917066
102800,46.6208206915787
102900,46.5888882305581
103000,46.6685188385001
103100,46.6825568014914
103200,46.5921471842233
103300,46.634265045032
103400,46.4586688965541
103500,46.5261991192254
103600,46.4957030388133
103700,46.3904021655188
103800,46.3767367911784
103900,46.3193828538356
104000,46.2880882852719
104100,46.2807249134909
104200,46.3283836342065
104300,46.2364891300884
104400,46.2008500389856
104500,46.0757609594403
104600,46.172828804798
104700,46.1485555801105
104800,46.2027518865673
104900,46.2480747429116
105000,46.1433814591816
105100,46.1332317236271
105200,46.1563152857279
105300,46.0513660003005
105400,46.1365878220421
105500,46.1419763824986
105600,46.084199419623
105700,46.1629858867851
105800,46.0655583076712
105900,46.0817201042439
106000,46.06850366897
106100,46.0428796143431
106200,45.9884922212688
106300,46.0200333635231
106400,46.0254213588799
106500,46.1220841294432
106600,46.1795023000441
106700,46.1819251705485
106800,46.1438835275063
106900,46.1057281175131
107000,46.2059105738351
107100,46.244997100283
107200,46.2141907251798
107300,46.3114572989549
107400,46.3202870491923
107500,46.2652961028002
107600,46.3010004507575
107700,46.2508185260615
107800,46.308318474066
107900,46.1289982705579
108000,46.1746359651443
108100,46.1795744768935
108200,46.2639551895119
108300,46.2797071909983
108400,46.3143564939988
108500,46.313690291559
108600,46.1534017953926
108700,46.1367515260061
108800,46.1361191537695
108900,46.1197326811517
109000,46.1177816099164
109100,46.1089276627779
109200,46.1463204827616
109300,46.1713815466825
109400,46.1898173772251
109500,46.129669892167
109600,46.0951910525317
109700,46.1332698654594
109800,46.1170359482931
109900,46.2444358024016
110000,46.2410219476813
110100,46.2891180789065
110200,46.2436206020046
110300,46.2090389781486
110400,46.1779205129602
110500,46.1398434187431
110600,46.1971153318146
110700,46.2154311252257
110800,46.278365328368
110900,46.2110809141301
111000,46.1735361297564
111100,46.1219129048581
111200,46.1182198095333
111300,46.0476354666619
111400,45.9868190271631
111500,46.0293486213069
111600,46.0300786881278
111700,46.0233718063241
111800,45.9636602375907
111900,45.9948594238648
112000,46.0096764613899
112100,45.9894180450176
112200,46.0330498574135
112300,46.0181206687624
112400,46.0452080023674
112500,46.0506762896466
112600,46.0190770495301
112700,45.9865166747686
112800,45.9985585439503
112900,46.0082748323699
113000,46.0309896938012
113100,46.0813586726837
113200,46.0879693339131
113300,46.050048899567
113400,46.0832687079411
113500,46.1171229015451
113600,46.1579005043182
113700,46.2080747088089
113800,46.3183088197353
113900,46.3460419899877
114000,46.2854719651482
114100,46.3182909962316
114200,46.2388404351876
114300,46.3108286235266
114400,46.2932847636252
114500,46.3117894353735
114600,46.3416948099628
114700,46.3185451185921
114800,46.2877465642697
114900,46.3473273652515
115000,46.3894740262473
115100,46.4097218046996
115200,46.4387691591039
115300,46.4758006671648
115400,46.5908267651392
115500,46.573898735561
115600,46.6303463577565
115700,46.4735666049479
115800,46.4943475208378
115900,46.4925172145285
116000,46.5590028052923
116100,46.498071905839
116200,46.4662633379667
116300,46.4425598089188
116400,46.4560370220128
116500,46.4277630492563
116600,46.3962739107631
116700,46.4836889808986
116800,46.5069162127243
116900,46.5953342841271
117000,46.5601783577861
117100,46.5238640370619
117200,46.538570334826
117300,46.5894887213601
117400,46.5246210081322
117500,46.5304600753033
117600,46.497069933277
117700,46.5215269435509
117800,46.4326153833042
117900,46.4258190185521
118000,46.3889810054252
118100,46.3616530655032
118200,46.4166942804694
118300,46.363253708071
118400,46.3932694608078
118500,46.4063058878024
118600,46.4585808742262
118700,46.4398030955385
118800,46.44822086247
118900,46.3365163877467
119000,46.3559555159991
119100,46.3354969940702
119200,46.3536080271305
119300,46.3310557557756
119400,46.3813098990624
119500,46.4052717491341
119600,46.3986643305118
119700,46.4150657631285
119800,46.535814484635
119900,46.5384954594195
120000,46.4654134090042
120100,46.4971660347113
120200,46.5103306723369
120300,46.4804469963795
120400,46.4290817460254
120500,46.3773939746692
120600,46.3044327897
120700,46.279813025805
120800,46.1494707405595
120900,46.2102502910319
121000,46.0787693218048
121100,46.0895236759086
121200,45.9290136983007
121300,45.8566200605117
121400,45.7237218727767
121500,45.6874575664652
121600,45.6244718990748
121700,45.6396165850782
121800,45.5092464197761
121900,45.351899496142
122000,45.3965374520856
122100,45.4196068626015
122200,45.3864924185008
122300,45.4159080835402
122400,45.3585271356996
122500,45.3453055974776
122600,45.3638888181014
122700,45.340376264552
122800,45.3632630682366
122900,45.3251685173064
123000,45.3797564206062
123100,45.3464553630377
123200,45.4534864574669
123300,45.4928874413386
123400,45.5598921333551
123500,45.5556956468488
123600,45.6031463906884
123700,45.5253491271113
123800,45.5958226493802
123900,45.6710575185556
124000,45.7341752786286
124100,45.7122885040242
124200,45.664685061846
124300,45.7264512882223
124400,45.7407803968845
124500,45.8296923864109
124600,45.8147595165469
124700,45.8607793122712
124800,45.8709359913889
124900,45.8431433071847
125000,45.8323979191553
125100,45.7816766150484
125200,45.670682063289
125300,45.6173084620661
125400,45.5648525640582
125500,45.542726210903
125600,45.5288366647508
125700,45.6134092381996
125800,45.6133773925285
125900,45.6559978239876
126000,45.673254619337
126100,45.6043744505448
126200,45.7486210974232
126300,45.7637501579654
126400,45.7842691599871
126500,45.7041368261581
126600,45.7756541021415
126700,45.7818667485367
126800,45.7580940319795
126900,45.7812083453925
127000,45.8261406458206
127100,45.8748454888654
127200,46.0415902266012
127300,46.1250857524766
127400,46.1992601043621
127500,46.2850671358579
127600,46.3580763019014
127700,46.3622863039112
127800,46.3474316536748
127900,46.4033414207108
128000,46.3818074819
128100,46.4170635035628
128200,46.3734114011879
128300,46.3230681534854
128400,46.3245903850813
128500,46.4345755010398
128600,46.3496249883675
128700,46.3328781318306
128800,46.4258985411994
128900,46.4428218478928
129000,46.434091891093
129100,46.5001556769948
129200,46.4531741606655
129300,46.3585836302749
129400,46.3475321095928
129500,46.357229255788
129600,46.3692596414303
129700,46.3788004681576
129800,46.3572892390175
129900,46.3639359628976
130000,46.4138556829729
130100,46.5326794096445
130200,46.519657112511
130300,46.5762224486197
130400,46.5900821932419
130500,46.6184964040054
130600,46.7772109654436
130700,46.7856372697739
130800,46.8447293138538
130900,46.9243375931507
131000,46.9678612510226
131100,46.9770310744663
131200,47.0271227948823
131300,47.1442741642026
131400,47.1508901005193
131500,47.093631780845
131600,47.0509916139165
131700,47.1452174936562
131800,47.2515388521856
131900,47.2633296656374
132000,47.2612855580439
132100,47.2065412325338
132200,47.2686874484112
132300,47.2255495760889
132400,47.3576122618813
132500,47.327504440061
132600,47.2298716513187
132700,47.2676294542742
132800,47.2505141118
132900,47.1612628109606
133000,47.1785944618094
133100,47.1560436062855
133200,47.1239421385935
133300,47.1116901058238
133400,47.1574364730243
133500,47.197282890354
133600,47.2149483748883
133700,47.1194943839633
133800,47.0826972967986
133900,47.0446849381725
134000,47.0227185581122
134100,47.0066473572615
134200,46.9197686874023
134300,46.9641319166536
134400,46.9230038388359
134500,46.9234986257934
134600,47.0051134348003
134700,47.0362051090147
134800,47.0644491124777
134900,47.1866026320027
135000,47.2097187699535
135100,47.2015837870032
135200,47.2304821288174
135300,47.2975489256033
135400,47.3361744582308
135500,47.3750514576714
135600,47.3970015548393
135700,47.4263238920194
135800,47.4423753693847
135900,47.4766039967191
136000,47.512198801911
136100,47.5637712692464
136200,47.5740834338661
136300,47.5537403742913
136400,47.6117297782548
136500,47.5792774604442
136600,47.5244771687393
136700,47.5078747330402
136800,47.4924398749117
136900,47.4345664304278
137000,47.3660839817803
137100,47.3549665522868
137200,47.3447959410722
137300,47.3696698148968
137400,47.3273777432643
137500,47.3493789912187
137600,47.3208576322698
137700,47.3273190394921
137800,47.3788758357638
137900,47.4168938113727
138000,47.3697500761868
138100,47.2868833426516
138200,47.3097196905779
138300,47.2330767856047
138400,47.1043165008872
138500,47.051455035867
138600,47.0803337943546
138700,47.0650753514576
138800,46.9983209491919
138900,46.9932765674353
139000,46.904033809436
139100,46.9305613284909
139200,46.8979835611355
139300,46.8823363617804
139400,46.931958241552
139500,46.8334084137814
139600,46.8410709100364
139700,46.8875601850596
139800,46.8902971922711
139900,46.8832716920778
140000,46.9476436608869
140100,47.0372164163293
140200,47.039690803198
140300,47.0383468215936
140400,47.0444651989079
140500,47.0716887458831
140600,46.8591323310123
140700,46.8230480855529
140800,46.8538997347286
140900,46.8142878851996
141000,46.8862822475377
141100,46.8188058734553
141200,46.8390605513285
141300,46.7192210028223
141400,46.5951773545185
141500,46.6546636769991
141600,46.6862714999746
141700,46.723886572481
141800,46.6940561234348
141900,46.6839473820962
142000,46.6124970581246
142100,46.6095291187398
142200,46.6613371201938
142300,46.7231997567038
142400,46.8206965875338
142500,46.8619056286383
142600,47.0482759239239
142700,47.0517647827352
142800,47.0530722441945
142900,47.1236190109067
143000,47.1873025221696
143100,47.3092468219522
143200,47.3320796484182
143300,47.45872920563
143400,47.496461975443
143500,47.4906018662084
143600,47.3861279464757
143700,47.3093928146504
143800,47.318348693919
143900,47.2247408274634
144000,47.188742327726
144100,47.1582119263903
144200,47.0546013074778
144300,46.9969317518494
144400,46.8925159423589
144500,46.8268312456896
144600,46.7690225773946
144700,46.794673009948
144800,46.72408201147
144900,46.6491434050604
145000,46.5070621070528
145100,46.4693507802775
145200,46.4038749516892
145300,46.3266153340634
145400,46.3312264779665
145500,46.2869655951444
145600,46.2517455361596
145700,46.2505572168004
145800,46.1970973987307
145900,46.2387496579649
146000,46.3193999216648
146100,46.2395523297198
146200,46.3015912338787
146300,46.3335877563647
146400,46.3824248096794
146500,46.4318535818058
146600,46.5320171811317
146700,46.5452665808386
146800,46.571627123209
146900,46.5560322371865
147000,46.6485337241391
147100,46.6913963518526
147200,46.7405296158643
147300,46.8140812173754
147400,46.8334433234797
147500,46.8265562894617
147600,46.8937603895824
147700,46.8772326109821
147800,46.9582444891078
147900,46.9954138454199
148000,46.995533787653
148100,47.0555463351575
148200,47.0325878129663
148300,47.0333421354885
148400,46.9862662553558
148500,47.005852631968
148600,46.9690547294487
148700,46.9312628936324
148800,47.0010295761258
148900,47.0455956957518
149000,47.0375537015665
149100,47.016258428847
149200,47.0206954936726
149300,46.9454584469499
149400,46.9047227480877
149500,46.9423224157234
149600,46.9227477634881
149700,46.915009647124
149800,46.8567631613697
149900,46.7406018923889
150000,46.5423413080982
150100,46.558205098077
150200,46.5122083011527
150300,46.5094279455735
150400,46.5625803091596
150500,46.5816256479101
150600,46.5989926661311
150700,46.5678152688827
150800,46.4520013777176
150900,46.4194962141196
151000,46.4356216477004
151100,46.354093603665
151200,46.3123462481513
151300,46.3286650408823
151400,46.396473593746
151500,46.4248861400292
151600,46.4057641921896
151700,46.4491955344343
151800,46.4610512261013
151900,46.4857138836727
152000,46.6182315980295
152100,46.5862362846037
152200,46.6214253687261
152300,46.557226546865
152400,46.4545559960067
152500,46.4112539527846
152600,46.3437746811915
152700,46.3671214752641
152800,46.4607250733843
152900,46.5008192430424
153000,46.4233104302518
153100,46.4644811113316
153200,46.4726527024894
153300,46.5267511128426
153400,46.4891802894727
153500,46.4551767116816
153600,46.448340338861
153700,46.3989087647861
153800,46.3100328906326
153900,46.3368929679935
154000,46.3405725773931
154100,46.3568331342222
154200,46.3438390285577
154300,46.4021610412178
154400,46.5113082481927
154500,46.5202091888834
154600,46.5005835452789
154700,46.4734496903314
154800,46.3985637779215
154900,46.374082421172
155000,46.4322080636409
155100,46.4136948258632
155200,46.3561668352041
155300,46.2865184416793
155400,46.2026093226199
155500,46.1481634354458
155600,46.0188541161894
155700,46.0261074734403
155800,46.0334738639591
155900,45.9766732020814
156000,45.9223884900943
156100,45.9565177253682
156200,45.9729276625785
156300,45.9322635200378
156400,45.8856206326871
156500,45.8622454714897
156600,45.8595657249238
156700,45.8715219149035
156800,45.8621988055282
156900,45.8812477358029
157000,45.8906639901978
157100,45.9433106259143
157200,45.9546486920661
157300,45.9420875008899
157400,45.9681290669918
157500,45.9330380500127
157600,46.0561587542737
157700,45.9810629713942
157800,45.9954908532188
157900,46.0294778511753
158000,46.0175957483715
158100,45.9235587590819
158200,45.8986450483607
158300,45.7913228189855
158400,45.7180589155638
158500,45.6930286474791
158600,45.6860329107154
158700,45.6431570890032
158800,45.6198452638347
158900,45.5475647624401
159000,45.4213335624749
159100,45.3338340086097
159200,45.2988335697575
159300,45.3204869124679
159400,45.3172800358924
159500,45.4085350029023
159600,45.4381609427617
159700,45.4798142826969
159800,45.4676469373246
159900,45.4516927431396
160000,45.4793044516513
160100,45.5503156071096
160200,45.5680385707249
160300,45.6794955384811
160400,45.7442895611623
160500,45.7567413451894
160600,45.6865800480271
160700,45.7494326117636
160800,45.7251148630618
160900,45.7543897911037
161000,45.8598419474112
161100,45.9516344666352
161200,46.0246040004559
161300,46.0414976721293
161400,45.9382802409974
161500,45.9219291193572
161600,45.9132060457807
161700,45.9247796200312
161800,45.9735072649508
161900,45.9762764502168
162000,46.0021455370802
162100,45.917800061052
162200,45.8507315441921
162300,45.875554218691
162400,45.8562034858898
162500,45.9196885695751
162600,46.0124905400448
162700,45.9614188908749
162800,46.0247542857803
162900,46.0746628990571
163000,46.0571835406569
163100,46.0254447744064
163200,45.9909756889625
163300,45.9982203980701
163400,46.1067464798375
163500,46.1584780726199
163600,46.1591836781348
163700,46.192722194565
163800,46.1810257724152
163900,46.2471128729298
164000,46.2484764414077
164100,46.347149144703
164200,46.3770668207408
164300,46.3547336683957
164400,46.3969449272836
164500,46.2862411690691
164600,46.3081214170726
164700,46.3530587374647
164800,46.4082226649846
164900,46.3667335440648
165000,46.4543860220647
165100,46.5000497369172
165200,46.5310123238966
165300,46.5508533255619
165400,46.5474430918958
165500,46.4633699379663
165600,46.4751576933767
165700,46.4547363149072
165800,46.4702212552985
165900,46.4693543407417
166000,46.478209910182
166100,46.5109860179852
166200,46.5058953143686
166300,46.4762163791074
166400,46.3818347971508
166500,46.4447044342456
166600,46.4392210030113
166700,46.4932565878204
166800,46.4937220748832
166900,46.5279073467125
167000,46.479552874467
167100,46.3857923304996
167200,46.4043200583792
167300,46.4466559282798
167400,46.5273627054349
167500,46.5636667426018
167600,46.5593318426584
167700,46.5581766103664
167800,46.5849730064192
167900,46.5157454159624
168000,46.493852574241
168100,46.3812330209785
168200,46.3767794425618
168300,46.3873301045046
168400,46.4974272249827
168500,46.5005488591211
168600,46.4824860373655
168700,46.4366280976565
168800,46.2826967027565
168900,46.2585800753738
169000,46.2229931772835
169100,46.3089426148534
169200,46.3349797312033
169300,46.296360580519
169400,46.2674082891855
169500,46.2813525757646
169600,46.2781823125951
169700,46.2676392886408
169800,46.2439195688216
169900,46.3458061465847
170000,46.3493210495952
170100,46.427449682097
170200,46.5194260916257
170300,46.4982521804978
170400,46.4893034160615
170500,46.5109753047415
170600,46.6093526628428
170700,46.5801251109792
170800,46.6971966169169
170900,46.730757710303
171000,46.7645943065012
171100,46.7618499873086
171200,46.7645953877854
171300,46.7321379797243
171400,46.7107690643384
171500,46.6592263238913
171600,46.6888796880379
171700,46.7056417908377
171800,46.7536742434188
171900,46.6834605811941
172000,46.6805462207355
172100,46.7200651975986
172200,46.7308645167322
172300,46.8036863005462
172400,46.8859585985577
172500,46.8854618415978
172600,46.8194896812155
172700,46.8248363501745
172800,46.8787371958157
172900,46.8865568720722
173000,47.0205907031841
173100,47.0511013795171
173200,47.0512534747876
173300,47.0710040349978
173400,47.0532595708315
173500,47.0342454443527
173600,46.9447133554423
173700,46.9419464727663
173800,46.86731515574
173900,46.9078664333101
174000,46.9286766677599
174100,46.8967661528143
174200,46.8723718439738
174300,46.8738437987269
174400,46.7687422460455
174500,46.7694149082622
174600,46.7608411120104
174700,46.7875112979995
174800,46.7495466887039
174900,46.7580149851966
175000,46.6433390652369
175100,46.5721230148466
175200,46.5315533053849
175300,46.5687312480698
175400,46.587503926275
175500,46.6119252693808
175600,46.725231613988
175700,46.7608854088485
175800,46.8171192258663
175900,46.7755157967486
176000,46.732497523394
176100,46.6807649253955
176200,46.5820329114974
176300,46.5675718538369
176400,46.6644349996681
176500,46.6088925445263
176600,46.6084053455408
176700,46.5800799430309
176800,46.556424676658
176900,46.4092749065956
177000,46.3702694455966
177100,46.3416359370959
177200,46.3509857696828
177300,46.2739188274347
177400,46.2494832965163
177500,46.2605754035338
177600,46.2198599047939
177700,46.1873700947618
177800,46.130456314694
177900,46.1803442696412
178000,46.219095388806
178100,46.2229311256868
178200,46.2885227034957
178300,46.285284769052
178400,46.2242892539249
178500,46.253564224046
178600,46.15685046022
178700,46.1920111784551
178800,46.2715979716723
178900,46.3777558290276
179000,46.47426178939
179100,46.4609829830334
179200,46.4085465915429
179300,46.4129060919329
179400,46.4790198578406
179500,46.510408231903
179600,46.527725308393
179700,46.5055343161673
179800,46.5458457641082
179900,46.5266199861433
180000,46.5299836369185
180100,46.5209141505426
180200,46.4862236786159
180300,46.5297346053313
180400,46.5546845589323
180500,46.5526759565605
180600,46.6428097816575
180700,46.5826445765222
180800,46.5579503879652
180900,46.5674955228309
181000,46.5063818607615
181100,46.5610465390389
181200,46.6764219948409
181300,46.6670490062846
181400,46.6531904866437
181500,46.5674246872239
181600,46.5855674537841
181700,46.571048033811
181800,46.5643432978645
181900,46.5216982526519
182000,46.4982178294513
182100,46.4787795320476
182200,46.4683852482426
182300,46.4466863041724
182400,46.391818241916
182500,46.3167109050743
182600,46.2791132059313
182700,46.3207469872777
182800,46.3347005196682
182900,46.319777869182
183000,46.3085048161876
183100,46.3461929177235
183200,46.3084294801209
183300,46.2552428240739
183400,46.2629705752779
183500,46.2412194909138
183600,46.18185006885
183700,46.2742294040146
183800,46.2490575130735
183900,46.2455519545182
184000,46.2714297855528
184100,46.2823128396146
184200,46.1864807408593
184300,46.1235015525272
184400,46.127076707254
184500,46.2167398284326
184600,46.17570118918
184700,46.1725651914834
184800,45.9779557531156
184900,45.9722045035296
185000,45.9552846060822
185100,45.8562609688524
185200,45.6824838204396
185300,45.6872109625386
185400,45.7102548769991
185500,45.7065594543447
185600,45.683769446088
185700,45.5626422733847
185800,45.4832295449192
185900,45.433374271007
186000,45.3395065102365
186100,45.3438566590663
186200,45.4429021870705
186300,45.4599246570168
186400,45.4803101707241
186500,45.504744335337
186600,45.5668205026516
186700,45.5367117162871
186800,45.7025498173191
186900,45.6591250332885
187000,45.6760995372834
187100,45.7085512511435
187200,45.872349030627
187300,45.8927808246561
187400,45.9063686544146
187500,45.9456636966417
187600,46.0182885138219
187700,46.0542985549051
187800,46.1750140596645
187900,46.2976333378673
188000,46.3918585722765
188100,46.3627459277649
188200,46.362049502973
188300,46.437549057374
188400,46.2851504211327
188500,46.1209753988507
188600,46.140823272425
188700,46.1048199850578
188800,46.0570176763959
188900,46.0580962216294
189000,46.0437904387018
189100,46.0430869659631
189200,46.0473941197003
189300,46.1089611150085
189400,46.0646678846447
189500,46.0879602119993
189600,46.0281313739209
189700,46.0527595952161
189800,45.9900814211208
189900,45.9508510438974
190000,45.9610765230779
190100,46.0005706770209
190200,46.0294013511378
190300,45.941702045732
190400,46.0494325695836
190500,46.1243945273204
190600,46.0881646440942
190700,46.1760852028589
190800,46.2055034111923
190900,46.2000461078693
191000,46.2337883169439
191100,46.3022478714117
191200,46.3142172817241
191300,46.2177807022536
191400,46.1380790351713
191500,46.1245312119333
191600,46.1620692528121
191700,46.1024529907148
191800,46.0800264629647
191900,46.0817992033715
192000,46.0268874389375
192100,46.0114177121035
192200,45.8809325132979
192300,45.843011789771
192400,45.7648343199356
192500,45.7928072781727
192600,45.8114962184851
192700,45.7513789741687
192800,45.7052245117276
192900,45.6904316197178
193000,45.6534908054782
193100,45.6266581159501
193200,45.6095429245687
193300,45.6586893516721
193400,45.6244466170597
193500,45.5795497845695
193600,45.5403455637909
193700,45.6199978136368
193800,45.6529427540432
193900,45.6935735950482
194000,45.7519844533945
194100,45.7699222980571
194200,45.8644913551102
194300,45.8920250732444
194400,45.952218539782
194500,45.8929464610373
194600,45.949276056519
194700,45.9948240979268
194800,46.0867048102481
194900,46.1125440835129
195000,46.1747885879041
195100,46.1842674351966
195200,46.1600070969377
195300,46.1637729688472
195400,46.216698820385
195500,46.2209753199007
195600,46.2079015196726
195700,46.1420006343193
195800,46.1255457922282
195900,46.1105398591749
196000,46.0655894894934
196100,46.0767603056011
196200,46.0847784722204
196300,46.1328506836673
196400,46.2145799731831
196500,46.2571263894532
196600,46.1394553871147
196700,46.023945327125
196800,45.9625593541934
196900,45.9888088238143
197000,45.9823341217896
197100,45.9440992290307
197200,45.8912339394759
197300,45.8269464333583
197400,45.7949136854852
197500,45.7312656925279
197600,45.7102925056144
197700,45.7321980621526
197800,45.7617964614462
197900,45.7611414751964
198000,45.8068628454953
198100,45.8029065877384
198200,45.8201289451519
198300,45.7668274468397
198400,45.6871782042622
198500,45.7012431283269
198600,45.7461131864641
198700,45.9229125119988
198800,45.8300677403221
198900,45.8644225707181
199000,45.8108685503002
199100,45.8272118029964
199200,45.8926024435861
199300,45.9716659445766
199400,46.027515404978
199500,46.1822275700986
199600,46.286211518097
199700,46.3466088651616
199800,46.3859188501166
199900,46.3263032455856
200000,46.3148991182987
200100,46.2775727071815
200200,46.2937544377173
200300,46.4051482106891
200400,46.4433691359682
200500,46.434519510493
200600,46.3966706698678
200700,46.2844276891763
200800,46.3498910442461
200900,46.3240008386665
201000,46.3162837252375
201100,46.373936322549
201200,46.4091845109112
201300,46.4159755382501
201400,46.5019499240128
201500,46.5205490884176
201600,46.4688403467047
201700,46.4574944374528
201800,46.4804940016434
201900,46.4888759060461
202000,46.4677054484733
202100,46.5348980473644
202200,46.4893561715602
202300,46.4266891605061
202400,46.4046616558398
202500,46.4474298099658
202600,46.4987116795021
202700,46.5620332787967
202800,46.6557006314134
202900,46.6998496567443
203000,46.8275301663585
203100,46.8322536988723
203200,46.8060676201443
203300,46.8550285784223
203400,46.8688132397346
203500,46.8345729523428
203600,46.8616911159369
203700,46.8732483072609
203800,46.8918903147752
203900,47.0227388434533
204000,47.0491187113301
204100,47.0382905005004
204200,47.106883169005
204300,47.1851905905594
204400,47.2676405458357
204500,47.2806676227848
204600,47.3366090306006
204700,47.3155273531074
204800,47.3240058515297
204900,47.3317669674794
205000,47.2718718457423
205100,47.2980464748123
205200,47.3051940719956
205300,47.2492988100196
205400,47.1678081571283
205500,47.1875408189368
205600,47.1783567124423
205700,47.1806475985096
205800,47.1372739914749
205900,47.0191420662555
206000,46.9832952649878
206100,47.0089959680719
206200,47.0145817833052
206300,46.9899464747804
206400,46.9941331623233
206500,47.0061075643191
206600,47.0208225514932
206700,47.0069820113697
206800,46.9897055626017
206900,46.9968622084253
207000,47.041692031443
207100,47.0176275928465
207200,47.0292513720745
207300,47.0213207055968
207400,47.0423871862627
207500,47.0507429986675
207600,47.1000867303523
207700,47.1289080592422
207800,47.1263367256908
207900,47.2171122678445
208000,47.2663974648662
208100,47.1354604000663
208200,46.9848740756835
208300,46.9165717743297
208400,46.8861193877125
208500,46.8134720657041
208600,46.7737389955064
208700,46.6647346111682
208800,46.6702586868877
208900,46.7145921802398
209000,46.646556515437
209100,46.5922164705481
209200,46.5216748347213
209300,46.5713294314369
209400,46.6077017354394
209500,46.625780807897
209600,46.6549357448405
209700,46.5859088556898
209800,46.5910107097408
209900,46.5653809019287
210000,46.6137815264126
210100,46.7285681338008
210200,46.8282590258156
210300,46.8205363564695
210400,46.7500964584074
210500,46.7451250271746
210600,46.7476918562363
210700,46.8726634767525
210800,46.878629243757
210900,46.8712277225418
211000,46.8778458703768
211100,46.9142858963882
211200,46.9747869396546
211300,46.9909500241451
211400,47.037543161177
211500,47.10051556766
211600,47.0564914992852
211700,47.156275123636
211800,47.2090543878546
211900,47.1915896352761
212000,47.0922766952066
212100,47.0522378885888
212200,46.9765591990022
212300,47.0167294776098
212400,47.1250936479793
212500,47.1656902255569
212600,47.1800160671705
212700,47.1481364368768
212800,47.0877604364189
212900,47.02231947331
213000,47.0071916351126
213100,46.9326699924537
213200,46.9596231386463
213300,46.9388831672633
213400,46.8612713111645
213500,46.7257139236388
213600,46.7382654047668
213700,46.7350253699551
213800,46.6783573210354
213900,46.5992282272487
214000,46.6179641872945
214100,46.5914193046709
214200,46.6439132889912
214300,46.6330568966778
214400,46.569601303109
214500,46.5734102285343
214600,46.5414679796179
214700,46.4590108418957
214800,46.4575691991466
214900,46.4837946671327
215000,46.4978704591787
215100,46.6126141538197
215200,46.5692812037116
215300,46.4998291187737
215400,46.478047800867
215500,46.493525595205
215600,46.453131362355
215700,46.3189312333583
215800,46.3424586484865
215900,46.4195994407625
216000,46.3884361680147
216100,46.3663221236711
216200,46.353941885687
216300,46.3640876249714
216400,46.3918219281616
216500,46.3833997881577
216600,46.3867324273974
216700,46.4823507815951
216800,46.4929600715133
216900,46.3895720020585
217000,46.3406648646142
217100,46.2281013085515
217200,46.1630020943927
217300,46.2153279825039
217400,46.1951044339886
217500,46.1808861097902
217600,46.0897760329301
217700,46.1602178990047
217800,46.0889989344012
217900,46.0647581207515
218000,46.1013964386731
218100,46.1914611392428
218200,46.2253241807739
218300,46.2397499148037
218400,46.2341764260839
218500,46.2306729823169
218600,46.2941547586854
218700,46.2945466001902
218800,46.2592646031394
218900,46.3144555953327
219000,46.3617400572119
219100,46.3953343170948
219200,46.5285810436437
219300,46.5548925591469
219400,46.5296499711631
219500,46.5590950262278
219600,46.7032584678799
219700,46.7327197718551
219800,46.8380011944284
219900,46.8748564393222
220000,46.8976661133545
220100,46.8970223593338
220200,46.9163231469651
220300,46.9529767497571
220400,47.0526422259119
220500,47.0928826806276
220600,47.0705182505287
220700,47.0694494069477
220800,47.1725137810965
220900,47.2231107597994
221000,47.3273432124741
221100,47.3879859293316
221200,47.3467765551271
221300,47.3444956989502
221400,47.3745037208092
221500,47.400563194923
221600,47.420843095877
221700,47.3922954761421
221800,47.3558989730193
221900,47.3659866542534
222000,47.3835979998216
222100,47.3915369734299
222200,47.4195302047274
222300,47.3778729497869
222400,47.3065662028413
222500,47.2889956297926
222600,47.2310141230476
222700,47.2336207575993
222800,47.1858829985891
222900,47.1745385824088
223000,47.1164148641686
223100,47.1244166748149
223200,47.1514815530083
223300,47.1640660238494
223400,47.1976981469873
223500,47.1736255453568
223600,47.1276848684035
223700,47.1445890608729
223800,47.1310879524783
223900,47.127637631366
224000,47.0997955082496
224100,47.077979200546
224200,47.0602936250974
224300,47.0213368983898
224400,46.9285706448454
224500,46.8265939116988
224600,46.8392379138
224700,46.7666159534425
224800,46.7388712844408
224900,46.6098792727512
225000,46.4394861846732
225100,46.3073025148036
225200,46.2572774194591
225300,46.1571479655963
225400,46.0873720559128
225500,46.0231070950393
225600,46.0186560292217
225700,46.0020820607458
225800,46.0160711280268
225900,45.9906965888552
226000,45.9628950552929
226100,45.9446540881135
226200,45.8881422141847
226300,45.8924934782725
226400,45.9362055328482
226500,45.9862902697982
226600,45.985859474729
226700,45.9983462795613
226800,46.0319941117656
226900,46.0693722370617
227000,46.140800928572
227100,46.2911477781378
227200,46.2846352927621
227300,46.3205953426102
227400,46.3699204208601
227500,46.4621237962185
227600,46.3885217448327
227700,46.356789432837
227800,46.3405870847279
227900,46.3102760770721
228000,46.3248182378229
228100,46.3403776670235
228200,46.3563500993856
228300,46.372951103881
228400,46.3382354387996
228500,46.3352507925855
228600,46.3564170035036
228700,46.3981122277899
228800,46.2910493618743
228900,46.3699472064437
229000,46.4175222455312
229100,46.2914833769559
229200,46.2479612602478
229300,46.2022888985507
229400,46.1298471969867
229500,46.1229347782674
229600,46.118083046213
229700,46.0156660719387
229800,45.9633166730126
229900,45.9573272337971
230000,45.9201530882726
230100,45.8461660559853
230200,45.8645162699868
230300,45.8166824322795
230400,45.8350910054826
230500,45.8464616493418
230600,45.8558970830395
230700,45.860724531142
230800,45.8772473994937
230900,45.800100858682
231000,45.8310076074272
231100,45.8243087880064
231200,45.7900385179799
231300,45.8362586533885
231400,45.8263101367472
231500,45.7385823870543
231600,45.769779494976
231700,45.8578191019595
231800,45.797961549329
231900,45.8200089774127
232000,45.7574421280981
232100,45.7746091863455
232200,45.7230421945541
232300,45.7741300898549
232400,45.7622842049666
232500,45.778499109892
232600,45.7353465344312
232700,45.7215634012947
232800,45.8019854693002
232900,45.8537134167673
233000,45.8213680831336
233100,45.9018518453698
233200,46.016225947597
233300,46.0368968165542
233400,46.0976254026558
233500,46.1440685480908
233600,46.2423811432098
233700,46.3298881439063
233800,46.5051521694342
233900,46.5400558743787
234000,46.6830992487425
234100,46.7028248953096
234200,46.7139228054402
234300,46.6870585264898
234400,46.6741073522503
234500,46.654378706975
234600,46.6349939443539
234700,46.7007328152785
234800,46.7012270028101
234900,46.7345797717756
235000,46.7082358687939
235100,46.706355786649
235200,46.665201570074
235300,46.6528668338567
235400,46.6164394589053
235500,46.6409395162944
235600,46.5729285528729
235700,46.4576701331007
235800,46.3823906700296
235900,46.3471088093017
236000,46.3252254945709
236100,46.3045772927628
236200,46.3609492029091
236300,46.3830644982033
236400,46.4226184072152
236500,46.4212016155582
236600,46.4533443364428
236700,46.4420430941155
236800,46.394648888133
236900,46.3693856243191
237000,46.4098053089528
237100,46.3785027367447
237200,46.4513502218224
237300,46.4331887941272
237400,46.5322265821497
237500,46.5334165980007
237600,46.5713612818906
237700,46.6673221249117
237800,46.677707031999
237900,46.6680170087435
238000,46.6157059787735
238100,46.6798289279494
238200,46.6473963956464
238300,46.676072637041
238400,46.6426735212882
238500,46.6996220492198
238600,46.716395676927
238700,46.641201088428
238800,46.7282212764669
238900,46.7143037095309
239000,46.7488755334072
239100,46.7605820068778
239200,46.7619649661821
239300,46.8055696581653
239400,46.7971237147079
239500,46.8339756621308
239600,46.813893242332
239700,46.8653137559574
239800,46.9063144807518
239900,46.9458900336309
240000,47.0637464544279
240100,47.0010996720371
240200,47.0612244690851
240300,47.045925115254
240400,47.063861516785
240500,47.0014499337185
240600,47.0259734515231
240700,47.0630166121937
240800,46.9390009886061
240900,46.9454015142809
241000,46.9283053227925
241100,46.8981105178839
241200,46.8114868302132
241300,46.7901659722733
241400,46.7291209518852
241500,46.6769008753858
241600,46.6656857665099
241700,46.5046783411659
241800,46.4258319522624
241900,46.3606467021159
242000,46.2050502410735
242100,46.1977748364933
242200,46.1713583154386
242300,46.1196661760483
242400,46.1001322115706
242500,46.1229092292147
242600,46.0377227160622
242700,46.0264900072746
242800,46.119362410555
242900,46.1098716995566
243000,46.0974563843919
243100,46.1383968122342
243200,46.1958662138517
243300,46.2119184387397
243400,46.2886429847633
243500,46.2799711514158
243600,46.3100900459156
243700,46.4456491123222
243800,46.5362471414635
243900,46.5983578253957
244000,46.693764984824
244100,46.7648065104349
244200,46.7856967348326
244300,46.7935716562784
244400,46.8798765086382
244500,46.8919306771524
244600,46.9970885177559
244700,47.0890944103133
244800,46.9919299223212
244900,47.0790395944682
245000,47.058026998435
245100,47.0902563252428
245200,47.116545857936
245300,47.1233152783676
245400,47.1221466192956
245500,47.1871585778101
245600,47.1153411883039
245700,47.0453333830321
245800,47.020664082486
245900,47.0498015621519
246000,47.138376167441
246100,47.0832420813767
246200,47.1071966439468
246300,47.178217333303
246400,47.1068923817296
246500,47.0220339075665
246600,47.0514075488174
246700,47.0594326801232
246800,47.1613415436075
246900,47.1019881480373
247000,47.1158204295498
247100,47.1064868003651
247200,47.0451759850867
247300,46.9919579330192
247400,46.9176948225288
247500,46.9246216802839
247600,46.9635808765653
247700,46.9449750271396
247800,46.9027075884469
247900,46.8967914845554
248000,46.8232507359467
248100,46.8796341572549
248200,46.8713903894551
248300,46.8837406983411
248400,46.8952389855143
248500,46.9801628192024
248600,46.9392070452588
248700,46.8816066877511
248800,46.8456993484442
248900,46.7993880286507
249000,46.6333375781101
249100,46.5826299501735
249200,46.581471791691
249300,46.578536960929
249400,46.5819834509265
249500,46.5360091029637
249600,46.5605087708114
249700,46.5595260495158
249800,46.5663486781979
249900,46.4873200896918
250000,46.4628220193589
250100,46.4364129711009
250200,46.3961396144899
250300,46.3820110160127
250400,46.4041900111098
250500,46.3688564397002
250600,46.384120819415
250700,46.3751017473103
250800,46.3837422520407
250900,46.4251157121286
251000,46.6044500781131
251100,46.6277126957772
251200,46.6286650419373
251300,46.6447770387913
251400,46.6614839183647
251500,46.658177809921
251600,46.6207378915836
251700,46.6363333496134
251800,46.6795890015098
251900,46.6816404381699
252000,46.6973889270699
252100,46.7020590943812
252200,46.6754187180653
252300,46.6512053995149
252400,46.6590713990693
252500,46.713279670308
252600,46.6753540991431
252700,46.6928722367064
252800,46.6839355268951
252900,46.6847022107752
253000,46.6670408775323
253100,46.6650802499462
253200,46.6508494418316
253300,46.5877244615296
253400,46.4842914958067
253500,46.5523221898007
253600,46.5724986741081
253700,46.5451858150779
253800,46.5061793610374
253900,46.5299491477267
254000,46.5310037918994
254100,46.5560594455432
254200,46.5533142651597
254300,46.6128299662589
254400,46.6549314264382
254500,46.6318668573307
254600,46.6418321376908
254700,46.628062236003
254800,46.6197778256928
254900,46.6493758862348
255000,46.6675376608213
255100,46.6388344269211
255200,46.5881468876411
255300,46.6173600063436
255400,46.7045527173888
255500,46.6227688782373
255600,46.5488535230259
255700,46.5865440239115
255800,46.5702493897109
255900,46.6245465703944
256000,46.6495067116858
256100,46.5844288855817
256200,46.5874359830087
256300,46.5531613263104
256400,46.4919378387102
256500,46.4506470649604
256600,46.3356992910695
256700,46.2338908873345
256800,46.2004256150527
256900,46.1785677107372
257000,46.1463528005697
257100,46.1007777079055
257200,46.114028895873
257300,46.1447488881955
257400,46.1705965322613
257500,46.1940018697515
257600,46.1798841208028
257700,46.1302046804503
257800,46.1336955267147
257900,46.0962939746459
258000,46.074683730156
258100,46.1118387242349
258200,46.1764973130591
258300,46.1505685846267
258400,46.1340822083515
258500,46.1378898826305
258600,46.1888425789436
258700,46.2172254474881
258800,46.1277088686855
258900,46.027197409557
259000,45.9941018319508
259100,45.976829841234
259200,46.0356671655741
259300,46.009515713068
259400,45.8996143830326
259500,45.8089105381986
259600,45.8098018254163
259700,45.8041440513439
259800,45.8453777622162
259900,45.7701035786637
260000,45.7651517613948
260100,45.7510635922498
260200,45.7052650657896
260300,45.6874815585563
260400,45.6228622155726
260500,45.6221357023276
260600,45.6736286977533
260700,45.7322084079635
260800,45.8342566040828
260900,45.8519169762759
261000,45.8316359122768
261100,45.9168981804945
261200,45.7866694926012
261300,45.7902272671219
261400,45.8569496114933
261500,45.9037214169761
261600,45.9384894526533
261700,45.9674426295107
261800,45.9755563162701
261900,46.057737407251
262000,46.1045806369777
262100,46.0437399432953
262200,46.0319113956748
262300,46.0067195179073
262400,46.0961133425252
262500,46.1133807461298
262600,46.1279793456698
262700,46.0847701407206
262800,46.065747611103
262900,46.1452081235108
263000,46.1969683688936
263100,46.1562748732079
263200,46.2585951130776
263300,46.2460908912939
263400,46.2731434915158
263500,46.3040812951301
263600,46.3149260951223
263700,46.3143282028065
263800,46.2686968857081
263900,46.3052406928252
264000,46.2762208426355
264100,46.3559981359908
264200,46.3621723179201
264300,46.3636413073353
264400,46.4367768949664
264500,46.4356423577528
264600,46.4229096529667
264700,46.4819428705777
264800,46.4979209715874
264900,46.4882625386404
265000,46.4358861524647
265100,46.4711958113025
265200,46.4883635787013
265300,46.4832960120508
265400,46.4433869809593
265500,46.4609851498928
265600,46.4679899819467
265700,46.485832944094
265800,46.4672615257254
265900,46.4411100603114
266000,46.4015855810854
266100,46.3701265399215
266200,46.3602378861777
266300,46.3513160636588
266400,46.2848868218911
266500,46.2857199788084
266600,46.2649731126343
266700,46.2096392848884
266800,46.2247286040645
266900,46.2150182931922
267000,46.2241367043153
267100,46.202758362458
267200,46.1963786852315
267300,46.2437694153344
267400,46.3105954934875
267500,46.2998990365099
267600,46.3006157956603
267700,46.2428889303358
267800,46.2429127577385
267900,46.2401122965024
268000,46.2556407412275
268100,46.2195309190535
268200,46.2132429264205
268300,46.2127067141473
268400,46.1988410544516
268500,46.1367884248227
268600,46.054963881741
268700,46.0461245338589
268800,46.0411583931449
268900,46.0225223361294
269000,46.026577539145
269100,46.0048946227696
269200,45.9800437270238
269300,45.9586616983154
269400,45.8923301985484
269500,45.8266043694795
269600,45.7838064935818
269700,45.7775821139423
269800,45.7432854668744
269900,45.6508961394867
270000,45.673946543142
270100,45.6872393735915
270200,45.62243320007
270300,45.6726309393758
270400,45.6072485308982
270500,45.6155555650174
270600,45.6147586790594
270700,45.6338626685083
270800,45.611859248067
270900,45.5112426568196
271000,45.5127895695676
271100,45.5444389109796
271200,45.5255067174435
271300,45.5199596576487
271400,45.5431927531374
271500,45.5980410008997
271600,45.6561942078956
271700,45.6829470366892
271800,45.7315031283749
271900,45.8299881976393
272000,45.8456083782562
272100,45.8598254099874
272200,46.0086148486015
272300,45.9915228888492
272400,46.006616328768
272500,46.0269443026605
272600,46.0069782406834
272700,46.0547812616514
272800,46.0544742314998
272900,46.1618480837249
273000,46.1933989436452
273100,46.1694276688438
273200,46.1866531747015
273300,46.1855596442895
273400,46.2224244290059
273500,46.2155306452417
273600,46.195959467346
273700,46.221084418764
273800,46.2441334732107
273900,46.2300674908285
274000,46.1538227360856
274100,46.143294476232
274200,46.1328639966742
274300,46.119208975422
274400,46.1120088546455
274500,46.1289205535953
274600,46.1547358437937
274700,46.1276104393976
274800,46.1600822403308
274900,46.0940308981969
275000,46.0844838578365
275100,46.0637862885392
275200,46.1088134575865
275300,46.1308775593373
275400,46.1461467902851
275500,46.1649343118663
275600,46.1799515021705
275700,46.1940414132401
275800,46.1876418008519
275900,46.2160367939335
276000,46.2843841838211
276100,46.3605597575767
276200,46.3079655869907
276300,46.3237527374105
276400,46.4073009604375
276500,46.4160383873242
276600,46.4981698926712
276700,46.4432099567945
276800,46.316519664687
276900,46.4044319285334
277000,46.3032587233521
277100,46.3971893786833
277200,46.342063818304
277300,46.3376827579573
277400,46.3210404646908
277500,46.2652703673955
277600,46.2876953145577
277700,46.2707089007909
277800,46.2881882599415
277900,46.261816576272
278000,46.2400882065469
278100,46.2308835853905
278200,46.26713316063
278300,46.2822759526238
278400,46.2856369062024
278500,46.3350620314073
278600,46.3473451275647
278700,46.455460413754
278800,46.6309802253291
278900,46.6535049351571
279000,46.830801011498
279100,46.8271138782049
279200,46.9007805807261
279300,46.9403159469275
279400,46.9725308792762
279500,47.0254648241078
279600,46.9994902627549
279700,46.922694837558
279800,46.8951114474514
279900,46.8928782768169
280000,46.8695592229058
280100,46.7741390179011
280200,46.7483018443662
280300,46.6966520410852
280400,46.6184168918343
280500,46.6199887087725
280600,46.5738036597086
280700,46.5291089986594
280800,46.4674412464028
280900,46.4696054181565
281000,46.3918023055201
281100,46.3427333493565
281200,46.2855614211502
281300,46.232154445486
281400,46.1618332573512
281500,46.1334180955802
281600,46.0589270021092
281700,46.1511204860641
281800,46.1184575611268
281900,46.1084919357346
282000,46.0754609339855
282100,46.062254583206
282200,46.0165306859716
282300,46.0423865445074
282400,46.0668192233811
282500,46.0264911260327
282600,46.0720273792621
282700,46.1392835995653
282800,46.1274408237196
282900,46.1432624027176
283000,46.2209537352708
283100,46.2389965510234
283200,46.3172028521356
283300,46.3368387088161
283400,46.3349894742839
283500,46.3584968990285
283600,46.3982154089929
283700,46.3885604371397
283800,46.4163959471591
283900,46.3760664567679
284000,46.451939950801
284100,46.4139324537563
284200,46.3201118748057
284300,46.2980935305987
284400,46.2772917934255
284500,46.2218534964086
284600,46.1597712267883
284700,46.0406495775348
284800,46.0066537053574
284900,45.9336582188776
285000,45.8028027855272
285100,45.7249945409358
285200,45.7000436066151
285300,45.6737123644367
285400,45.630912503521
285500,45.5612578908352
285600,45.4769719328694
285700,45.4696809331469
285800,45.465784032192
285900,45.531095842949
286000,45.4758036593862
286100,45.5717492158232
286200,45.6715422862488
286300,45.7274075311695
286400,45.780994631714
286500,45.871670409758
286600,45.8659032758754
286700,45.9066926775642
286800,45.95746807459
286900,46.0150841611568
287000,46.1376572230575
287100,46.2326557411413
287200,46.1688960582941
287300,46.2262035325448
287400,46.2908099178589
287500,46.308377862155
287600,46.4073098166495
287700,46.3771388251392
287800,46.4122384237623
287900,46.3738068823874
288000,46.4168560415687
288100,46.3580040614661
288200,46.3490917662233
288300,46.3481691202082
288400,46.353882937382
288500,46.2918061904389
288600,46.3401150990476
288700,46.3514396914205
288800,46.3166499501734
288900,46.2541375096154
289000,46.121342068141
289100,46.074533763335
289200,46.0689710063599
289300,46.0090227265854
289400,45.9829518715237
289500,45.9901845914295
289600,45.9741402882909
289700,45.9458698068763
289800,45.9003253082885
289900,45.871050531914
290000,45.8984555828579
290100,45.9385847393711
290200,45.9406057405638
290300,45.8930665758217
290400,45.8670459249193
290500,45.9148992316162
290600,45.8882714467679
290700,45.9083611867676
290800,45.853055831305
290900,45.928468906767
291000,45.9946615925807
291100,46.0138402221485
291200,46.0317247394525
291300,46.0960125444919
291400,46.0638752947425
291500,46.1012643331216
291600,46.092136867511
291700,46.1693039756409
291800,46.164288164239
291900,46.1223403410419
292000,46.0967829340768
292100,46.0060990560314
292200,45.9814971235478
292300,45.9881222063323
292400,45.9805634397917
292500,45.9026626857955
292600,45.9262715341564
292700,45.9180044200444
292800,46.028653955263
292900,45.9952775304166
293000,46.0335096449565
293100,45.9746706208079
293200,45.9331535230449
293300,45.8911184079689
293400,45.899552265226
293500,45.9099739281235
293600,45.9443583432032
293700,45.8867405633932
293800,45.8409574574763
293900,45.8947537848182
294000,45.915491376389
294100,46.0298820537608
294200,46.0772943635126
294300,46.0142212071759
294400,46.0546707690355
294500,46.0689417101916
294600,46.0927003759365
294700,46.0734923847806
294800,46.0439415993903
294900,45.9807929579971
295000,45.9516848389083
295100,46.0380683187687
295200,46.1654310475285
295300,46.206415068236
295400,46.2706314654328
295500,46.3189089742403
295600,46.2745005289127
295700,46.2238490306718
295800,46.2612357486716
295900,46.239936482852
296000,46.2196701798396
296100,46.1001093064534
296200,45.9985402782628
296300,46.0462002309099
296400,46.0006014679076
296500,46.0502222767825
296600,46.0194464280359
296700,45.8883150250583
296800,45.8292991585483
296900,45.8309843194994
297000,45.8565676276896
297100,45.8214614193282
297200,45.7596069379394
297300,45.7265713081976
297400,45.7599056037373
297500,45.726155477285
297600,45.7735707139241
297700,45.8686280447257
297800,45.8456463553993
297900,45.8831318273544
298000,45.8658662523284
298100,45.9199220280106
298200,46.0338411221444
298300,46.0397748338556
298400,46.0754755154713
298500,46.0891900546795
298600,46.121272188705
298700,46.2224696347304
298800,46.2991748801023
298900,46.4211248651578
299000,46.4200462973384
299100,46.4590045539691
299200,46.515458302382
299300,46.5310176827069
299400,46.5435407615023
299500,46.6025911019661
299600,46.6775485383499
299700,46.6187323975882
299800,46.6336125612509
299900,46.6717994741735
300000,46.6939612636906
300100,46.6890468161205
300200,46.6574897789138
300300,46.7290778350411
300400,46.7556929092388
300500,46.6906840429818
300600,46.719195012507
300700,46.8401559957696
300800,46.8888121643474
300900,46.854813204424
301000,46.90844964682
301100,46.9376359449724
301200,46.8643697786491
301300,46.8585043061227
301400,46.8133983663644
301500,46.7905743856777
301600,46.7125395645052
301700,46.6088575201762
301800,46.5827422118787
301900,46.5026149591542
302000,46.4169083286508
302100,46.4419115561474
302200,46.3465447102888
302300,46.1754821731283
302400,46.1835030136224
302500,46.1065317001137
302600,46.0125604389232
302700,45.9106572271565
302800,45.8774673722058
302900,45.8814066116028
303000,45.8515013775569
303100,45.8075768685035
303200,45.8185340499173
303300,45.8383624918487
303400,45.8029819039243
303500,45.7353429297327
303600,45.6621052708984
303700,45.7746214791345
303800,45.8435483276582
303900,45.8731124187453
304000,45.9029878157322
304100,45.80693471966
304200,45.8507640416711
304300,45.958031311435
304400,45.782620975924
304500,45.8582669637368
304600,45.8551753121009
304700,45.8966943018882
304800,45.8845797356666
304900,45.7833898532263
305000,45.7590048148765
305100,45.7340542104693
305200,45.8090885507966
305300,45.7739233191093
305400,45.8197013305753
305500,45.8756656940552
305600,45.9711927539607
305700,46.007565599344
305800,46.0659773973425
305900,46.088063826815
306000,46.1223946084762
306100,46.2375685019834
306200,46.2767476130586
306300,46.2754672162813
306400,46.4639261904795
306500,46.4350677356674
306600,46.5012494779165
306700,46.5212849732125
306800,46.5637203113031
306900,46.6622034334098
307000,46.6872874586709
307100,46.7645705422322
307200,46.7039810854743
307300,46.7287688200625
307400,46.7253258347135
307500,46.739179467982
307600,46.6936689809187
307700,46.6598093269968
307800,46.5873858623833
307900,46.5963157957453
308000,46.5936672435147
308100,46.5767353687786
308200,46.5789299671054
308300,46.5564519259912
308400,46.5075209566167
308500,46.5496540824333
308600,46.574981780069
308700,46.5588646654731
308800,46.5450378339706
308900,46.4821891945861
309000,46.4274086475822
309100,46.4158540789997
309200,46.4323194541762
309300,46.4383497052588
309400,46.5024055679323
309500,46.4796882550727
309600,46.5271431688478
309700,46.4889087178422
309800,46.3990631145589
309900,46.3349420790359
310000,46.2941715458917
310100,46.2453403037911
310200,46.1733425613006
310300,46.2011334908769
310400,46.229344361108
310500,46.2096455372621
310600,46.2253531789574
310700,46.2140079297152
310800,46.2565134443707
310900,46.3618287263883
311000,46.4578254863276
311100,46.4595940681651
311200,46.4671978925133
311300,46.4983963526223
311400,46.438194760544
311500,46.4335443044953
311600,46.3488643786491
311700,46.4258035204862
311800,46.5049851718741
311900,46.5512890684423
312000,46.5822342538835
312100,46.6235721393504
312200,46.7766274744041
312300,46.822099134999
312400,46.7903653372923
312500,46.8077559152314
312600,46.8333453109659
312700,46.8780444826177
312800,46.8679846481607
312900,46.8223893902827
313000,46.772232745735
313100,46.7693498115948
313200,46.7171357468563
313300,46.7066050706245
313400,46.6411599607527
313500,46.6732054698442
313600,46.787518243355
313700,46.7115262317448
313800,46.7347207187578
313900,46.7654835527686
314000,46.7771340159509
314100,46.7855248558648
314200,46.734980966479
314300,46.6823753987323
314400,46.6867126969742
314500,46.6240273049751
314600,46.5576030174818
314700,46.4674408946892
314800,46.3967731331357
314900,46.4491945131164
315000,46.4475194056421
315100,46.4071036357572
315200,46.3967825439848
315300,46.383440680166
315400,46.4198447843042
315500,46.3424572190311
315600,46.2189000592101
315700,46.2555948935959
315800,46.213562644327
315900,46.1986988439745
316000,46.2621514051719
316100,46.2134572354459
316200,46.1806220270543
316300,46.2024705284415
316400,46.1714435848254
316500,46.2341285378813
316600,46.2449874448263
316700,46.3075312461757
316800,46.2955787997406
316900,46.2009811891932
317000,46.2093176407162
317100,46.219370189055
317200,46.270916845288
317300,46.2672565351539
317400,46.2286656073113
317500,46.3331170417611
317600,46.4301991370622
317700,46.3864756858771
317800,46.3552451868853
317900,46.3964601536279
318000,46.354765347328
318100,46.4002975521738
318200,46.3653319669799
318300,46.3437804854378
318400,46.3431653198322
318500,46.3019028407879
318600,46.2930350703937
318700,46.2961559909566
318800,46.3335796207555
318900,46.3965423339137
319000,46.3744135561822
319100,46.3664630231443
319200,46.3381185277643
319300,46.3385287648175
319400,46.3715135683882
319500,46.3277482369954
319600,46.3197762081288
319700,46.3843718026312
319800,46.4662009898385
319900,46.4661944611842
320000,46.493719463124
320100,46.5461993040497
320200,46.6513586466898
320300,46.6896564033248
320400,46.7427595173827
320500,46.7454927712803
320600,46.5938554788494
320700,46.5560411501708
320800,46.4999336702249
320900,46.4310924969357
321000,46.3798088107689
321100,46.3841209371171
321200,46.3812141434364
321300,46.3149818640326
321400,46.3106848795782
321500,46.259616017129
321600,46.2265628346775
321700,46.1797868753092
321800,46.1937166974032
321900,46.1555623868596
322000,46.1187617706736
322100,46.106682482877
322200,46.0624375882767
322300,46.0062738986351
322400,46.0005618945031
322500,46.0459273000615
322600,46.1100342767534
322700,46.0664870631709
322800,46.1008162005582
322900,46.0914358321294
323000,46.1484080525009
323100,46.1134897023184
323200,46.0616343857314
323300,46.0984003100011
323400,46.0540563576979
323500,46.0310617284772
323600,46.0313582153076
323700,46.0460415752741
323800,45.9783108032523
323900,45.9281246672623
324000,45.9620877864928
324100,45.9538497073581
324200,45.8716774609864
324300,45.8864158300731
324400,45.777021313217
324500,45.7371215993451
324600,45.7803976664657
324700,45.8457408111499
324800,45.8102174574398
324900,45.8576273754054
325000,45.8198154999613
325100,45.8118498349381
325200,45.8408460051594
325300,45.846387122956
325400,45.9139509134917
325500,45.9583369999753
325600,45.9773985646288
325700,45.977122791614
325800,46.0667649569339
325900,46.1126565835977
326000,46.1212265054379
326100,46.0785007785879
326200,46.1330429408013
326300,46.1194756637962
326400,46.1304640246887
326500,46.1909960311051
326600,46.2356952587667
326700,46.2254231244093
326800,46.2527604190358
326900,46.2278992957928
327000,46.2544775738525
327100,46.301728258665
327200,46.2823048734844
327300,46.1938923301726
327400,46.1530642798561
327500,46.139534421554
327600,46.0908410146868
327700,46.1285340309537
327800,46.0099540791355
327900,46.015869613137
328000,45.8979115506154
328100,45.8265500639997
328200,45.8044203244757
328300,45.817515713778
328400,45.9041365084831
328500,45.8678181669752
328600,45.8420063074881
328700,45.8122081316624
328800,45.7868870880203
328900,45.7802669438172
329000,45.7867888723351
329100,45.7663376930616
329200,45.8064482436528
329300,45.8675998496827
329400,45.9128751355509
329500,45.9679466974373
329600,46.0400745317434
329700,46.0039265216163
329800,46.1042989601459
329900,46.0743468172785
330000,46.1864701300133
330100,46.3046527587202
330200,46.4033954355201
330300,46.4520078186165
330400,46.4742464439192
330500,46.4843232577186
330600,46.4494698993753
330700,46.5103209767604
330800,46.5592646692707
330900,46.5759620711784
331000,46.5841882501419
331100,46.5810436315474
331200,46.5875259928324
331300,46.6202440494066
331400,46.6413199672918
331500,46.613581739944
331600,46.5998823558917
331700,46.5599357505778
331800,46.5292106446687
331900,46.59432011676
332000,46.5388412121554
332100,46.581231652262
332200,46.5787201887143
332300,46.5874243753213
332400,46.6342111655366
332500,46.7252499015957
332600,46.8035492270659
332700,46.8066043733512
332800,46.7799316510308
332900,46.8176694405975
333000,46.8888709398565
333100,46.988558308561
333200,46.9798140723912
333300,47.0036305176137
333400,46.9940105086508
333500,46.9790573315676
333600,46.9665812417924
333700,47.0110777388903
333800,46.9907384407007
333900,46.9486963803205
334000,47.0068150873106
334100,46.9199319422142
334200,46.9317842841258
334300,46.9236415073876
334400,46.8546370366934
334500,46.8106822687644
334600,46.7976884668062
334700,46.7314732440731
334800,46.7187960692428
334900,46.7379597368116
335000,46.6885646436864
335100,46.6070363097263
335200,46.5800345144395
335300,46.4956803120546
335400,46.4802325916479
335500,46.4433842811798
335600,46.3666528483582
335700,46.2387555698003
335800,46.2827470502195
335900,46.2697333172598
336000,46.242475894114
336100,46.3004614905323
336200,46.191582182096
336300,46.1853170053723
336400,46.2096117607936
336500,46.2146464155928
336600,46.1930296094871
336700,46.2114041846372
336800,46.2644578485608
336900,46.2497848014405
337000,46.2981722670595
337100,46.2906415633416
337200,46.3014169840788
337300,46.3561807245173
337400,46.3445565718181
337500,46.367481732187
337600,46.5134892773067
337700,46.6719188893698
337800,46.6735577124843
337900,46.6431865064393
338000,46.6593226172794
338100,46.6617302463338
338200,46.7500145745381
338300,46.7038293287876
338400,46.7121359928564
338500,46.677204845788
338600,46.6846362395903
338700,46.7542809496088
338800,46.7584416031028
338900,46.7377937352031
339000,46.6379819570706
339100,46.620619558231
339200,46.6066941417375
339300,46.5324684441529
339400,46.4284678285089
339500,46.4073258002935
339600,46.3128014162616
339700,46.3310627653577
339800,46.3208154097656
339900,46.3679473586841
340000,46.35821658482
340100,46.2516082913662
340200,46.2287838736098
340300,46.2137381773476
340400,46.1797071507355
340500,46.1520084216373
340600,46.1077259881014
340700,46.0214343263901
340800,46.0012600794997
340900,45.9869503091353
341000,45.9967240371776
341100,46.015768488508
341200,45.9911226847743
341300,46.0341382643904
341400,46.0945221847715
341500,46.1153567523704
341600,46.139715823939
341700,46.1313493377492
341800,46.1138425766731
341900,45.9773040450804
342000,45.8955451909998
342100,45.9063157418466
342200,45.83531085913
342300,45.8447978076778
342400,45.8672418577133
342500,45.8997947193801
342600,45.8787494881828
342700,45.9411851316203
342800,45.885222030648
342900,45.8957775008098
343000,45.9158003748811
343100,45.9718267465708
343200,46.0332411761548
343300,46.0396547370387
343400,46.0170818980422
343500,45.9886510660474
343600,46.0157724873667
343700,45.981412107701
343800,45.9858927636322
343900,46.0598477337987
344000,46.0507490787704
344100,46.0706155773366
344200,46.1423091356638
344300,46.1237644414819
344400,46.1530309530786
344500,46.1355569297778
344600,46.2333182481097
344700,46.2450141502257
344800,46.3295441189806
344900,46.3320946444279
345000,46.377531811177
345100,46.3220090122118
345200,46.3675609312468
345300,46.4332056365943
345400,46.4393249454204
345500,46.4520464703951
345600,46.4733962238716
345700,46.4231647331524
345800,46.4383484318734
345900,46.5103704846519
346000,46.6390512235818
346100,46.6921412548678
346200,46.7314840717519
346300,46.8170290191973
346400,46.8088058051606
346500,46.8171258217665
346600,46.7851156959507
346700,46.7612385190375
346800,46.7856288017279
346900,46.8654760824086
347000,46.8274281998982
347100,46.8621034453549
347200,46.8036775808748
347300,46.7886792705789
347400,46.7614119521657
347500,46.7503755780922
347600,46.6133677278053
347700,46.6236523852873
347800,46.6045016182332
347900,46.5850590144013
348000,46.513613028114
348100,46.5002041898963
348200,46.4954265224525
348300,46.4867251058822
348400,46.5027455393876
348500,46.4890936284337
348600,46.5177125509635
348700,46.5429693603883
348800,46.5475171139968
348900,46.5443830697339
349000,46.6087612982462
349100,46.6596296377975
349200,46.7189967516084
349300,46.7344971051451
349400,46.860531743338
349500,46.9299146966892
349600,47.1218438486407
349700,47.2038260204119
349800,47.1903067182415
349900,47.1602637747457
350000,47.2080737448332
350100,47.195148493152
350200,47.2660367741898
350300,47.2874729107966
350400,47.2582287487508
350500,47.3360522378627
350600,47.3608476114887
350700,47.3352664329588
350800,47.2907371141934
350900,47.2668986019618
351000,47.1857421885597
351100,47.1851355270682
351200,47.1417723633037
351300,47.1106455433445
351400,47.1039449608706
351500,47.0652499851716
351600,46.9676121611965
351700,46.9446542120133
351800,46.9915498374793
351900,47.0559140543132
352000,47.0047036411497
352100,46.9797069030409
352200,46.8982148636708
352300,46.8544164334231
352400,46.7947541113096
352500,46.7593801899877
352600,46.7314914801882
352700,46.6898240150419
352800,46.6250606930851
352900,46.5460698755851
353000,46.4676049950116
353100,46.3101314110581
353200,46.2183975931055
353300,46.231038433235
353400,46.2348934580566
353500,46.2548970353928
353600,46.1951052327177
353700,46.1688955041157
353800,46.1390058588025
353900,46.1301399913837
354000,46.1712922050841
354100,46.1931083974427
354200,46.2179215065172
354300,46.2694524880193
354400,46.3065589898246
354500,46.2736633405809
354600,46.2638545001647
354700,46.3264406454805
354800,46.3760073649054
354900,46.4133471056866
355000,46.4486841613978
355100,46.5256831282984
355200,46.5615835219712
355300,46.5450476071828
355400,46.5033919639723
355500,46.522971429739
355600,46.5937279506006
355700,46.6347170072605
355800,46.5907897133684
355900,46.5400404764935
356000,46.5770400141366
356100,46.5854875769238
356200,46.5401148007181
356300,46.504614743046
356400,46.4359446963355
356500,46.4686415089842
356600,46.4648257797694
356700,46.4357171496781
356800,46.5212945481798
356900,46.5335718285756
357000,46.6408383824772
357100,46.7487280759745
357200,46.8093168390778
357300,46.7989347193979
357400,46.8476893527211
357500,46.8295417163957
357600,46.8784785535306
357700,46.9109853953528
357800,47.0169601053438
357900,47.058523972289
358000,47.0385530497137
358100,47.0761963228839
358200,47.1011798453291
358300,47.1191066719633
358400,47.2410231567848
358500,47.310892523978
358600,47.2968220513949
358700,47.3208301798309
358800,47.1976741413558
358900,47.2340002561475
359000,47.2002804796932
359100,47.1432518842414
359200,47.1965882561858
359300,47.2517315064643
359400,47.2732672302145
359500,47.2600666523857
359600,47.2424305774767
359700,47.1467812080692
359800,47.0094001840231
359900,46.9762269691969
360000,47.0006445606286
360100,46.9975450202827
360200,47.0292309395048
360300,47.0508554950954
360400,47.0345422950323
360500,46.9636201112856
360600,47.021447576705
360700,47.0193403602865
360800,47.0979223269189
360900,47.0907938527065
361000,47.1417960841703
361100,47.0970888496165
361200,47.0619302922601
361300,47.0767111914535
361400,47.0365264930661
361500,47.0060162182308
361600,47.0226270700094
361700,47.0870195323
361800,47.1850477190127
361900,47.2534713158518
362000,47.2559271710407
362100,47.2207442249691
362200,47.1724637673037
362300,47.0980419715441
362400,47.0857282889461
362500,47.1107421735415
362600,47.0005333089928
362700,47.0265806179503
362800,46.9389546127972
362900,46.9050316433946
363000,46.7738018296818
363100,46.7715043698121
363200,46.7554514379689
363300,46.6752237509036
363400,46.6782877467151
363500,46.7261457308133
363600,46.7392695272402
363700,46.7626498268838
363800,46.7075440804947
363900,46.68308268802
364000,46.6629645894614
364100,46.654614948607
364200,46.6984574119661
364300,46.6595855006148
364400,46.6119333950753
364500,46.6206860319409
364600,46.7140005420674
364700,46.6454195678234
364800,46.6249643428925
364900,46.6202459034517
365000,46.6717030729761
365100,46.7231450950974
365200,46.7478032235958
365300,46.8036083988657
365400,46.7328502949831
365500,46.754170917917
365600,46.7354317978615
365700,46.711652951239
365800,46.7693546418272
365900,46.780697233291
366000,46.810835271828
366100,46.7156467933577
366200,46.6874928316619
366300,46.7053205251491
366400,46.713196084155
366500,46.6352689193312
366600,46.552282306065
366700,46.5619978703385
366800,46.598824356772
366900,46.6441573000805
367000,46.6549141049549
367100,46.6097978361463
367200,46.5605622702422
367300,46.5407165929272
367400,46.6184748500871
367500,46.5403460229874
367600,46.519650792093
367700,46.470714973196
367800,46.4145883907331
367900,46.3471938605039
368000,46.2679838416559
368100,46.3436003060764
368200,46.2317744234054
368300,46.2596865602433
368400,46.2774369808287
368500,46.2514208746089
368600,46.2611451669389
368700,46.2214434972517
368800,46.204016278943
368900,46.2209347349103
369000,46.2056476342051
369100,46.2723479421272
369200,46.284435576907
369300,46.284516849925
369400,46.298496976213
369500,46.34726298195
369600,46.3138757390025
369700,46.3392795418001
369800,46.3178917518855
369900,46.3488876858757
370000,46.2812049372872
370100,46.3105080435894
370200,46.2685884357326
370300,46.2572673367415
370400,46.2102169310483
370500,46.2034885329783
370600,46.1814267173001
370700,46.1978466350535
370800,46.2062489426882
370900,46.168741722923
371000,46.1152382941025
371100,46.0190762687161
371200,45.9637942154273
371300,45.9098542161898
371400,45.8354753701391
371500,45.8426523153907
371600,45.8427271243494
371700,45.8616700273879
371800,45.9664604424452
371900,45.9437253529963
372000,46.0393707864142
372100,46.0711623264021
372200,46.2147949821308
372300,46.2242172367458
372400,46.2707038683084
372500,46.3988914637579
372600,46.5027583410908
372700,46.5360033204784
372800,46.607814928551
372900,46.594413715273
373000,46.6863321740407
373100,46.7690726449925
373200,46.8714990270836
373300,46.95553506356
373400,47.0239790404063
373500,47.0611464240202
373600,47.1287916745844
373700,47.0984263133923
373800,47.0504385301853
373900,47.0987685405674
374000,47.1052035401535
374100,47.1493908319484
374200,47.1633453410277
374300,47.159670696352
374400,47.184120989066
374500,47.0949806891848
374600,47.0757324395026
374700,47.0608791879288
374800,47.0311026132505
374900,47.1034985934837
375000,47.0605657150111
375100,47.0129496809543
375200,46.9810217882077
375300,47.007096920482
375400,47.0810531556902
375500,47.032338444271
375600,46.9931075491867
375700,47.0252317997808
375800,47.0969392184176
375900,47.1596666017952
376000,47.2695390476793
376100,47.2075753119264
376200,47.2498117996464
376300,47.2628492746975
376400,47.2748509448487
376500,47.3951290417538
376600,47.3708905305337
376700,47.3488090054225
376800,47.425288142129
376900,47.326671187542
377000,47.3390703810794
377100,47.3565837225634
377200,47.3287451062102
377300,47.2278469613906
377400,47.1597058813932
377500,47.1682246991517
377600,47.1361702353693
377700,47.0769927953667
377800,46.9928644807979
377900,46.9827636924871
378000,46.8359587639046
378100,46.8036303220306
378200,46.772659211582
378300,46.6869918099331
378400,46.6527470262054
378500,46.586136473109
378600,46.5984025788812
378700,46.6165495520444
378800,46.5424066461795
378900,46.5185838260487
379000,46.4735549979869
379100,46.486235055512
379200,46.4678770865702
379300,46.4834497085195
379400,46.4781765792803
379500,46.5305212685292
379600,46.5577105220288
379700,46.5810136035462
379800,46.6505299700538
379900,46.6323730144236
380000,46.6393660657688
380100,46.6597552936249
380200,46.6223791939044
380300,46.7310616119781
380400,46.7371923512777
380500,46.7316573938472
380600,46.6890910605502
380700,46.7160748090935
380800,46.7145959770751
380900,46.7760640430452
381000,46.8733888092854
381100,46.8848946836432
381200,46.9419882406692
381300,46.9728589651399
381400,46.9522972073861
381500,46.9129784664009
381600,46.9452399190956
381700,47.0194507445444
381800,46.9452698494298
381900,46.9506782852245
382000,46.9909029775371
382100,47.0205591374901
382200,47.0893693348037
382300,47.1098580899134
382400,47.108879644296
382500,47.0465485231473
382600,47.0807830195558
382700,47.0854190038249
382800,47.0721659371128
382900,47.054243592009
383000,46.9924269828178
383100,46.9751560734781
383200,46.9473234932393
383300,46.94586017764
383400,46.9636889368554
383500,46.9197580314761
383600,46.8709050976657
383700,46.7810109891688
383800,46.7634910466146
383900,46.6772400014601
384000,46.6729138079654
384100,46.6073142177339
384200,46.5639166489918
384300,46.6039703413657
384400,46.6381980802064
384500,46.6745443252367
384600,46.6544579237079
384700,46.6318497432953
384800,46.6019311489317
384900,46.5821365016819
385000,46.5040632183356
385100,46.4440606845994
385200,46.439184244566
385300,46.3596153790038
385400,46.3373874427671
385500,46.3163970062782
385600,46.2422320130316
385700,46.2659090533768
385800,46.2249206383225
385900,46.2952053536504
386000,46.3062150538654
386100,46.2994293116029
386200,46.3273139880177
386300,46.249934815572
386400,46.2006121134261
386500,46.1979518013605
386600,46.1456451784758
386700,46.043770849151
386800,46.0153707403228
386900,45.9489930135363
387000,46.0145780675306
387100,46.0164045244015
387200,46.0037063763976
387300,46.0725707497989
387400,46.036206289208
387500,46.0604398206836
387600,46.1493794925214
387700,46.1571563584069
387800,46.2058347276831
387900,46.1870119195127
388000,46.2204510380765
388100,46.2263116120748
388200,46.2141400306064
388300,46.1933065917096
388400,46.2211421146925
388500,46.2074050365509
388600,46.1544867285526
388700,46.2451712830463
388800,46.3192498555289
388900,46.3426025822479
389000,46.3016932960667
389100,46.3146666220708
389200,46.3033849172726
389300,46.2952055624405
389400,46.3051144702375
389500,46.1916442357867
389600,46.1547786911415
389700,46.1575625780341
389800,46.1584580841827
389900,46.1321361865823
390000,46.0596206321917
390100,46.0740065610773
390200,46.0671033416072
390300,46.1073702642784
390400,46.1042380169335
390500,46.1155725635413
390600,46.2646127146356
390700,46.2512332018693
390800,46.2215392036227
390900,46.2908167480227
391000,46.3013414394904
391100,46.3689771204079
391200,46.4056654030117
391300,46.4197714992454
391400,46.3816950102885
391500,46.5213004291157
391600,46.5540307481135
391700,46.5904001836608
391800,46.626453491881
391900,46.621335710917
392000,46.7036277911527
392100,46.7238331752108
392200,46.6751009839984
392300,46.7089751268322
392400,46.7100035784456
392500,46.6942646091366
392600,46.5644524396718
392700,46.6235566680492
392800,46.6657016229631
392900,46.7064463323136
393000,46.7791011389981
393100,46.7754464301737
393200,46.7875963776034
393300,46.7894599163323
393400,46.8828559763842
393500,46.8906304094169
393600,46.9217277497982
393700,46.8633482504556
393800,46.818581537896
393900,46.8000337885183
394000,46.732204572033
394100,46.7071992630093
394200,46.721086011663
394300,46.6352139372312
394400,46.5673448531983
394500,46.5761128871036
394600,46.6107467393343
394700,46.5853364582503
394800,46.449401913386
394900,46.3374781635018
395000,46.2142396744073
395100,46.1789805539422
395200,46.1542030300368
395300,46.1172895547941
395400,46.1130855050867
395500,46.1067790457034
395600,46.1175497968849
395700,46.1395831491204
395800,46.1935411196925
395900,46.258568067962
396000,46.317968292029
396100,46.3533850354371
396200,46.4128756608115
396300,46.4448561219377
396400,46.519980614885
396500,46.5363062411452
396600,46.6236206609606
396700,46.653727872929
396800,46.7822557502326
396900,46.8809006186545
397000,47.0009829158723
397100,46.9708302175659
397200,46.9983137455455
397300,47.0073080466389
397400,46.9646807679106
397500,46.9390520828771
397600,46.8591517790233
397700,46.8598833574454
397800,46.8468700663616
397900,46.8069783752284
398000,46.7898504486918
398100,46.856143243255
398200,46.8723763692097
398300,46.8912493021872
398400,46.9138111527985
398500,46.940627232094
398600,46.9669255217993
398700,46.9700080919763
398800,46.9112704240974
398900,46.9506776313905
399000,46.9901625852163
399100,47.1111864555819
399200,47.1292765281356
399300,47.1764405414855
399400,47.2408205181053
399500,47.283504476526
399600,47.3394824155923
399700,47.3481405104563
399800,47.3189860355893
399900,47.3029270184545
400000,47.2722650548474
400100,47.1407660844285
400200,47.0055084050724
400300,46.9810730949841
400400,46.9422834916446
400500,46.9257721473937
400600,46.865739594513
400700,46.8072164706357
400800,46.8215819711871
400900,46.740783972051
401000,46.7173299845991
401100,46.6792165032374
401200,46.6665912756827
401300,46.7123720590767
401400,46.6883250933712
401500,46.691325106797
401600,46.7148148423782
401700,46.7067638236551
401800,46.6790633310665
401900,46.58073693245
402000,46.6021875416388
402100,46.7068814951705
402200,46.8098793642149
402300,46.8383237868522
402400,46.8615076598193
402500,46.8315671920471
402600,46.823740421938
402700,46.7952627668044
402800,46.8457891927028
402900,46.8778185019844
403000,46.8749488283992
403100,46.8839616832194
403200,46.8299097087632
403300,46.6472388411293
403400,46.5132565799599
403500,46.3803437272983
403600,46.3285046698666
403700,46.2818048668205
403800,46.2864706119087
403900,46.3596449213328
404000,46.2998324932031
404100,46.1974202204454
404200,46.1562821249121
404300,46.1408910856413
404400,46.1230996090787
404500,46.176196121833
404600,46.2429035531364
404700,46.3105557813293
404800,46.2748342647521
404900,46.2198169580223
405000,46.1325987015186
405100,46.0467151951603
405200,46.0200848796044
405300,46.0694381329585
405400,46.2161435846381
405500,46.3731231058778
405600,46.396090046844
405700,46.3673108632957
405800,46.3896790054251
405900,46.4550529473602
406000,46.4968246479292
406100,46.542830949604
406200,46.5935118924716
406300,46.5713298336837
406400,46.5098629027212
406500,46.4809901045808
406600,46.2949632855972
406700,46.2745590831724
406800,46.287377066827
406900,46.2421580406591
407000,46.2159028032689
407100,46.2277619777625
407200,46.2789720474626
407300,46.1615176306216
407400,46.1540612439241
407500,46.0501127497026
407600,45.9911944527798
407700,46.0029878081765
407800,45.9830953301205
407900,45.9166019043101
408000,45.9219239696891
408100,45.9500187296718
408200,45.9179852275083
408300,45.9010940137487
408400,45.9356479085834
408500,45.820236134851
408600,45.9664365927788
408700,45.9376069211311
408800,45.9181460495597
408900,45.958015956533
409000,46.0372184016528
409100,45.9378099926695
409200,45.9354631347991
409300,46.0439666034092
409400,46.0138801754244
409500,46.1042911047681
409600,46.1041603626055
409700,46.1902490667558
409800,46.1893006417277
409900,46.2349290107476
410000,46.2404714146596
410100,46.1197514955192
410200,46.0376179788633
410300,46.0080575215731
410400,46.0256743691443
410500,46.1068563599096
410600,45.9679655272159
410700,45.9492364889604
410800,45.8657115173266
410900,45.860045593127
411000,45.8548848990975
411100,45.9366438578685
411200,45.8790433106357
411300,45.8878985658144
411400,45.9330085675263
411500,45.8963140406403
411600,45.8727190034089
411700,45.8346824756153
411800,45.8347831643892
411900,45.7820950738479
412000,45.7538169637389
412100,45.7960907075717
412200,45.8735345204109
412300,45.8635919716446
412400,45.8384017871272
412500,45.8349808945611
412600,45.8898191211665
412700,45.9236872338429
412800,46.0311176728765
412900,46.0542158050271
413000,46.015952695942
413100,46.0413379248779
413200,46.140218015371
413300,46.1657488622038
413400,46.0925361001596
413500,46.0807403591739
413600,46.0984277558442
413700,46.0490217825945
413800,46.0442598102754
413900,46.094841166041
414000,46.107286599982
414100,46.1372866151948
414200,46.0658550015662
414300,46.1263892582419
414400,46.1164035676436
414500,46.0199790231725
414600,46.0009854292432
414700,45.9097059731782
414800,45.8251524509231
414900,45.8070075017001
415000,45.8214618882986
415100,45.8137037103717
415200,45.8044953850211
415300,45.787815721077
415400,45.7784146341281
415500,45.7661857944737
415600,45.819791380587
415700,45.7789551048637
415800,45.7019232261672
415900,45.661265059863
416000,45.6650908777701
416100,45.6833456019175
416200,45.7721996354443
416300,45.8127236025372
416400,45.8429688080545
416500,45.9792087479512
416600,46.0205480655875
416700,46.0310558939654
416800,46.0858496499981
416900,46.0289328137023
417000,46.038701108603
417100,46.0249040907007
417200,45.9679958632754
417300,45.9661624113363
417400,45.9501844696222
417500,45.962340728923
417600,45.986218782131
417700,45.9796252080945
417800,46.0410592854872
417900,46.1037661764487
418000,46.0145894862546
418100,45.9646819629863
418200,45.8843945437646
418300,45.821379211448
418400,45.8451250642434
418500,45.8166277327285
418600,45.7586402023454
418700,45.783264593014
418800,45.7377074352807
418900,45.7923910927693
419000,45.7953300058221
419100,45.7767425393184
419200,45.7519416288047
419300,45.7441901838297
419400,45.7718371234279
419500,45.7114708793966
419600,45.6284694293364
419700,45.6725981230501
419800,45.6911160356186
419900,45.6145189561236
420000,45.6613317755161
