ms,CN0_dBHz
100,44.6712070114601
200,45.1784735171397
300,44.9328180108774
400,44.3568305070487
500,44.497774168852
600,44.3711893280679
700,44.3061393367216
800,44.2155839095958
900,44.1311384039769
1000,44.1476915255662
1100,43.979357619558
1200,43.9167543141461
1300,44.0362097056738
1400,44.0555573316423
1500,44.0736541539724
1600,44.1211817848045
1700,44.1888022420853
1800,44.1731730643313
1900,44.2803038822911
2000,44.2549703974351
2100,44.2828574663054
2200,44.1877942672663
2300,44.0874646278605
2400,44.1671360238976
2500,44.128250424934
2600,44.0861021235459
2700,44.0202590854727
2800,44.0268769540987
2900,44.0260552209814
3000,43.9990446068492
3100,44.1069235902727
3200,44.0873177005652
3300,43.9195894110457
3400,43.8196987558715
3500,43.7958680995671
3600,43.736645547312
3700,43.5639028516971
3800,43.5654014361864
3900,43.3352265994386
4000,43.2331277097777
4100,43.1022041687476
4200,43.0750119598209
4300,43.1354978976722
4400,43.0566740407042
4500,42.9452352827096
4600,42.8846961856724
4700,42.8882940143172
4800,42.7710663789747
4900,42.7730262373766
5000,42.6926054491379
5100,42.7144454695827
5200,42.7253339090709
5300,42.7675006016335
5400,42.834825036081
5500,42.8092442232278
5600,42.8652684877107
5700,43.0229027423018
5800,43.0025138113864
5900,43.1452186068206
6000,43.216091135221
6100,43.3334691692263
6200,43.3489000187823
6300,43.3048641091668
6400,43.3730133678249
6500,43.4752930381627
6600,43.6321425701208
6700,43.6957488971685
6800,43.8417865713392
6900,43.9131808915744
7000,44.0423802274433
7100,44.0154669041021
7200,44.0488258510452
7300,44.0804929780561
7400,44.0304690669589
7500,44.0441028167862
7600,44.07516617382
7700,43.9023248998203
7800,43.9450324725988
7900,43.9556904355368
8000,44.0643214296018
8100,43.9885673934704
8200,44.0334499115001
8300,43.9989154263558
8400,43.990331714489
8500,44.0427424056544
8600,44.0601426529306
8700,44.0658368328553
8800,44.0414625108766
8900,44.0269390551793
9000,44.0356271963157
9100,44.0145374989141
9200,44.0532150062586
9300,44.0330016025559
9400,44.0397051324305
9500,44.0640015796882
9600,43.9863080505014
9700,44.088105783153
9800,44.0771438158293
9900,44.0784288925976
10000,43.965759347437
10100,43.9247885885143
10200,43.8954890121365
10300,43.9749243247817
10400,44.0127615908327
10500,44.0269587622165
10600,43.9772425845236
10700,44.0249845098456
10800,44.0821894764104
10900,44.0571545583956
11000,44.0398020022167
11100,44.0332086365168
11200,44.0211581515721
11300,43.9617918374619
11400,44.0540865842242
11500,44.0457978340545
11600,44.0732953168117
11700,44.060055285302
11800,44.0652500194244
11900,44.0999759441313
12000,44.1433001175826
12100,44.2756054221756
12200,44.3656252552367
12300,44.3130573370088
12400,44.357678567204
12500,44.4033747160516
12600,44.5036242361645
12700,44.452141589908
12800,44.454342302644
12900,44.4645010964215
13000,44.4802120973899
13100,44.4827734700454
13200,44.470423486124
13300,44.5701609775452
13400,44.5925046677739
13500,44.667332243739
13600,44.7230923054303
13700,44.7855291618814
13800,44.6743534527649
13900,44.6594325343751
14000,44.713353601554
14100,44.6758333455969
14200,44.6032333831702
14300,44.6885830447675
14400,44.7022904196913
14500,44.7095282660437
14600,44.6933256412462
14700,44.7362254032489
14800,44.7606683429693
14900,44.8355841443414
15000,44.8211800497658
15100,44.8792769564837
15200,44.9076917717829
15300,45.0002664411125
15400,44.8655398429879
15500,44.8275267873296
15600,44.7501036565639
15700,44.7833814746674
15800,44.9861433536523
15900,44.9332876839961
16000,44.9294106934711
16100,44.9466805405336
16200,44.9110635362502
16300,44.8923696293623
16400,44.6947953221307
16500,44.6494853823025
16600,44.509954261992
16700,44.3991851165585
16800,44.3110655206297
16900,44.231783870039
17000,44.1258078550913
17100,44.0988460852805
17200,44.0494486973962
17300,43.9330852344156
17400,43.9763057986963
17500,43.8508356664312
17600,43.8113381396128
17700,43.8465137881541
17800,43.7627902567472
17900,43.7774339671549
18000,43.7857307971352
18100,43.6873592783226
18200,43.6862215472964
18300,43.7020380994487
18400,43.7750980540652
18500,43.6872257994601
18600,43.7712155676307
18700,43.7951341212927
18800,43.8480689546304
18900,43.8660303174003
19000,43.987864282867
19100,44.0617700887821
19200,44.1775305435397
19300,44.1958566179737
19400,44.2443298405203
19500,44.4302652267518
19600,44.4938205875857
19700,44.4803981061422
19800,44.5341750721413
19900,44.5144154616229
20000,44.5520851244283
20100,44.7274385645104
20200,44.7104429640352
20300,44.6872677021412
20400,44.7726089612936
20500,44.8301442996078
20600,44.8094456927332
20700,44.8209135651845
20800,44.8301024448055
20900,44.8327410376527
21000,44.8776277508553
21100,44.7955266332789
21200,44.7541148996634
21300,44.733355430947
21400,44.6710547920293
21500,44.617853038944
21600,44.598232046709
21700,44.4449502305901
21800,44.4419093921956
21900,44.3839219405386
22000,44.2638746377788
22100,44.1487285305235
22200,44.2033286932635
22300,44.1624055898593
22400,44.1260757003486
22500,44.1584292573229
22600,44.1895657693831
22700,44.2377382822171
22800,44.2632418292881
22900,44.2724264724193
23000,44.2870663238009
23100,44.2845244126077
23200,44.2556911374973
23300,44.3787279539419
23400,44.4741285209774
23500,44.4758323870671
23600,44.4881964410546
23700,44.5247081404665
23800,44.4805586644242
23900,44.5032518491325
24000,44.6076789963874
24100,44.6852005855387
24200,44.7040616539768
24300,44.7947992982025
24400,44.8655674050558
24500,44.9142462600058
24600,44.8992760698748
24700,44.8566961932606
24800,44.8633760493083
24900,44.8798421986216
25000,44.7798302271
25100,44.8184509460232
25200,44.8159049607302
25300,44.7403884518292
25400,44.633493634399
25500,44.6751639103265
25600,44.6778377098974
25700,44.7284694706669
25800,44.7467264924005
25900,44.8179712780526
26000,44.7631599856363
26100,44.8046127950865
26200,44.8577605602499
26300,44.8656312383178
26400,44.8294880612547
26500,44.7560912696623
26600,44.7292797121188
26700,44.7411640514893
26800,44.7063993012708
26900,44.6770438963343
27000,44.7250568654939
27100,44.684532893032
27200,44.6473703084794
27300,44.6892182753293
27400,44.6382844262139
27500,44.595763884686
27600,44.6573024302017
27700,44.7439219361718
27800,44.80748314916
27900,44.804290975754
28000,44.7943836144337
28100,44.7640678663038
28200,44.6188986926419
28300,44.5596619764612
28400,44.4764025697041
28500,44.4815440133664
28600,44.4470178673902
28700,44.4516321240646
28800,44.4951952151494
28900,44.4695114998988
29000,44.4459689590169
29100,44.4311386828308
29200,44.4715603622083
29300,44.3986668438582
29400,44.3713594682306
29500,44.3116330681433
29600,44.2084403338033
29700,44.0383680547824
29800,43.9800990630989
29900,43.9040662194579
30000,43.9149479649074
30100,43.8608041898546
30200,43.864183293949
30300,43.7995021938296
30400,43.7802133667006
30500,43.7208355473713
30600,43.7404670010142
30700,43.7358698357567
30800,43.7273972279436
30900,43.7201249059416
31000,43.7293875850633
31100,43.7205790153693
31200,43.6664777374352
31300,43.6431063691881
31400,43.679862316745
31500,43.769392970698
31600,43.8364474430371
31700,43.9304078224212
31800,43.9959688406531
31900,44.0394261936788
32000,44.072883385217
32100,44.1043518693208
32200,44.1739622623051
32300,44.2723974618789
32400,44.3171323515098
32500,44.3937493563542
32600,44.4611985729062
32700,44.472047473315
32800,44.4154609283377
32900,44.4565674557933
33000,44.4795072139974
33100,44.5452740697009
33200,44.6016998239102
33300,44.7472720974758
33400,44.8025440470435
33500,44.7485309100504
33600,44.7312189608826
33700,44.7141575894185
33800,44.7286284199514
33900,44.7369952699173
34000,44.6896297228701
34100,44.7201634190556
34200,44.7174579667919
34300,44.6635649638102
34400,44.6532342647825
34500,44.5844155331507
34600,44.4344660498409
34700,44.2873763544669
34800,44.3097871922601
34900,44.23877845601
35000,44.1140098104178
35100,44.0259367935715
35200,43.9284154341823
35300,43.7747389443299
35400,43.7717824783641
35500,43.7922143851684
35600,43.760929038716
35700,43.6691417621481
35800,43.5637253936645
35900,43.5310542998566
36000,43.5293788677913
36100,43.4807091085399
36200,43.5290570878037
36300,43.5390149143343
36400,43.5325827135508
36500,43.478009493179
36600,43.5656423821982
36700,43.5943426718748
36800,43.5287828476608
36900,43.4645240667104
37000,43.3994765509387
37100,43.3422459405226
37200,43.3810964685454
37300,43.4168050183456
37400,43.4108675218656
37500,43.3994739968738
37600,43.3529053303707
37700,43.4312727105095
37800,43.525819072256
37900,43.472629168321
38000,43.4554024044476
38100,43.4238603869837
38200,43.3403865579962
38300,43.2956331613337
38400,43.2993676115421
38500,43.3477502309356
38600,43.3041222611621
38700,43.3343750994992
38800,43.411099872335
38900,43.4878507313194
39000,43.6451689655186
39100,43.7257864469441
39200,43.7815828166443
39300,43.8268105912829
39400,43.8392076240214
39500,43.7852877353319
39600,43.8784545093792
39700,43.8965918376601
39800,43.8534120507352
39900,43.9562023746573
40000,43.9564369242176
40100,43.9943817596667
40200,43.9865394240027
40300,43.9987441974744
40400,43.9923245137273
40500,43.9507664523801
40600,43.9139086610309
40700,43.8981808850315
40800,43.8632635300657
40900,43.85499102362
41000,43.8233764779448
41100,43.8667125104515
41200,43.8863555656236
41300,43.909863204563
41400,43.94104300276
41500,44.0138499355141
41600,44.0099449201813
41700,43.9951172349791
41800,44.0715618220123
41900,44.0510469215088
42000,44.0879886497281
42100,44.153177778359
42200,44.2322644406218
42300,44.2803209884291
42400,44.3522624972422
42500,44.3903239076712
42600,44.4406867463589
42700,44.4612455949194
42800,44.5026870318856
42900,44.516119325398
43000,44.5272771925038
43100,44.3957759851516
43200,44.3370729934318
43300,44.3811378612867
43400,44.3413940226016
43500,44.3441543657
43600,44.2704560697328
43700,44.2877159184816
43800,44.1103095600782
43900,44.1245241103328
44000,44.1004939718088
44100,43.9438398049354
44200,43.8822199505842
44300,43.8721578774994
44400,43.8712205344457
44500,43.8922611017915
44600,43.9187921109342
44700,44.0226705547889
44800,44.0530804210038
44900,44.0621811829789
45000,44.05015467609
45100,44.0219434537888
45200,43.9974225121438
45300,43.9140191543547
45400,43.8460666203037
45500,43.8294415461335
45600,43.8792376834941
45700,43.8731237041102
45800,43.9399957368959
45900,43.8738553897521
46000,43.8484188688722
46100,43.9912302474274
46200,43.9881832498015
46300,43.9844726829708
46400,43.9405380513217
46500,43.9533137655828
46600,43.8879345910636
46700,43.7543299546039
46800,43.7002971985315
46900,43.6828701052451
47000,43.7280597596876
47100,43.7940362318706
47200,43.8281023941807
47300,43.7538246482979
47400,43.8042898109959
47500,43.8613093867961
47600,43.8707983744591
47700,43.8954879675683
47800,43.9116124877963
47900,43.9255494448255
48000,43.9772243862501
48100,43.8923368143544
48200,43.9167476488803
48300,43.9095528938182
48400,43.9170808541817
48500,43.9149274832317
48600,43.9784665924514
48700,44.0495111318342
48800,44.096965290189
48900,44.1709734042628
49000,44.0867200803923
49100,44.1033637001434
49200,44.1120019801595
49300,44.2470057853372
49400,44.2013399552743
49500,44.0333072141677
49600,43.9364125240636
49700,43.8894156971552
49800,43.8782766475419
49900,43.8936821448756
50000,43.8598143550349
50100,43.8089140274511
50200,43.8320093391288
50300,43.8435366656477
50400,43.8909769357569
50500,43.9039068648866
50600,43.8717352590557
50700,43.8571695648395
50800,43.8478701415284
50900,43.8769709643044
51000,43.936042489993
51100,43.9297042919279
51200,43.9303191688969
51300,43.9091331851683
51400,43.9627907171966
51500,44.0922831039081
51600,44.1604193622697
51700,44.1828903189051
51800,44.3099439511684
51900,44.4325361789809
52000,44.4419304348868
52100,44.5375034181066
52200,44.523215991574
52300,44.5197428929893
52400,44.4032895790429
52500,44.3325376274831
52600,44.3506407560251
52700,44.3741942930733
52800,44.3421499685469
52900,44.2567372653241
53000,44.1947404779937
53100,44.2003171513107
53200,44.1960085427933
53300,44.1302485231088
53400,44.1315367473299
53500,44.1627355768865
53600,44.1508200963149
53700,44.1594303907577
53800,44.0678794832172
53900,43.9393061613022
54000,43.999109793297
54100,44.0004006064565
54200,44.073356295454
54300,44.1148803723692
54400,44.1709804983552
54500,44.2678791757164
54600,44.3444776552536
54700,44.2760987111721
54800,44.2660689852316
54900,44.292804558629
55000,44.371914809355
55100,44.4034908861682
55200,44.3330978912474
55300,44.347317608121
55400,44.3902605932733
55500,44.2765852041534
55600,44.1487360671436
55700,44.1165141241571
55800,44.122171753651
55900,44.1635484148132
56000,44.2107793016697
56100,44.2468143761378
56200,44.112010871171
56300,44.0524738072713
56400,44.0598879554218
56500,43.9966240856725
56600,43.9336472779422
56700,44.0199894594991
56800,44.0384166213303
56900,44.0269716655594
57000,44.0349119639469
57100,43.9915014315683
57200,44.1320184112274
57300,44.1598614833179
57400,44.1000468463903
57500,44.1855380053787
57600,44.3127100092237
57700,44.3039448136368
57800,44.3105175286488
57900,44.3236802145418
58000,44.2485024255413
58100,44.2058066045591
58200,44.287494128949
58300,44.3625514695688
58400,44.3743244627581
58500,44.41321474327
58600,44.502549112584
58700,44.4994891121648
58800,44.488696716122
58900,44.5223638891647
59000,44.5143608140204
59100,44.57949776245
59200,44.5738652551836
59300,44.5835169525056
59400,44.5762922627759
59500,44.6094874030241
59600,44.6458827245355
59700,44.6837167287703
59800,44.6944191989238
59900,44.6673155506786
60000,44.7038018064239
60100,44.6707622148734
60200,44.621716577954
60300,44.5425852960825
60400,44.541418116788
60500,44.4473117329792
60600,44.2942433562765
60700,44.2944175218545
60800,44.3945139681787
60900,44.3294348797442
61000,44.2790835626587
61100,44.1966935431098
61200,44.1226298615391
61300,44.0742808634219
61400,44.0271296866873
61500,43.8973253580655
61600,43.7725249968465
61700,43.6962110518928
61800,43.6046755885146
61900,43.4468026400246
62000,43.3562157229942
62100,43.3247203512166
62200,43.2529816506266
62300,43.1695904187541
62400,43.098098151561
62500,43.1187991768558
62600,43.1162295262128
62700,42.9652199813907
62800,42.8685230014976
62900,42.8420629813219
63000,42.8668668338687
63100,42.8759216449374
63200,42.8358916680713
63300,42.7933025045352
63400,42.8348522231313
63500,42.8589255079838
63600,42.9036054399956
63700,42.8859624733838
63800,42.8879020926654
63900,43.009879898584
64000,43.007483848859
64100,43.0002990201165
64200,43.0033542117615
64300,43.0703825562766
64400,43.1688966312669
64500,43.1544966397136
64600,43.1942114483637
64700,43.3193782112846
64800,43.3445746265358
64900,43.3407279645833
65000,43.3477850443288
65100,43.3894945210379
65200,43.4562283472202
65300,43.5096980270306
65400,43.5411279940744
65500,43.6063906718207
65600,43.529816531399
65700,43.5972724961236
65800,43.6076899350649
65900,43.6832766388265
66000,43.6892397381882
66100,43.7444216458501
66200,43.8294304463844
66300,43.8440063154873
66400,43.8115205263166
66500,43.7525510261238
66600,43.8023766443024
66700,43.7990884234757
66800,43.7819859799363
66900,43.7804545696218
67000,43.7069543595551
67100,43.6483059754856
67200,43.6247732718763
67300,43.5496066818435
67400,43.4697364009192
67500,43.4013398517931
67600,43.4700256266255
67700,43.4367136410911
67800,43.4581638374206
67900,43.3687927493047
68000,43.3884792605652
68100,43.4097037469665
68200,43.3954738812245
68300,43.3790115368597
68400,43.3676126345492
68500,43.3801549232074
68600,43.3342064880616
68700,43.3392416609657
68800,43.3708663096563
68900,43.4116779067242
69000,43.4002990399181
69100,43.3820969148905
69200,43.3350187842086
69300,43.4146913594188
69400,43.4571179707272
69500,43.4877441271607
69600,43.4749762510417
69700,43.4432706266081
69800,43.4613506884368
69900,43.4148047797336
70000,43.3518184108857
70100,43.3460782679897
70200,43.2892974732254
70300,43.2499798469631
70400,43.3034906513881
70500,43.3864425883136
70600,43.3970413191233
70700,43.3817787977711
70800,43.3589240627401
70900,43.3183381580085
71000,43.3825903551252
71100,43.4045732962272
71200,43.4957998440087
71300,43.4901546943944
71400,43.5519855544517
71500,43.5755875355454
71600,43.6097509026873
71700,43.6496345304327
71800,43.6841436976111
71900,43.7458733268827
72000,43.8424505168025
72100,43.9136121701851
72200,43.9807518177054
72300,44.0220589425987
72400,44.0254139749772
72500,43.9118088266705
72600,43.9293310074425
72700,43.9232158831778
72800,43.8756552228247
72900,44.0077141995305
73000,43.9936423837577
73100,44.0283200287526
73200,44.0118610093298
73300,44.0074467987016
73400,43.9653817286934
73500,44.0055279603014
73600,43.923590595733
73700,44.0006483878522
73800,43.9693664943628
73900,43.9805201833341
74000,43.9184767057244
74100,43.9007916909446
74200,43.8546382318258
74300,43.8468290497072
74400,43.8190947733906
74500,43.8781531886724
74600,43.8330360173232
74700,43.7973664786002
74800,43.8247553958979
74900,43.7306488919062
75000,43.7260653056857
75100,43.7274096049111
75200,43.7302625465976
75300,43.7016849364501
75400,43.7201674327946
75500,43.7140105348793
75600,43.8162726651364
75700,43.8213018123658
75800,43.8802141087224
75900,43.8756393046855
76000,43.9938927262303
76100,43.9514868070527
76200,44.0138303340893
76300,44.1260108847416
76400,44.1059877710566
76500,44.1743944434819
76600,44.2589651085993
76700,44.2953728147145
76800,44.3616368427172
76900,44.3620313198336
77000,44.4230381049866
77100,44.3829384477998
77200,44.2920075972627
77300,44.3394572356748
77400,44.3303203354152
77500,44.2798300157622
77600,44.2970459296801
77700,44.1889438951536
77800,44.154028395386
77900,44.1716310035899
78000,44.0926810110937
78100,44.0829058295646
78200,44.1084672713225
78300,44.0810460838059
78400,44.1404127711547
78500,44.1252834448519
78600,44.1300863950718
78700,44.1555816361954
78800,44.1363669357012
78900,44.1976641237837
79000,44.1916669453124
79100,44.2250137367642
79200,44.3664515172809
79300,44.421935534174
79400,44.4434720688482
79500,44.5220050837675
79600,44.5064135680406
79700,44.6187192542421
79800,44.6273835688681
79900,44.6567951095868
80000,44.6806094340607
80100,44.7312863630803
80200,44.679642432833
80300,44.6199492538235
80400,44.6258409147978
80500,44.6309051957834
80600,44.6100154343014
80700,44.5683821856243
80800,44.5771888271304
80900,44.5229010714159
81000,44.5180415750207
81100,44.5244550198371
81200,44.489020330044
81300,44.4045357258773
81400,44.3040347248782
81500,44.2591053216567
81600,44.1519554695456
81700,44.0545748010868
81800,44.052324771251
81900,44.05856827855
82000,44.0806207770095
82100,44.1110408074282
82200,44.1517783440586
82300,44.1798048710028
82400,44.1000581142674
82500,44.1002848892605
82600,44.0577262871779
82700,44.033592451625
82800,44.0180879168919
82900,43.9692274737952
83000,43.9823071454501
83100,43.9493943381353
83200,43.9299166943895
83300,43.907934546446
83400,43.9001479071651
83500,43.8931990436787
83600,43.8865475379091
83700,43.9418765586447
83800,43.8799870625871
83900,43.8550648496401
84000,43.854741823835
84100,43.8664280870464
84200,43.8125918815731
84300,43.7796617078246
84400,43.7959296118232
84500,43.7445948099398
84600,43.765252662107
84700,43.8145824474823
84800,43.8321401190617
84900,43.8099742271827
85000,43.7126443308889
85100,43.7722903313653
85200,43.7359744163283
85300,43.6699477845454
85400,43.7231735458858
85500,43.7059836870005
85600,43.696198454821
85700,43.6141275551699
85800,43.6393905604746
85900,43.6356640428189
86000,43.611454411772
86100,43.5182041566725
86200,43.5194393378591
86300,43.5401192442621
86400,43.623725648201
86500,43.6261579493086
86600,43.5947525582346
86700,43.5660410390094
86800,43.5387713967293
86900,43.6122647467945
87000,43.688632882629
87100,43.677747130849
87200,43.7579104258413
87300,43.9409017670758
87400,43.8946054339374
87500,43.9194526869073
87600,44.0011089810405
87700,44.1324897854507
87800,44.1309297018143
87900,44.1794014690894
88000,44.193729503562
88100,44.2185819240904
88200,44.2379783657549
88300,44.1856653779744
88400,44.132725691834
88500,44.0682756628126
88600,44.1048179158738
88700,44.1493893910124
88800,44.2216034881087
88900,44.2280352064708
89000,44.2471060221779
89100,44.2277930681777
89200,44.2358225571025
89300,44.1759078189012
89400,44.1891719240221
89500,44.1722165747054
89600,44.1410399473941
89700,44.109082400428
89800,44.0966654909477
89900,44.0387609101922
90000,44.0204186057776
90100,44.0339349482756
90200,43.939481813806
90300,43.9399747533904
90400,43.9095427084183
90500,44.0014737832869
90600,44.0110801446397
90700,44.0143464094421
90800,44.0115858885521
90900,44.007678795353
91000,44.036165840014
91100,43.9791245924399
91200,43.9800823049651
91300,43.9933807580286
91400,44.0034741964391
91500,44.0514097057313
91600,43.9930535102316
91700,43.9806552938056
91800,43.976826432552
91900,43.9590714880303
92000,43.957452907157
92100,43.9615970871933
92200,44.0068916651303
92300,44.1250737175859
92400,44.099567029721
92500,44.0685303643612
92600,44.175660097945
92700,44.1825723554222
92800,44.2315865961765
92900,44.204719082029
93000,44.1788942650639
93100,44.2683347023077
93200,44.1911625331239
93300,44.1739199993821
93400,44.213539424376
93500,44.2555677302951
93600,44.3654995829121
93700,44.3602451391
93800,44.4003661473392
93900,44.4404413699842
94000,44.4529477181567
94100,44.4785309058395
94200,44.5362302700302
94300,44.4750689130358
94400,44.4889282959578
94500,44.5353485856621
94600,44.4755570408054
94700,44.5475333963927
94800,44.4451242217829
94900,44.4247051148539
95000,44.3493050085597
95100,44.292354908364
95200,44.3608837784516
95300,44.3290863749876
95400,44.2261071844731
95500,44.1679180165307
95600,44.1152278402449
95700,44.0973531956407
95800,44.073672272035
95900,44.1277699277305
96000,44.0949125836032
96100,44.0139162945927
96200,44.0787197931137
96300,44.0655393172625
96400,44.1492633896602
96500,44.1635140863155
96600,44.1512805183493
96700,44.0381300986048
96800,44.1351227238865
96900,44.0672436116436
97000,44.1187536875766
97100,44.0940694005998
97200,44.019102542918
97300,44.0131177418917
97400,44.064108119728
97500,44.0284899500055
97600,44.0170654591237
97700,44.089806095282
97800,44.1615420190388
97900,44.1345994065526
98000,44.1554800592275
98100,44.3128584512758
98200,44.2590301757812
98300,44.2868843045415
98400,44.173967787716
98500,44.1555980693739
98600,44.1088100208452
98700,44.0994440124798
98800,44.0191985101163
98900,44.09745680657
99000,44.0439102617387
99100,44.1385878986537
99200,44.1814860715152
99300,44.1964618194216
99400,44.1981732009237
99500,44.2660701092916
99600,44.2847500328965
99700,44.2752796529737
99800,44.2348599019062
99900,44.2466919924603
100000,44.3087745285562
100100,44.2037328618111
100200,44.2158752328925
100300,44.1618559214673
100400,44.2168777133952
100500,44.1420156385304
100600,44.2430199182823
100700,44.2332820895111
100800,44.2431147295796
100900,44.299219805425
101000,44.3256519302581
101100,44.2893443197809
101200,44.3116442801805
101300,44.3251169147518
101400,44.411271409667
101500,44.3518746955624
101600,44.4066934190233
101700,44.3941426495007
101800,44.3903397542542
101900,44.3744796085444
102000,44.2875796045104
102100,44.3224145999795
102200,44.2925228953452
102300,44.3499045569439
102400,44.3882576368929
102500,44.4527288125801
102600,44.3033435807991
102700,44.3704261400159
102800,44.3856061591125
102900,44.3283571029046
103000,44.3592461940668
103100,44.3694326609427
103200,44.2774616439094
103300,44.3267652858402
103400,44.1335780586825
103500,44.1996129605306
103600,44.149134402001
103700,44.0630808553886
103800,44.0532950952265
103900,44.0718547527579
104000,44.0935668200534
104100,44.1146114907431
104200,44.1664860739366
104300,44.0400075549703
104400,44.0058248995045
104500,43.9348919810957
104600,44.0612687788075
104700,44.0867610525797
104800,44.0470519260959
104900,44.1040352417238
105000,44.0089831752656
105100,43.9603907481457
105200,43.9798148603597
105300,43.8633705129882
105400,43.9584707051465
105500,43.9554352264023
105600,43.8899641645367
105700,43.9375302757104
105800,43.7849862579008
105900,43.7220008783457
106000,43.6315289222871
106100,43.6053082661133
106200,43.5074488261054
106300,43.5983326327508
106400,43.5789581804439
106500,43.6596086910661
106600,43.6914159152876
106700,43.6533348423985
106800,43.6405544966167
106900,43.6410385387852
107000,43.7465446968741
107100,43.8223825723497
107200,43.8302206877596
107300,43.9394653516537
107400,43.9733030732571
107500,43.9070636970418
107600,43.9271748857853
107700,43.9186292794166
107800,44.0244812925106
107900,43.9681938556912
108000,44.0716587946191
108100,44.0673629407199
108200,44.1731239706842
108300,44.1876899276213
108400,44.1682020698276
108500,44.1492129120124
108600,44.0434517635832
108700,43.9984020296079
108800,43.9543580576463
108900,43.9126886091382
109000,43.8867264937557
109100,43.8761025476494
109200,43.8992627843844
109300,43.9121281399032
109400,43.9237824752783
109500,43.8083673284876
109600,43.8146259660706
109700,43.8544828684595
109800,43.8333840211416
109900,43.8450029439717
110000,43.8173099837209
110100,43.8566087845268
110200,43.8383155579054
110300,43.8518324133199
110400,43.9085574381387
110500,43.9030557990488
110600,43.9653854997772
110700,44.0333474013521
110800,44.1757470890593
110900,44.1021865190623
111000,44.0805690158882
111100,44.0178558491639
111200,44.0203553712866
111300,43.9696361005585
111400,43.9194914189231
111500,44.0745059961508
111600,44.1009779538869
111700,44.0838649662755
111800,44.1439406979389
111900,44.2055840406001
112000,44.22724888377
112100,44.237040212491
112200,44.2388869627195
112300,44.2317042793261
112400,44.2616586279616
112500,44.2634230717658
112600,44.197605478633
112700,44.1344159808272
112800,44.1475732181549
112900,44.2012541758302
113000,44.2183595308066
113100,44.2777310401054
113200,44.2453379519581
113300,44.2027316174285
113400,44.2670841199635
113500,44.2649408500383
113600,44.327619245861
113700,44.4133970044378
113800,44.49432032614
113900,44.5523788005836
114000,44.5731368945081
114100,44.5851563798055
114200,44.55589834514
114300,44.5930696652955
114400,44.5093701265311
114500,44.5228438521681
114600,44.5742408251247
114700,44.5559128749312
114800,44.5016091346862
114900,44.4957815004055
115000,44.4829792571444
115100,44.4884870006868
115200,44.5459485472022
115300,44.6101026553297
115400,44.6800697001945
115500,44.6782791323222
115600,44.6802392192786
115700,44.578090304561
115800,44.5283782598222
115900,44.5058643904091
116000,44.5086139277898
116100,44.4293963928622
116200,44.4301691064496
116300,44.3786064022208
116400,44.4379152462452
116500,44.4338826291839
116600,44.3476025818803
116700,44.3937876153167
116800,44.4264323378636
116900,44.5272876416146
117000,44.5249229649859
117100,44.552258927832
117200,44.5357925065922
117300,44.5415424191562
117400,44.4582662715046
117500,44.4414879281263
117600,44.3736623782177
117700,44.2751734230656
117800,44.1827757439863
117900,44.1650814962148
118000,44.0652325219002
118100,44.0372985751458
118200,44.0438672940247
118300,44.0087220527564
118400,44.0182335718562
118500,43.9566092513866
118600,43.9524834496803
118700,43.9344976082216
118800,43.9489142840241
118900,43.8253698654408
119000,43.8707147439075
119100,43.8344074740654
119200,43.8709607450577
119300,43.8266604624411
119400,43.8602097522726
119500,43.9061669081334
119600,43.9041235337549
119700,43.9792617023859
119800,44.1315520593357
119900,44.1557865436985
120000,44.1553612546866
120100,44.2325489950221
120200,44.2196630573146
120300,44.2101429018853
120400,44.1953065247928
120500,44.2159893269008
120600,44.1726360505639
120700,44.1703515407711
120800,43.9679414204933
120900,44.0583561760868
121000,43.8821479598859
121100,43.8411774192972
121200,43.6700071477211
121300,43.6501722990679
121400,43.4609053859386
121500,43.3758964808356
121600,43.3529306564131
121700,43.3264691022733
121800,43.2095574741141
121900,43.0635073701915
122000,43.1007890692309
122100,43.0862335905962
122200,43.059482272593
122300,43.0697695280197
122400,42.977497633487
122500,42.9459934777943
122600,42.978904064466
122700,42.9763198964265
122800,43.0404676736128
122900,42.9924149798524
123000,43.0414622593227
123100,43.0006473398294
123200,43.1253492088864
123300,43.1576053132521
123400,43.2722629035931
123500,43.2764693608973
123600,43.3263710591866
123700,43.2663323502387
123800,43.3235350338138
123900,43.4518523177829
124000,43.4901981792479
124100,43.4878804345643
124200,43.4665380317844
124300,43.4940445442186
124400,43.5345892318166
124500,43.5734279428672
124600,43.593173322852
124700,43.6189450313398
124800,43.6200264066964
124900,43.5984049337724
125000,43.5875287660011
125100,43.5879876389827
125200,43.5187571724515
125300,43.4538786080866
125400,43.3974731282276
125500,43.3657533941308
125600,43.3297097672824
125700,43.417946380712
125800,43.4236207732941
125900,43.3863152933413
126000,43.4182620419918
126100,43.3227091001462
126200,43.4610082259513
126300,43.5179956960856
126400,43.5579881177054
126500,43.4986194865301
126600,43.5819789090381
126700,43.5558873168098
126800,43.5653400660416
126900,43.5955653237034
127000,43.6840130695754
127100,43.7211715007708
127200,43.8151012513622
127300,43.9028786452831
127400,43.9820844076405
127500,44.1308633651197
127600,44.2199010300432
127700,44.2453551317246
127800,44.1728678417279
127900,44.2169142072231
128000,44.1930133157274
128100,44.2610313586308
128200,44.1985181761369
128300,44.1380718428898
128400,44.0923503503346
128500,44.2058741617639
128600,44.0573984329057
128700,44.106572430122
128800,44.1688533288282
128900,44.1986069468255
129000,44.1576860073998
129100,44.2608200423836
129200,44.2079750268303
129300,44.0599779531745
129400,44.036268260462
129500,44.0120269492339
129600,44.0211203017359
129700,44.0120577492686
129800,44.0417164407078
129900,44.0766033490132
130000,44.1372467487845
130100,44.2390163094291
130200,44.2402653471385
130300,44.2584755551013
130400,44.2645005928481
130500,44.2957375126625
130600,44.4461565518103
130700,44.4646920611764
130800,44.510112901391
130900,44.5642101000773
131000,44.6220603737954
131100,44.5933632938851
131200,44.6828486845805
131300,44.8302366960239
131400,44.8553310095169
131500,44.7978657995575
131600,44.7642396012051
131700,44.8697569917603
131800,44.9168948840126
131900,44.9302010816735
132000,44.8717883868884
132100,44.7922403227897
132200,44.8431404093323
132300,44.8104317985566
132400,44.9560722957472
132500,44.8983437655472
132600,44.8195389860694
132700,44.8050310690133
132800,44.8294198252081
132900,44.7470027050603
133000,44.7510990029181
133100,44.707911460749
133200,44.6569821726869
133300,44.6310841668131
133400,44.6305407073832
133500,44.5985621452514
133600,44.5811471956085
133700,44.4656300359617
133800,44.4426807534998
133900,44.3557447985366
134000,44.3366503820662
134100,44.3362583628602
134200,44.2565558535868
134300,44.3024179514367
134400,44.2037972396203
134500,44.1564106819747
134600,44.2230616539614
134700,44.2449224671136
134800,44.2441625689132
134900,44.3310536978693
135000,44.3400167488758
135100,44.3334636877798
135200,44.3447637809686
135300,44.4568126628525
135400,44.5396929796321
135500,44.6317219335589
135600,44.6910620517164
135700,44.7333365867463
135800,44.76474378855
135900,44.846617710969
136000,44.9300097289579
136100,44.9896031327242
136200,44.9811514014871
136300,45.0154979852876
136400,45.133767215949
136500,45.1898540135569
136600,45.1288223064597
136700,45.1073221128198
136800,45.100685605971
136900,45.0247184127582
137000,44.9948679254669
137100,44.9887838492343
137200,44.9381309558073
137300,44.9401719464596
137400,44.8697654735641
137500,44.9107692106458
137600,44.8797128123477
137700,44.8859431536311
137800,44.9406989970112
137900,44.9153449076446
138000,44.8558466654188
138100,44.794380823467
138200,44.8795268122848
138300,44.7234413101717
138400,44.5997873921626
138500,44.5661156557578
138600,44.6036285090087
138700,44.576163698101
138800,44.4627414931291
138900,44.4436243154729
139000,44.4262963936524
139100,44.4902262784845
139200,44.4419606098877
139300,44.4283900590233
139400,44.4879980230462
139500,44.3775301837353
139600,44.4088230215382
139700,44.4895202811934
139800,44.4880937548672
139900,44.5269242473306
140000,44.6041139352663
140100,44.6833274090873
140200,44.6456277072542
140300,44.6815774890216
140400,44.6992459282421
140500,44.7133836756912
140600,44.593418487331
140700,44.5635203296245
140800,44.6983211376013
140900,44.6946536827589
141000,44.6884053986149
141100,44.5871028442652
141200,44.6394642175977
141300,44.5416693365547
141400,44.4473898684819
141500,44.5079898541427
141600,44.5011684278688
141700,44.4870602753496
141800,44.459432276901
141900,44.4196090040293
142000,44.3493500739739
142100,44.3322829917772
142200,44.3560772914756
142300,44.428339751863
142400,44.5103087838629
142500,44.5143249885679
142600,44.6171435018065
142700,44.6502476264564
142800,44.568133602959
142900,44.6027273734619
143000,44.6535374969905
143100,44.7627284408642
143200,44.7667112838166
143300,44.8636455224764
143400,44.9037097197807
143500,44.8875725495483
143600,44.7947684057646
143700,44.7555582309345
143800,44.7508303926445
143900,44.7234396265023
144000,44.7125966394492
144100,44.6288110708184
144200,44.5548167373012
144300,44.4600203651273
144400,44.393938709171
144500,44.3667972550616
144600,44.3543367433269
144700,44.3808814497753
144800,44.4690951605037
144900,44.4445073543503
145000,44.3555588823176
145100,44.3563503024254
145200,44.2930034420473
145300,44.2325815335855
145400,44.217194042869
145500,44.2090659603214
145600,44.173118678215
145700,44.140405338179
145800,44.1145593659338
145900,44.1067594457911
146000,44.1586525225941
146100,44.1170033388049
146200,44.1741344614655
146300,44.2461898965768
146400,44.323244581739
146500,44.3423291758877
146600,44.4240042356891
146700,44.4296240977037
146800,44.3363016203507
146900,44.2995683844321
147000,44.3797470401707
147100,44.4488825544827
147200,44.5213256823278
147300,44.5755374062017
147400,44.5952295333404
147500,44.5608054649924
147600,44.6838049559394
147700,44.6735426326482
147800,44.7427697687458
147900,44.8248764324717
148000,44.8162625840358
148100,44.8921724787199
148200,44.8610914466313
148300,44.8490947226458
148400,44.7966685386476
148500,44.7638771312816
148600,44.7124716764802
148700,44.6127160507021
148800,44.6864339909655
148900,44.7244838370618
149000,44.6612918185034
149100,44.5461917875448
149200,44.5359009823018
149300,44.4508736635072
149400,44.3981580919745
149500,44.4090682717032
149600,44.3078493829329
149700,44.2696718650494
149800,44.1587565540637
149900,44.0879804207623
150000,43.9391428766894
150100,43.9180174381441
150200,43.8553679522919
150300,43.8148467539025
150400,43.8112991208412
150500,43.8773106342721
150600,43.8913336433027
150700,43.9348749172141
150800,43.8038430461831
150900,43.7449989322439
151000,43.7613544590368
151100,43.6830435114153
151200,43.6584988632699
151300,43.6632036091007
151400,43.7116414224961
151500,43.7241017979884
151600,43.7221139263403
151700,43.7872522199978
151800,43.8494130554053
151900,43.8169066840763
152000,43.8989640169829
152100,43.8689207037737
152200,43.9081140409782
152300,43.8750023333216
152400,43.8115459950177
152500,43.7422380128692
152600,43.6406976780573
152700,43.6436798047309
152800,43.7302566294482
152900,43.7904014444985
153000,43.7549013888985
153100,43.7773338857193
153200,43.7454383447902
153300,43.8654346461688
153400,43.8452405699627
153500,43.8599694315038
153600,43.9117682224515
153700,43.8725226978369
153800,43.7865366315459
153900,43.8411096128823
154000,43.8068359142757
154100,43.800267928606
154200,43.7720108209547
154300,43.8375864700083
154400,43.9221304032873
154500,43.9650702336269
154600,43.9735224760488
154700,43.9370913233926
154800,43.8666159009808
154900,43.8387512208059
155000,43.8566080038426
155100,43.8603449601469
155200,43.8455768834406
155300,43.7139682884672
155400,43.6531100887041
155500,43.5498850263541
155600,43.4013362927161
155700,43.3633806201517
155800,43.3402678529643
155900,43.2876460876426
156000,43.2381089120017
156100,43.304249122819
156200,43.3541203485528
156300,43.3209003364632
156400,43.265102302744
156500,43.2596169600138
156600,43.2137287804479
156700,43.254847603321
156800,43.2867248674983
156900,43.3006787482633
157000,43.3109319278425
157100,43.3657921370417
157200,43.3678457702507
157300,43.404873105033
157400,43.4169346748191
157500,43.400120154587
157600,43.5031967890654
157700,43.4928064267886
157800,43.5029410671361
157900,43.524184227359
158000,43.5605132045617
158100,43.4826604766756
158200,43.503805226238
158300,43.4198977040765
158400,43.3164571776064
158500,43.2642779912091
158600,43.3211635882806
158700,43.2295136124926
158800,43.1675276341725
158900,43.1113613531903
159000,43.038858022457
159100,42.9420831830619
159200,42.8910677843659
159300,42.9047838050882
159400,42.9307852826134
159500,43.0139722302265
159600,43.0789205600888
159700,43.1353249719826
159800,43.1585537927845
159900,43.1777110453454
160000,43.1637647781897
160100,43.2296714308901
160200,43.2461974436935
160300,43.3043010899547
160400,43.3935782368587
160500,43.3916975424359
160600,43.3179083479158
160700,43.3684631791417
160800,43.3938712614616
160900,43.4075778502927
161000,43.5011530468543
161100,43.6352611573047
161200,43.7359143779916
161300,43.7341461329126
161400,43.6965741039053
161500,43.677269156188
161600,43.685242831543
161700,43.6494507301954
161800,43.6681007617558
161900,43.6677970411311
162000,43.7366383087965
162100,43.6325389999183
162200,43.5230785504865
162300,43.5859546253532
162400,43.5421271174946
162500,43.6184601870158
162600,43.7319311327365
162700,43.7265959427049
162800,43.7234065604704
162900,43.7637989411792
163000,43.7304298313336
163100,43.670785490947
163200,43.6717327464221
163300,43.7025836696625
163400,43.7524475582265
163500,43.8241627026775
163600,43.7469835003216
163700,43.8006373842111
163800,43.7929936434032
163900,43.8073815794265
164000,43.8028305675156
164100,43.9003669246999
164200,43.9665772681909
164300,43.9008441136843
164400,43.9680658254572
164500,43.8930339090204
164600,43.8546385128086
164700,43.9031875428667
164800,43.9947698894781
164900,43.9906023878294
165000,44.0457502634427
165100,44.1123893374926
165200,44.1388285944295
165300,44.1469206694355
165400,44.1308929789836
165500,44.0525806087408
165600,44.0693160859412
165700,44.0403747282954
165800,44.0706250176419
165900,44.1083985385949
166000,44.1284893280161
166100,44.1777874444155
166200,44.1471217026089
166300,44.1201847833146
166400,44.0796699047404
166500,44.1177076438579
166600,44.1256438914338
166700,44.1789637017791
166800,44.1741896271572
166900,44.1767871559666
167000,44.1398796354493
167100,44.0280197783819
167200,43.9962223065247
167300,44.0358089196514
167400,44.1021718481886
167500,44.1361302439238
167600,44.1715012467845
167700,44.1803453418824
167800,44.1821454518883
167900,44.0764636317341
168000,44.0077257646482
168100,43.9136557094675
168200,43.9079150560636
168300,43.9239140297669
168400,43.9922087870437
168500,43.9545482565888
168600,43.9749842355347
168700,43.8975484852172
168800,43.7824824805452
168900,43.7450756776948
169000,43.663833383699
169100,43.7211734331287
169200,43.7668139258636
169300,43.696064525314
169400,43.6230235759344
169500,43.6206786981261
169600,43.5948612355751
169700,43.5373261438032
169800,43.4689174339774
169900,43.567691507515
170000,43.5559237013233
170100,43.6053537337671
170200,43.6323680082003
170300,43.6320232835461
170400,43.5709760946426
170500,43.6389273867982
170600,43.670593221478
170700,43.6176433138375
170800,43.6863020260646
170900,43.7232132322334
171000,43.780760668519
171100,43.8341619546661
171200,43.8118312571161
171300,43.803297982929
171400,43.8423356362984
171500,43.7840059039598
171600,43.8190001455789
171700,43.863597213299
171800,43.9907834059262
171900,43.9478591476207
172000,43.9369984673915
172100,43.9821471338304
172200,44.0371351389926
172300,44.0695842595247
172400,44.1937306578114
172500,44.1898469264329
172600,44.1795778995563
172700,44.2260229272908
172800,44.2532480914466
172900,44.2912450620288
173000,44.4305836742836
173100,44.4417834960113
173200,44.4353838153586
173300,44.4662631349441
173400,44.4301669153071
173500,44.4451228714881
173600,44.3546098546678
173700,44.3401634256425
173800,44.2332821643171
173900,44.2661076682302
174000,44.3316832659807
174100,44.2905583849817
174200,44.2664863073156
174300,44.2832452276906
174400,44.2207316090634
174500,44.2219287259983
174600,44.2115785925756
174700,44.2445883038715
174800,44.2274913107234
174900,44.2235299530082
175000,44.1531702926343
175100,44.0924192698646
175200,44.0905544882966
175300,44.1164236307619
175400,44.1257902009965
175500,44.1472170546481
175600,44.2484044401741
175700,44.2772858625891
175800,44.341083343303
175900,44.2961055671569
176000,44.2434896836179
176100,44.2642347237584
176200,44.1371467015373
176300,44.1001265352829
176400,44.145233350111
176500,44.0538702568617
176600,44.0178133020052
176700,43.9644386920069
176800,43.9381710496192
176900,43.7820243036667
177000,43.7226368273121
177100,43.7047940107716
177200,43.6834697136979
177300,43.5956951562141
177400,43.5937711140519
177500,43.6047058675879
177600,43.6134071717247
177700,43.5515957326309
177800,43.5012540962081
177900,43.5439923728598
178000,43.5817160505258
178100,43.5342734947776
178200,43.6314385946685
178300,43.6798862440225
178400,43.6620629796347
178500,43.7018751465613
178600,43.6611550754458
178700,43.7377363676891
178800,43.8159124318876
178900,43.9854801612401
179000,44.1002609728578
179100,44.0703368256684
179200,44.0481361853212
179300,44.1063450923587
179400,44.1755628184184
179500,44.1993257046432
179600,44.250258653535
179700,44.3266354263021
179800,44.4000892943483
179900,44.3915207633413
180000,44.3479776396148
180100,44.3544180735511
180200,44.4098665357914
180300,44.4388478407201
180400,44.4706830349131
180500,44.4668980212139
180600,44.5776576590718
180700,44.5353483483097
180800,44.5143991238993
180900,44.5342568966331
181000,44.4532895983162
181100,44.5658940538181
181200,44.6733566987019
181300,44.6836073402468
181400,44.6619676842267
181500,44.590390007157
181600,44.576831060391
181700,44.5218750012072
181800,44.5150934247288
181900,44.5161858255798
182000,44.5962195818863
182100,44.5818430734991
182200,44.4991625421282
182300,44.4683142447356
182400,44.4140452572467
182500,44.3771160913323
182600,44.2870814769807
182700,44.325254071225
182800,44.3346262516281
182900,44.2816025008519
183000,44.2844533508176
183100,44.2198037060437
183200,44.1808358159539
183300,44.1224186685726
183400,44.1805155101332
183500,44.1706595273222
183600,44.1183941600051
183700,44.2030686559111
183800,44.1855209534974
183900,44.1752753164643
184000,44.1887779430353
184100,44.21657973575
184200,44.1760815874157
184300,44.0857832086734
184400,44.0743520927322
184500,44.1491959766764
184600,44.1888903897098
184700,44.1647335560175
184800,44.01869348827
184900,44.0144504822232
185000,43.9636506336328
185100,43.8652079412651
185200,43.7186002400506
185300,43.7197281900181
185400,43.7032223767702
185500,43.6908831923155
185600,43.5769838979061
185700,43.4763599534017
185800,43.3497655343454
185900,43.279020202549
186000,43.1511068176322
186100,43.1380786839684
186200,43.1770880816824
186300,43.2511610368162
186400,43.2703126474824
186500,43.2897386790093
186600,43.2871781703548
186700,43.2574541903973
186800,43.3646617341478
186900,43.282841446532
187000,43.3186101295221
187100,43.4206646554844
187200,43.5572613173766
187300,43.5390396174383
187400,43.5402700742251
187500,43.5611570148529
187600,43.6919684909026
187700,43.7486474496068
187800,43.8577563756662
187900,44.0162304723601
188000,44.0978780676376
188100,44.0334067620591
188200,43.9965832940128
188300,44.0424045888364
188400,43.9167070302201
188500,43.7446078617129
188600,43.7549194408729
188700,43.7764696930144
188800,43.7431144573802
188900,43.7963412838366
189000,43.7920657481854
189100,43.7635231169369
189200,43.7348280638576
189300,43.7857784556906
189400,43.7629737587412
189500,43.8116806191032
189600,43.7514964793214
189700,43.7577648742455
189800,43.739462081347
189900,43.7112367334895
190000,43.7180690989869
190100,43.8141924610478
190200,43.8613840416869
190300,43.7451144458476
190400,43.8484764174461
190500,43.9972525171144
190600,43.9852609150862
190700,44.0259822144344
190800,44.0580701337528
190900,44.0719502574597
191000,44.0706276160691
191100,44.1217484170919
191200,44.1604065822121
191300,44.1447374707039
191400,44.0378901713476
191500,44.0194256128729
191600,44.046105503459
191700,43.9758197680029
191800,43.9640716452085
191900,43.9680866185656
192000,43.9362994822394
192100,43.9196614043179
192200,43.8356996955734
192300,43.849552853872
192400,43.7637292223433
192500,43.7612630185878
192600,43.803544494037
192700,43.7807118336843
192800,43.7743984723633
192900,43.7919060981471
193000,43.7226968258779
193100,43.7163603930715
193200,43.6880283059001
193300,43.7125145399896
193400,43.7186490728351
193500,43.6791129744372
193600,43.6584992972299
193700,43.7315599891448
193800,43.7250949714402
193900,43.7422152050491
194000,43.800488124618
194100,43.7971896516068
194200,43.7981470407811
194300,43.8029503507173
194400,43.8393888585517
194500,43.8084903335147
194600,43.8268807549552
194700,43.8517644752771
194800,43.9041246374929
194900,43.916745677712
195000,44.0161350080008
195100,43.9628111733382
195200,43.9223079765127
195300,43.912537156435
195400,43.9539431097752
195500,43.9469301333102
195600,43.9208198379103
195700,43.8113144508606
195800,43.7678638035157
195900,43.7274821611098
196000,43.6499881227073
196100,43.665763119603
196200,43.681658848251
196300,43.6863790479248
196400,43.7709156585182
196500,43.7438421996517
196600,43.6161857442419
196700,43.4521622259785
196800,43.406147056016
196900,43.3757414562216
197000,43.3439679037264
197100,43.3367900131154
197200,43.2964608072813
197300,43.2364497764531
197400,43.1686057664922
197500,43.046722240859
197600,43.0366971361562
197700,43.0868325475439
197800,43.1654611202891
197900,43.1638907467513
198000,43.1787464100595
198100,43.1351148810712
198200,43.1682932052876
198300,43.1258645616039
198400,43.1017607068026
198500,43.124135788561
198600,43.1881954657912
198700,43.3827181076264
198800,43.27698582922
198900,43.3358282167199
199000,43.2649757137038
199100,43.2809879918832
199200,43.3580645403445
199300,43.3675339993398
199400,43.4079519642157
199500,43.5793535683351
199600,43.6502012704587
199700,43.6859649981589
199800,43.6743748501043
199900,43.5865233999512
200000,43.6148857533025
200100,43.6293963475009
200200,43.6425389964103
200300,43.7611315138525
200400,43.7610152550426
200500,43.801501432634
200600,43.7913312283005
200700,43.6918448324206
200800,43.7966288289512
200900,43.7502518529878
201000,43.7894322116324
201100,43.8313246410797
201200,43.8841475576397
201300,44.0224991209337
201400,44.1774433873108
201500,44.2123598306165
201600,44.1517087506396
201700,44.1634189150462
201800,44.2126508321461
201900,44.285001635804
202000,44.3071411400558
202100,44.3540893052588
202200,44.2854520873381
202300,44.1869401059263
202400,44.1474548192865
202500,44.159088042251
202600,44.2343957397117
202700,44.2913797308458
202800,44.3368002228752
202900,44.41392711581
203000,44.5410961176826
203100,44.6018692004321
203200,44.5384185434608
203300,44.5004933475346
203400,44.5035813484164
203500,44.4619460873773
203600,44.5216745821856
203700,44.5263185127045
203800,44.5584839882608
203900,44.6658737640236
204000,44.7020533602378
204100,44.7400342049535
204200,44.8903544699055
204300,44.9610219002883
204400,45.0806673237796
204500,45.0838131617283
204600,45.1171863398405
204700,45.0627402414842
204800,45.072571029008
204900,45.0701910200778
205000,44.9621535169388
205100,44.9786697368306
205200,44.9785233106517
205300,44.9164757239997
205400,44.8114460326584
205500,44.8501128968926
205600,44.8121651922467
205700,44.8339824730758
205800,44.7836583022097
205900,44.7188664097517
206000,44.6551664753576
206100,44.6150855828328
206200,44.5927697590731
206300,44.5809516078143
206400,44.5471632025644
206500,44.5153165089296
206600,44.4889317109908
206700,44.4911284756453
206800,44.4438502689431
206900,44.3937119063941
207000,44.4729423010197
207100,44.4058069816414
207200,44.3793964690448
207300,44.3491363817255
207400,44.4194769507866
207500,44.4255396426908
207600,44.5068066967095
207700,44.4945234725233
207800,44.4475709312524
207900,44.4986764857083
208000,44.5582630272788
208100,44.4262840119212
208200,44.2343949331768
208300,44.122228504629
208400,44.0810668607424
208500,44.0367874722953
208600,44.0322066754306
208700,43.922387721297
208800,43.9495959905496
208900,43.9976504867266
209000,43.9374765680376
209100,43.9142129931484
209200,43.8547802058687
209300,43.9370936348844
209400,43.942292650947
209500,43.9423554890612
209600,43.989611949429
209700,43.9534650798183
209800,43.9523180616319
209900,43.9551488943532
210000,43.9580028364318
210100,44.1080183700318
210200,44.249710063106
210300,44.3128355304511
210400,44.2523395133513
210500,44.2398916855891
210600,44.1763971015884
210700,44.327233857342
210800,44.3165998475077
210900,44.3414398869599
211000,44.3415403970251
211100,44.3678063703688
211200,44.468204570933
211300,44.4886027024671
211400,44.5459343034447
211500,44.6016099931345
211600,44.5664082018038
211700,44.6722690490545
211800,44.7478489569955
211900,44.7518911955894
212000,44.743938799298
212100,44.6907847674907
212200,44.643090871852
212300,44.6770944183836
212400,44.7799615060534
212500,44.8911140090548
212600,44.9601352988493
212700,44.9678600210416
212800,44.9363645727884
212900,44.8496804544769
213000,44.8727196443254
213100,44.8348780171321
213200,44.8860087425374
213300,44.8358078823507
213400,44.7309335329437
213500,44.6259746582286
213600,44.5980765396309
213700,44.5847066243451
213800,44.5134460881088
213900,44.4689510273973
214000,44.4516914728163
214100,44.4564290249046
214200,44.43920712804
214300,44.4636911675152
214400,44.4142983579466
214500,44.3769350222257
214600,44.314301329491
214700,44.2611197495948
214800,44.2601805491955
214900,44.3060796590574
215000,44.300560897155
215100,44.3991173006242
215200,44.3270380723302
215300,44.2501051512409
215400,44.200869293031
215500,44.148430220715
215600,44.1293582702221
215700,43.95775933694
215800,43.991978216037
215900,44.0331249368028
216000,43.9440235152266
216100,43.911681735549
216200,43.9609659739543
216300,43.9565295356255
216400,43.9957755266496
216500,43.9500937234643
216600,43.9314637198563
216700,44.0083883012761
216800,44.0581099397198
216900,43.9703542238822
217000,43.9032330607152
217100,43.8120339875388
217200,43.7335910798152
217300,43.8187697609444
217400,43.8768439797305
217500,43.9503738373474
217600,43.8667021871576
217700,43.9905046195847
217800,43.9163593247064
217900,43.8413541214106
218000,43.9150646731177
218100,44.0233973312948
218200,44.0382276368253
218300,44.0513635036342
218400,44.0812854816103
218500,44.1264759687122
218600,44.2561644183901
218700,44.2208857970305
218800,44.1657172968705
218900,44.2033580033623
219000,44.2985908350057
219100,44.2615231074359
219200,44.4136209801301
219300,44.4218385174319
219400,44.3566045150584
219500,44.280301928753
219600,44.3664447254504
219700,44.4113808757941
219800,44.4789541033822
219900,44.5246810628964
220000,44.5324611925573
220100,44.5023412742199
220200,44.5646893844015
220300,44.5976361917668
220400,44.6603437846653
220500,44.6849695082767
220600,44.635707918928
220700,44.6017478854356
220800,44.7057092048414
220900,44.7567924353721
221000,44.8212871538397
221100,44.9028442957548
221200,44.8109461955026
221300,44.8079698419734
221400,44.864091341444
221500,44.9618961802654
221600,44.9892003784578
221700,44.9831461313455
221800,44.9499448893408
221900,44.9840956373369
222000,44.9700607197434
222100,44.9819961908858
222200,44.9535456922444
222300,44.8755006031787
222400,44.8149036169986
222500,44.7762882596975
222600,44.7311184774201
222700,44.7370818360331
222800,44.6344713141658
222900,44.5937585626634
223000,44.5646712355909
223100,44.5632830592758
223200,44.6514221043592
223300,44.6776609254038
223400,44.6718368823523
223500,44.6032085847457
223600,44.59022714575
223700,44.5421348501425
223800,44.5437216096049
223900,44.4860071413975
224000,44.4332716899327
224100,44.4238729220656
224200,44.4195108687492
224300,44.3979191151993
224400,44.2996295501355
224500,44.283596316932
224600,44.2411264423734
224700,44.1489001631802
224800,44.139374252405
224900,44.0727226772449
225000,43.8295755520503
225100,43.7127646213784
225200,43.6133142074779
225300,43.4399923485048
225400,43.3292794814312
225500,43.302525778755
225600,43.312965560418
225700,43.2973509053945
225800,43.3254481205007
225900,43.2834987276436
226000,43.2831983012609
226100,43.2403705713656
226200,43.1992403537199
226300,43.204265409126
226400,43.2370864255188
226500,43.2275223039602
226600,43.2215006930738
226700,43.2176530678948
226800,43.2292382393763
226900,43.2463351191877
227000,43.3598387194827
227100,43.5093317845127
227200,43.4814550163044
227300,43.5362532193277
227400,43.5618461107473
227500,43.63876135428
227600,43.5760891064198
227700,43.5112207292819
227800,43.4570394091595
227900,43.4423150041557
228000,43.4541376104526
228100,43.4721198785183
228200,43.414798372888
228300,43.3904781282773
228400,43.3197053829622
228500,43.2873900893013
228600,43.2940183143974
228700,43.2935774146679
228800,43.1527594116871
228900,43.1681399094514
229000,43.1813829912469
229100,43.0301514580216
229200,43.0060931214749
229300,42.9787723592771
229400,42.9774298466197
229500,42.9662780530206
229600,42.9427643686045
229700,42.8159191465974
229800,42.7877832865459
229900,42.7761982522807
230000,42.7286518027521
230100,42.6618435848884
230200,42.7259223360756
230300,42.6675703681509
230400,42.6779163118903
230500,42.6828048020848
230600,42.7012693618965
230700,42.7169805771743
230800,42.7731213499069
230900,42.7082219340634
231000,42.7526196944584
231100,42.7738329153247
231200,42.727190093494
231300,42.7985273028378
231400,42.7314853929653
231500,42.6940354963508
231600,42.7393977807885
231700,42.878505498254
231800,42.8413284692886
231900,42.8657504344621
232000,42.8513130267113
232100,42.8805235736673
232200,42.8321143742802
232300,42.9383213701383
232400,42.9607737184835
232500,43.0179924714951
232600,42.9867243559036
232700,43.0300603353038
232800,43.1286610219438
232900,43.1809131041277
233000,43.1249604190745
233100,43.2459125757692
233200,43.4079008733579
233300,43.4619349453547
233400,43.5978371199401
233500,43.6205958896074
233600,43.6710186841513
233700,43.7835005254682
233800,43.9720810765334
233900,44.0076947782728
234000,44.0890873659026
234100,44.1492017498168
234200,44.1778962548752
234300,44.08605713162
234400,44.0908938637347
234500,44.0755671901799
234600,44.1332666488431
234700,44.1768836956704
234800,44.1994109731061
234900,44.2514183708692
235000,44.2157441194004
235100,44.1635611685225
235200,44.0906895922916
235300,44.0204425180049
235400,43.9774786508356
235500,43.9760662200131
235600,43.9706269673445
235700,43.8490167114903
235800,43.786542716328
235900,43.7836890763963
236000,43.8376989394534
236100,43.7747443350934
236200,43.815273606247
236300,43.8443856073442
236400,43.8910156334586
236500,43.8440778940955
236600,43.8079563112672
236700,43.811712806289
236800,43.8047797245493
236900,43.778023171301
237000,43.8504696664485
237100,43.8817534925618
237200,43.9004692129548
237300,43.8524796030171
237400,43.9259848815564
237500,43.8976423196937
237600,43.9174271169173
237700,43.9877327460404
237800,43.9479592366891
237900,43.9063687740261
238000,43.8318196973804
238100,43.8854303639817
238200,43.885612765044
238300,43.9294844425945
238400,43.8721024653251
238500,43.9893346661586
238600,43.984944617583
238700,43.9105162790545
238800,43.8956460208677
238900,43.9119576582544
239000,43.9493705822802
239100,43.9515105686486
239200,44.0444378691537
239300,44.1102558585577
239400,44.1516873384556
239500,44.2063972464387
239600,44.1644429199509
239700,44.2271026938499
239800,44.3022823167976
239900,44.3401149882872
240000,44.4035302013617
240100,44.3908308539952
240200,44.441791979366
240300,44.4091169890493
240400,44.469034501143
240500,44.3532204326053
240600,44.4010260152247
240700,44.4248868163174
240800,44.3637348503483
240900,44.3266355678589
241000,44.3235398974328
241100,44.2531429239654
241200,44.1097946407092
241300,44.0675490297649
241400,43.9305187032091
241500,43.8856596946053
241600,43.8778105841793
241700,43.7206760394668
241800,43.6459876151281
241900,43.6083066565915
242000,43.4569801912397
242100,43.457377548133
242200,43.4360276154361
242300,43.4252589697056
242400,43.3722368702835
242500,43.4219434281369
242600,43.3014955889766
242700,43.3056243158557
242800,43.3717581302472
242900,43.3724289473254
243000,43.3470445062013
243100,43.4005671253268
243200,43.4761680688037
243300,43.4947540714576
243400,43.5641533219246
243500,43.5679405754952
243600,43.6094816122155
243700,43.741661856486
243800,43.7987588488523
243900,43.8537583154963
244000,43.9843256285458
244100,43.9969989780947
244200,44.0081325197247
244300,43.9883630750852
244400,44.0826603007555
244500,44.1167843924711
244600,44.2762261647349
244700,44.3542981676183
244800,44.2627301791053
244900,44.3360247037473
245000,44.3015325108968
245100,44.3633351889415
245200,44.4079897624203
245300,44.4661823230713
245400,44.5389564457363
245500,44.643155815235
245600,44.5315027210429
245700,44.476331794573
245800,44.5372158274586
245900,44.5740987071412
246000,44.6893291837557
246100,44.6035128638109
246200,44.642042630777
246300,44.6919400106135
246400,44.601662021923
246500,44.5396032127448
246600,44.5342682286829
246700,44.5560597640679
246800,44.6677954073732
246900,44.655653278472
247000,44.6738958443054
247100,44.6054855205422
247200,44.4809414852991
247300,44.3958843950128
247400,44.3130281785211
247500,44.2808219690334
247600,44.3505703009785
247700,44.384146354125
247800,44.280273356614
247900,44.2361919811654
248000,44.130436734854
248100,44.2510192079014
248200,44.2062633792898
248300,44.2127101692955
248400,44.2319024151018
248500,44.2710498829829
248600,44.252363634445
248700,44.16333862261
248800,44.107102719485
248900,44.0672265375786
249000,43.9466024478764
249100,43.8584065940164
249200,43.8818310374767
249300,43.9217582440521
249400,43.9231629301306
249500,43.8757064261432
249600,43.8781132225103
249700,43.8231301854681
249800,43.8215017611719
249900,43.7257614196437
250000,43.6738879031862
250100,43.59515972967
250200,43.5522345571051
250300,43.5602074986368
250400,43.6028663730597
250500,43.572132145675
250600,43.577203387405
250700,43.570811937892
250800,43.5934908076879
250900,43.6064741545346
251000,43.7478013682117
251100,43.8199279688431
251200,43.8646142938253
251300,43.8617193595403
251400,43.8517835960545
251500,43.8261241791597
251600,43.8046027066031
251700,43.7879437029081
251800,43.8540189490055
251900,43.8807338491704
252000,43.9412591333519
252100,43.9599236801798
252200,43.959510440377
252300,43.8839676456155
252400,43.8745381253221
252500,43.9053200119498
252600,43.8958733732894
252700,43.9484509463684
252800,43.9356736396968
252900,43.9261378337698
253000,43.902215068281
253100,43.8979808127688
253200,43.807992818273
253300,43.7389367883364
253400,43.6236154677641
253500,43.70582222484
253600,43.7128857911087
253700,43.6561309980202
253800,43.5841828494501
253900,43.5793493988587
254000,43.5510219291796
254100,43.5864667691035
254200,43.5940108423283
254300,43.6734402256378
254400,43.7028572950782
254500,43.7099349305646
254600,43.6638822511292
254700,43.6084818293341
254800,43.5985920091862
254900,43.6158805762767
255000,43.6385005794126
255100,43.5966376008119
255200,43.5964486088552
255300,43.5980454679242
255400,43.6782256047899
255500,43.6004588124955
255600,43.5302131541056
255700,43.6127873596316
255800,43.6366909191364
255900,43.6903512483359
256000,43.7207681651216
256100,43.6752245627229
256200,43.7209030171142
256300,43.70337635268
256400,43.6397389627084
256500,43.6275719612328
256600,43.6133934098897
256700,43.5739029550038
256800,43.5722799161628
256900,43.5695601184837
257000,43.5479279856516
257100,43.5290809519013
257200,43.5428112789432
257300,43.6470463653813
257400,43.6750066231812
257500,43.6937549817089
257600,43.7055441185777
257700,43.6392361030407
257800,43.6509753283689
257900,43.6656487690837
258000,43.656838511386
258100,43.6805378540953
258200,43.6938042444272
258300,43.6840273541254
258400,43.6977474813032
258500,43.6177974799824
258600,43.6137462344444
258700,43.6262652046968
258800,43.4996243790519
258900,43.4160360470357
259000,43.3650330438969
259100,43.3691600664687
259200,43.4411500108764
259300,43.4149749677053
259400,43.377053654423
259500,43.3531204363589
259600,43.3863447601579
259700,43.3858575527329
259800,43.4394648382492
259900,43.3544023020441
260000,43.340304992257
260100,43.3801854446096
260200,43.3709348889996
260300,43.3746865209397
260400,43.3312352492229
260500,43.4261934431173
260600,43.493198480605
260700,43.5437277798628
260800,43.6955378681964
260900,43.7709406156759
261000,43.7765348266006
261100,43.8615160362275
261200,43.7217713462492
261300,43.7299554760957
261400,43.7363304992276
261500,43.8077037943371
261600,43.852373744182
261700,43.895223894753
261800,43.8995702721447
261900,43.9969119459471
262000,44.044157660926
262100,43.9203648377213
262200,43.9186552896983
262300,43.8413696259876
262400,43.904504901711
262500,43.8884325191537
262600,43.8939566221644
262700,43.836398845832
262800,43.7643941896305
262900,43.7721583762397
263000,43.8387756441368
263100,43.76769276386
263200,43.8791435577501
263300,43.8757694888972
263400,43.8975872774472
263500,43.9056845870406
263600,43.8532596356772
263700,43.8476099256927
263800,43.757157929039
263900,43.7883763921035
264000,43.759265134397
264100,43.8283992779084
264200,43.7933080181365
264300,43.8452134951909
264400,43.9377643851411
264500,43.8918681443452
264600,43.923614784164
264700,44.0136764351087
264800,44.0727610068824
264900,44.1101606767737
265000,44.0312434717432
265100,44.1326957773717
265200,44.0979204350547
265300,44.079776120124
265400,44.0561737786028
265500,44.066487284411
265600,44.1434230049388
265700,44.1668697909767
265800,44.2246236967039
265900,44.1884902983477
266000,44.1709082408556
266100,44.1705180835477
266200,44.1809577934587
266300,44.1110024811372
266400,44.0386672418216
266500,44.0819165156687
266600,44.0582669877057
266700,44.0325117769616
266800,44.0571707648549
266900,43.993480139707
267000,43.9927857967008
267100,43.99116970321
267200,44.0315076215561
267300,44.1027292129104
267400,44.1573032351243
267500,44.109210170212
267600,44.0693223598356
267700,44.026409250463
267800,44.0331015119124
267900,44.0227417830024
268000,44.0639900609701
268100,44.0285256128228
268200,44.0258796802114
268300,44.0244621081163
268400,44.0286989032183
268500,43.8968002643667
268600,43.7674297374983
268700,43.6916849427439
268800,43.6415705827176
268900,43.6455810461034
269000,43.6187241632091
269100,43.5737803367128
269200,43.5280655851149
269300,43.4453061316541
269400,43.3767231184407
269500,43.3349185653136
269600,43.3064471403596
269700,43.3374935427382
269800,43.3158319378055
269900,43.2327174346044
270000,43.224822325128
270100,43.1706018639606
270200,43.082669332934
270300,43.1199239843481
270400,43.0355895205319
270500,43.0721216763039
270600,43.1306080516446
270700,43.2131077241197
270800,43.1979345955785
270900,43.1312159343913
271000,43.1688943915295
271100,43.1676501404452
271200,43.1322958423119
271300,43.1078111745374
271400,43.1362023498689
271500,43.1549990202753
271600,43.1987218081557
271700,43.155585881475
271800,43.1007363347621
271900,43.1820024859499
272000,43.1837472471861
272100,43.2338178564443
272200,43.3722101838455
272300,43.3464432910045
272400,43.3133590854022
272500,43.3198119606231
272600,43.2008427448921
272700,43.2101005386908
272800,43.2019639024822
272900,43.2206789595409
273000,43.2141016719423
273100,43.2045524604662
273200,43.2413558473806
273300,43.2887740589095
273400,43.3028672395657
273500,43.3110932498337
273600,43.2606879907123
273700,43.2936848601381
273800,43.3446879147265
273900,43.3285803941516
274000,43.2798688511114
274100,43.2791985794201
274200,43.2869706526463
274300,43.3339179188006
274400,43.3454923316976
274500,43.3234504720697
274600,43.3633658504033
274700,43.3383017871291
274800,43.399953764827
274900,43.3750407270846
275000,43.4148436292091
275100,43.4016438895355
275200,43.4320219377097
275300,43.4314295761878
275400,43.4626540207119
275500,43.5013296964553
275600,43.5075158152797
275700,43.5056909560157
275800,43.5006929467482
275900,43.5231396056538
276000,43.5643286463376
276100,43.6381693600752
276200,43.5538738449556
276300,43.5191924759736
276400,43.5854318107268
276500,43.6318700689923
276600,43.7648943914436
276700,43.7174133435344
276800,43.5805032105736
276900,43.6514005386167
277000,43.4745567787106
277100,43.5616697049279
277200,43.4754528615375
277300,43.4674221982666
277400,43.4174131483429
277500,43.3349462854598
277600,43.3592928159105
277700,43.3358110330369
277800,43.3691317810906
277900,43.3797735425089
278000,43.3871898956565
278100,43.3718909536024
278200,43.4325164127005
278300,43.4336770641528
278400,43.4529079503476
278500,43.4808294107345
278600,43.4555831989016
278700,43.5449715010856
278800,43.6898892154416
278900,43.6965103739767
279000,43.9141938363596
279100,43.9165662081242
279200,44.0060648416658
279300,44.0352806576786
279400,44.1425978852102
279500,44.2159044464519
279600,44.1939536154913
279700,44.1579140373175
279800,44.132295196904
279900,44.1418770768072
280000,44.0993577732803
280100,44.0211005702422
280200,43.9987690670109
280300,44.0368039501396
280400,43.9364215697917
280500,43.9318213453396
280600,43.9419112510624
280700,43.8962996097172
280800,43.8612166251675
280900,43.9037270609542
281000,43.8326518405487
281100,43.7538129565615
281200,43.7132598785716
281300,43.6606584794019
281400,43.5692249604356
281500,43.5422307853588
281600,43.5188685464041
281700,43.5699712625625
281800,43.5466122192638
281900,43.4956242972733
282000,43.4623108953331
282100,43.4742451301537
282200,43.4248086636338
282300,43.3923217726526
282400,43.4374020281472
282500,43.4053550968803
282600,43.3889105460618
282700,43.435115379833
282800,43.4352266991459
282900,43.4821077996766
283000,43.5882517874503
283100,43.5947711779711
283200,43.6477403861781
283300,43.7207621902536
283400,43.7348452556953
283500,43.7454764086041
283600,43.7557847238644
283700,43.7426386882585
283800,43.7670946087013
283900,43.7689585658372
284000,43.868666494332
284100,43.8181060068788
284200,43.7570138171897
284300,43.7837859146682
284400,43.7979030338446
284500,43.7897956885348
284600,43.7534960031043
284700,43.6347802365921
284800,43.5608717150507
284900,43.4574951570061
285000,43.2874639643032
285100,43.2824275425027
285200,43.2623213047993
285300,43.2346366370014
285400,43.1924328110947
285500,43.0971501965185
285600,42.9971542778228
285700,43.0263738250356
285800,43.0150052905699
285900,43.0535185756703
286000,43.01076943939
286100,43.0752752603072
286200,43.150101492398
286300,43.1604595097328
286400,43.2060591525851
286500,43.2863863541104
286600,43.3163132616504
286700,43.3455300695011
286800,43.4249047081013
286900,43.4809583586483
287000,43.6503729014713
287100,43.6718387235936
287200,43.6524817766388
287300,43.729656780661
287400,43.8065020477555
287500,43.8605445787831
287600,44.0068054353396
287700,43.9521780513449
287800,43.9977923526901
287900,43.9823300553035
288000,44.0024223881342
288100,43.9874352319798
288200,43.9535265586537
288300,44.0253246194143
288400,44.0156781281071
288500,43.9312923665809
288600,43.9517475798221
288700,43.9934855140259
288800,43.9561808784269
288900,43.9060644216922
289000,43.7497302312554
289100,43.725720744648
289200,43.7109633652563
289300,43.5996882068193
289400,43.5395758217391
289500,43.5724624274635
289600,43.5645550881188
289700,43.5441505286282
289800,43.49328331386
289900,43.4548219458414
290000,43.4882143220368
290100,43.4895895981475
290200,43.503493174157
290300,43.4686109008724
290400,43.4209745142688
290500,43.4812089366559
290600,43.4506204953371
290700,43.4637503803911
290800,43.4413223473109
290900,43.4771315947138
291000,43.559754338569
291100,43.6030312258983
291200,43.6088351477152
291300,43.6479688184314
291400,43.6350106504119
291500,43.6500569560939
291600,43.6416132407891
291700,43.7132687417285
291800,43.7170054187415
291900,43.6777745817518
292000,43.6340480447898
292100,43.5467806611965
292200,43.5218945416372
292300,43.5117891347338
292400,43.4991105420585
292500,43.4223258880952
292600,43.4650570546582
292700,43.4802409437407
292800,43.5540437459387
292900,43.5286908873287
293000,43.5103877290803
293100,43.3992155848886
293200,43.354860908332
293300,43.3223987005561
293400,43.344402716244
293500,43.3329676247476
293600,43.3815343871582
293700,43.3597572346999
293800,43.3267149800489
293900,43.3861066145023
294000,43.419298448207
294100,43.5476406039826
294200,43.6301861899731
294300,43.5161731265711
294400,43.5775722628832
294500,43.5755533777747
294600,43.5629257361076
294700,43.4869008332933
294800,43.489422835162
294900,43.4347373468895
295000,43.4442974508772
295100,43.5816828415683
295200,43.712819269766
295300,43.745467142936
295400,43.82269985736
295500,43.8907648678194
295600,43.8254681334984
295700,43.7282019966736
295800,43.7063992263397
295900,43.6398086890952
296000,43.6213997205767
296100,43.5128750636951
296200,43.3563817941366
296300,43.3806099515919
296400,43.3370844251492
296500,43.3876930344415
296600,43.3561360770826
296700,43.2326271976366
296800,43.120574925819
296900,43.1281951022721
297000,43.1411027849481
297100,43.0684538800505
297200,42.9560612957861
297300,42.8744039999999
297400,42.8650374820647
297500,42.7976541178676
297600,42.8356307929813
297700,42.9229669737478
297800,42.9338271879255
297900,42.9777597374979
298000,42.9538787148859
298100,42.9859988327647
298200,43.1477448987619
298300,43.1901807346482
298400,43.2304443321495
298500,43.2100064328846
298600,43.2767630524961
298700,43.3738042339586
298800,43.4804577011409
298900,43.5574215710695
299000,43.5887026750628
299100,43.669791138304
299200,43.8080485828458
299300,43.9158644689457
299400,43.9066223070853
299500,44.0261684315402
299600,44.0924991675747
299700,44.0026930804301
299800,44.0218684371736
299900,44.1030490284555
300000,44.1234498003857
300100,44.1075203931005
300200,44.0590840251289
300300,44.0912064249497
300400,44.0940624903209
300500,44.0230752285855
300600,44.0227304005235
300700,44.1479635947016
300800,44.1796618720115
300900,44.1891696661248
301000,44.1769951478003
301100,44.1664080413479
301200,44.0118879535068
301300,43.9946743700639
301400,43.9678244315757
301500,43.9095684288366
301600,43.8625824676323
301700,43.7564082395497
301800,43.7801709832112
301900,43.6884974965004
302000,43.5192590327096
302100,43.5499746751418
302200,43.4056438310123
302300,43.2492459800168
302400,43.295546234196
302500,43.2168192418413
302600,43.1355912324851
302700,43.0444874607041
302800,43.028362015729
302900,43.0225834987452
303000,43.008628822224
303100,43.003761914783
303200,43.0397841582141
303300,43.0650182501054
303400,43.0321107727478
303500,42.9727112889307
303600,42.8909051745258
303700,43.0012681800579
303800,43.0071098759344
303900,43.0160070466287
304000,43.1594300376897
304100,43.0851201936844
304200,43.1378052500507
304300,43.2999940360771
304400,43.152798782646
304500,43.2056726492074
304600,43.1983116936536
304700,43.2261506137469
304800,43.1948670203406
304900,43.0998237532964
305000,43.0647616749055
305100,43.0121739242964
305200,43.1069927412349
305300,43.0616125679489
305400,43.1164547787949
305500,43.1929674297167
305600,43.2983472536974
305700,43.3403028563008
305800,43.4127678399501
305900,43.4617632963367
306000,43.463523540208
306100,43.531013132936
306200,43.5787253192666
306300,43.5371575052266
306400,43.6784895410875
306500,43.7184992877702
306600,43.7863569416244
306700,43.8444960081415
306800,43.9105006823837
306900,43.9912757114613
307000,43.9890082826977
307100,44.0267999309893
307200,43.9366430272875
307300,43.9459186984454
307400,43.954147527062
307500,43.9403034866074
307600,43.8561948235563
307700,43.8309596811358
307800,43.7591474604105
307900,43.748686812254
308000,43.7289119411344
308100,43.7056346332185
308200,43.7273058716671
308300,43.7159891305692
308400,43.7082060689843
308500,43.7223405638965
308600,43.7613392456101
308700,43.7111541888067
308800,43.7253260402112
308900,43.6942261184526
309000,43.6537447880989
309100,43.6729305051223
309200,43.7372750447142
309300,43.7777767682018
309400,43.8086631173074
309500,43.8054658604867
309600,43.8521601997656
309700,43.8117372242025
309800,43.7009663638102
309900,43.6702867119801
310000,43.6425265562459
310100,43.6265383259888
310200,43.5804944834889
310300,43.6270369400808
310400,43.6517054393196
310500,43.6485578586239
310600,43.653827518812
310700,43.6577493997933
310800,43.641084585408
310900,43.7501226838543
311000,43.8552269574856
311100,43.8693331056003
311200,43.8607293127207
311300,43.9054310006996
311400,43.8770630299612
311500,43.8832203988694
311600,43.8450372635156
311700,43.9413422957618
311800,44.0481487026167
311900,44.0617382244909
312000,44.093402601674
312100,44.1431925114
312200,44.3208846328404
312300,44.3586006190773
312400,44.2937407930864
312500,44.3207113451107
312600,44.3326007699098
312700,44.3913365309804
312800,44.3934364969636
312900,44.402748670826
313000,44.3135920503219
313100,44.3176539005887
313200,44.2470568588764
313300,44.2106483988456
313400,44.1408192817512
313500,44.1950493689088
313600,44.2491085892961
313700,44.1238121909155
313800,44.1075201623607
313900,44.1865910233753
314000,44.1508607171743
314100,44.1158882975057
314200,43.982677262193
314300,43.8839363872213
314400,43.8468815721578
314500,43.751450557082
314600,43.7010582775326
314700,43.6257147413005
314800,43.5267677353365
314900,43.550928890852
315000,43.5751826022025
315100,43.5095952568888
315200,43.5098393020989
315300,43.4664277522868
315400,43.4774020628376
315500,43.3621455300886
315600,43.2885206349452
315700,43.3321615713619
315800,43.2575143332179
315900,43.2099067770021
316000,43.3005413909339
316100,43.2653299082719
316200,43.2622507596659
316300,43.2856590870126
316400,43.2847971685036
316500,43.3607922730081
316600,43.3485462722549
316700,43.3977654917237
316800,43.4418833980914
316900,43.3007229454349
317000,43.3311362425721
317100,43.3832114425461
317200,43.4114448591792
317300,43.4418296808014
317400,43.4290433453275
317500,43.5690921136769
317600,43.623709287751
317700,43.6203995751053
317800,43.7068048722612
317900,43.7121991578819
318000,43.6642925049861
318100,43.7653443574074
318200,43.8041650041379
318300,43.7985128539706
318400,43.8218906815952
318500,43.7540448686154
318600,43.7729038103131
318700,43.7689578337567
318800,43.7955837550576
318900,43.8901082601725
319000,43.8321989746079
319100,43.7739135748514
319200,43.7693246935923
319300,43.780932722677
319400,43.759445856812
319500,43.6574599186069
319600,43.6606337445224
319700,43.6919162640126
319800,43.7236780997044
319900,43.7731196758255
320000,43.7840257931042
320100,43.7977113535507
320200,43.8611648076107
320300,43.864481120983
320400,43.9373191042107
320500,43.9184542924348
320600,43.7779993174406
320700,43.7133911177069
320800,43.6737592530094
320900,43.626516054369
321000,43.5440892090821
321100,43.5500761104302
321200,43.4857999973229
321300,43.4272766867442
321400,43.4707699653946
321500,43.4401283475718
321600,43.3685003211767
321700,43.2687147363922
321800,43.2588771743633
321900,43.1766249019481
322000,43.1233207771808
322100,43.1013797965142
322200,43.0416910371748
322300,43.0092385676269
322400,42.9941058124262
322500,43.0231449598766
322600,43.0226577169959
322700,42.9491893674329
322800,42.9285474413535
322900,42.8861701919274
323000,42.9773892842694
323100,42.9109080750207
323200,42.8832373906248
323300,42.9179640842806
323400,42.8428669992008
323500,42.8486590616753
323600,42.8711245787404
323700,42.8867002271515
323800,42.7960671697225
323900,42.777238248211
324000,42.8514487974068
324100,42.824751736993
324200,42.7947373976073
324300,42.7721397752907
324400,42.6271001142999
324500,42.6547206119961
324600,42.7469643320026
324700,42.8581072935565
324800,42.8204363148952
324900,42.8814766176611
325000,42.8281223502872
325100,42.8115002158694
325200,42.8315849711291
325300,42.8045265455186
325400,42.8722627208799
325500,42.8835861425062
325600,42.8352500574642
325700,42.8372149816358
325800,42.9582390672019
325900,43.0103042419264
326000,43.0145029356498
326100,42.9899829744468
326200,42.9683198478411
326300,43.0066633889656
326400,43.0079682391983
326500,43.0319527551328
326600,43.0622042631489
326700,43.063834455595
326800,43.0753154642291
326900,43.068359136003
327000,43.1434742874455
327100,43.2154652136715
327200,43.254172407139
327300,43.1921104482669
327400,43.2146441167916
327500,43.2207814980056
327600,43.2641763435987
327700,43.3470933271409
327800,43.2455478005449
327900,43.2398044141485
328000,43.1181431673148
328100,43.0872750895167
328200,43.0603441843964
328300,43.0872695816414
328400,43.1867799694168
328500,43.1571321294545
328600,43.1012481602936
328700,43.0318678160315
328800,43.0381917388673
328900,43.0063226850087
329000,42.969491127823
329100,42.9390581890652
329200,42.9516408545394
329300,42.992216500366
329400,42.9776269844403
329500,43.0031655404336
329600,43.04776355319
329700,43.010938330469
329800,43.073952203373
329900,43.0247957216188
330000,43.1330823406551
330100,43.1729127573824
330200,43.2652278179263
330300,43.292711105565
330400,43.3002859710741
330500,43.3562048614958
330600,43.3514325542129
330700,43.4798444361923
330800,43.5420419563039
330900,43.5677997982635
331000,43.6480778265456
331100,43.600705259278
331200,43.58101362416
331300,43.5705710107642
331400,43.6128220280035
331500,43.6159350284143
331600,43.6119293163756
331700,43.5638134703496
331800,43.5697584488255
331900,43.6419119180135
332000,43.5747346598263
332100,43.6801783434309
332200,43.6725465182604
332300,43.6501327610815
332400,43.7124582498385
332500,43.7529295353581
332600,43.7916694496769
332700,43.7584987293627
332800,43.7032696057707
332900,43.7103149075665
333000,43.7081709288012
333100,43.8412767813006
333200,43.8197452212951
333300,43.8580013218277
333400,43.8664699709781
333500,43.7972848997905
333600,43.7617067401811
333700,43.7501977933379
333800,43.6651435128387
333900,43.601416062086
334000,43.6786149545928
334100,43.5847653865755
334200,43.6294565161364
334300,43.6647278472365
334400,43.5825712959429
334500,43.577796858316
334600,43.5637026794447
334700,43.4680440491148
334800,43.5025919714542
334900,43.5270137039347
335000,43.4729616909982
335100,43.4027128853303
335200,43.4368777144024
335300,43.3802590149579
335400,43.3697779045526
335500,43.4014684327056
335600,43.334466311814
335700,43.2092876275934
335800,43.288030124279
335900,43.3538444536256
336000,43.2934367195918
336100,43.3350072319643
336200,43.1701295060711
336300,43.1371510835323
336400,43.1455892065286
336500,43.1261872749725
336600,43.0960608748523
336700,43.1443823269429
336800,43.1382386489404
336900,43.1485669134859
337000,43.2126047848466
337100,43.2314916920029
337200,43.1596613992075
337300,43.2026160166065
337400,43.1657949483599
337500,43.187732384051
337600,43.3196503269857
337700,43.5423616575427
337800,43.5802115457293
337900,43.495038504206
338000,43.4855355812823
338100,43.5172638535878
338200,43.705576788484
338300,43.6894428084785
338400,43.7386946427339
338500,43.7423932501256
338600,43.7584440716585
338700,43.8462431652504
338800,43.8742831489197
338900,43.8232889416343
339000,43.7326918486415
339100,43.7069862780583
339200,43.7726585620953
339300,43.7110407775248
339400,43.5780081801398
339500,43.5553080016766
339600,43.4748199724574
339700,43.4947076428768
339800,43.474633406397
339900,43.6158558790548
340000,43.6092653463632
340100,43.4915787079477
340200,43.4505525884671
340300,43.4166627208658
340400,43.3492434679784
340500,43.3099560911439
340600,43.2712190189427
340700,43.1744894631403
340800,43.1637412406404
340900,43.1550635903785
341000,43.1667911465331
341100,43.1747111299844
341200,43.1592897574215
341300,43.161876410995
341400,43.2838844190362
341500,43.3317443485616
341600,43.3786541104249
341700,43.3630629961654
341800,43.3156869749277
341900,43.1492954123344
342000,43.1026799037646
342100,43.131141923359
342200,43.0740609398688
342300,43.039591787192
342400,43.075544234092
342500,43.0642454291476
342600,43.0653753693421
342700,43.110678532105
342800,43.0041074152479
342900,43.0323880535484
343000,43.0659735497111
343100,43.1119562326976
343200,43.1672382896841
343300,43.2226916749301
343400,43.1642719095868
343500,43.0700162692185
343600,43.0566571073462
343700,43.0340115986518
343800,43.0568401616416
343900,43.0891552955231
344000,43.099750974237
344100,43.0493260702531
344200,43.1010474593948
344300,43.0931501250101
344400,43.0897025263864
344500,43.1321754933057
344600,43.2267155014281
344700,43.2374613408943
344800,43.349516284629
344900,43.3694579774786
345000,43.4091781253261
345100,43.3898416897595
345200,43.4544020693325
345300,43.4601866105508
345400,43.5174292131306
345500,43.5602936810734
345600,43.6090707125497
345700,43.5274851140857
345800,43.5497359921747
345900,43.6430709654981
346000,43.739617492476
346100,43.8515760518536
346200,43.8980568074259
346300,44.0174547625818
346400,44.040215137815
346500,44.051437396223
346600,44.0163792976549
346700,44.0051391603786
346800,44.0367385433512
346900,44.0675328459186
347000,44.0712171775311
347100,44.077742644964
347200,43.9989419626148
347300,44.0106537224
347400,43.9746361629479
347500,43.973925616394
347600,43.8280045811783
347700,43.8419511787945
347800,43.8482772298218
347900,43.8408685561242
348000,43.7539637373412
348100,43.7271882492895
348200,43.7173016479692
348300,43.7022607586058
348400,43.7073526284376
348500,43.676634350624
348600,43.680216816126
348700,43.7126726602419
348800,43.7339796791279
348900,43.7361057559477
349000,43.7628250562135
349100,43.7960431084578
349200,43.8774793201549
349300,43.8894133667059
349400,44.0287920745412
349500,44.0969562700867
349600,44.2781937274623
349700,44.3825722883974
349800,44.294087807579
349900,44.2981466807412
350000,44.3614933629877
350100,44.3728046986533
350200,44.4422858683829
350300,44.5015821156129
350400,44.5493228670425
350500,44.607797936183
350600,44.6630970124535
350700,44.6123252434987
350800,44.5468457688345
350900,44.5109843875046
351000,44.4469760980902
351100,44.4712868220095
351200,44.404278011252
351300,44.3709941139471
351400,44.3089332955328
351500,44.2131786530563
351600,44.0778594902319
351700,44.0599398059005
351800,44.1519149616622
351900,44.1893587062245
352000,44.0946795595038
352100,44.0098490710152
352200,43.897987623122
352300,43.8296712082731
352400,43.7055574030246
352500,43.6445398548238
352600,43.5941464553073
352700,43.5878134792875
352800,43.5258128357168
352900,43.4162206333131
353000,43.3560703933766
353100,43.1554089169286
353200,43.0864767362091
353300,43.0850791016048
353400,43.1463572704862
353500,43.1848649320279
353600,43.1561542629812
353700,43.146092868459
353800,43.0710393322497
353900,43.0821437142887
354000,43.1722569509203
354100,43.2346482759158
354200,43.2736281074906
354300,43.3203462870364
354400,43.3768743071326
354500,43.3772337203579
354600,43.3685841622211
354700,43.4089761159792
354800,43.4472830126598
354900,43.5267441555688
355000,43.5546512048934
355100,43.6692196321167
355200,43.6865533196522
355300,43.7093261705747
355400,43.6058590365992
355500,43.6383086634643
355600,43.7499048532115
355700,43.7665448601826
355800,43.7110662719648
355900,43.6476237497722
356000,43.6410258568305
356100,43.6432955180135
356200,43.6420125966029
356300,43.6458657465142
356400,43.5813110084344
356500,43.6226586299275
356600,43.6212089407523
356700,43.5728867852088
356800,43.6830689221162
356900,43.6753174611051
357000,43.781769556797
357100,43.9142385494375
357200,44.0369905111673
357300,44.0152494919403
357400,44.1329601664623
357500,44.0847828118373
357600,44.0538199924261
357700,44.1082631097134
357800,44.3153712467152
357900,44.340965896226
358000,44.3523131910406
358100,44.4065392008957
358200,44.4114136012122
358300,44.4249397728277
358400,44.5264949606588
358500,44.6128298214937
358600,44.6308004837832
358700,44.7117112950083
358800,44.5967514602686
358900,44.6570517678306
359000,44.6063972739191
359100,44.5295995037041
359200,44.5413897596227
359300,44.5969086129057
359400,44.5779840901329
359500,44.5883441788492
359600,44.6015607117572
359700,44.4398532436928
359800,44.2689758521653
359900,44.2461537179209
360000,44.2377575351037
360100,44.2284433630804
360200,44.225308202555
360300,44.2191319086926
360400,44.2158995008569
360500,44.1085683445165
360600,44.1358165373042
360700,44.1069493099537
360800,44.1736707135445
360900,44.1544105860704
361000,44.2103402257701
361100,44.1827152294518
361200,44.1357539299699
361300,44.1615486977798
361400,44.1440093595404
361500,44.1611126301916
361600,44.1818282337711
361700,44.3207548415659
361800,44.419149633078
361900,44.4690638335968
362000,44.5088964456431
362100,44.4600039484275
362200,44.4285618085813
362300,44.390212094963
362400,44.337581095538
362500,44.3945743667931
362600,44.2943190443303
362700,44.3285190807664
362800,44.2535217274256
362900,44.2184566648509
363000,44.107231082574
363100,44.0847473615341
363200,44.0769008213013
363300,44.0219967336722
363400,44.046349304639
363500,44.0793470478705
363600,44.0818245306268
363700,44.0823101403612
363800,44.0113569115357
363900,43.9782781096245
364000,43.9258411250419
364100,43.894101455322
364200,43.9332290947093
364300,43.8467309671846
364400,43.8727114607192
364500,43.8817195802989
364600,43.9727230334359
364700,43.9114591867581
364800,43.9080819462859
364900,43.9130120169172
365000,43.938245792917
365100,44.0103435825158
365200,44.0262173189393
365300,44.0375330305693
365400,43.9014791059967
365500,43.8673301833378
365600,43.8843192586948
365700,43.8432526481697
365800,43.9289538376877
365900,43.9815722929144
366000,44.0259081475395
366100,43.9421372902621
366200,43.9074716721316
366300,43.9507014279314
366400,43.909816921871
366500,43.8423573041657
366600,43.7851653470553
366700,43.7983071333159
366800,43.7631147836533
366900,43.8105072621517
367000,43.7922688186888
367100,43.7822421308906
367200,43.7324369751451
367300,43.7058169910142
367400,43.7989328177339
367500,43.7332940200412
367600,43.6591349585331
367700,43.6244514251959
367800,43.5171010277797
367900,43.4601281768417
368000,43.3881466119048
368100,43.4976703186732
368200,43.3974500108796
368300,43.4373000380072
368400,43.4675288400344
368500,43.4462025286503
368600,43.3750184700162
368700,43.3368380168469
368800,43.3565421455077
368900,43.3751000681529
369000,43.3824358220359
369100,43.4046718522088
369200,43.3878321391829
369300,43.4043779141584
369400,43.3898624096962
369500,43.4745146141022
369600,43.4522170666805
369700,43.4491719737521
369800,43.4794586072445
369900,43.4976855764415
370000,43.4028816118812
370100,43.3699002566978
370200,43.4077366098088
370300,43.408222529784
370400,43.3542385740357
370500,43.3663689307414
370600,43.4179741298644
370700,43.4126955146597
370800,43.4228238347562
370900,43.3930080557343
371000,43.303884795297
371100,43.2227778379284
371200,43.165631991203
371300,43.1696856614871
371400,43.0720526632739
371500,43.0749282525828
371600,43.0902694122783
371700,43.1743437882956
371800,43.2526857330672
371900,43.2072606279605
372000,43.3134556939778
372100,43.3780626458335
372200,43.4455960202102
372300,43.4021210940535
372400,43.4382588381547
372500,43.5213627458971
372600,43.6005526466706
372700,43.6542783640247
372800,43.6803183613829
372900,43.6514143148537
373000,43.7816623504617
373100,43.8296083366018
373200,43.9363704683219
373300,43.9760958703461
373400,44.0258178792689
373500,44.0401192102709
373600,44.0894524733318
373700,43.9998960417016
373800,43.956801203152
373900,44.002920263852
374000,43.995014145961
374100,44.0141517749361
374200,44.0348709105408
374300,44.0823626630609
374400,44.1416178961307
374500,44.0933405938943
374600,44.0578478938942
374700,44.0606931638645
374800,44.0443805282274
374900,44.1230697226575
375000,44.1381726341529
375100,44.1184799102851
375200,44.1234576509954
375300,44.1479552046627
375400,44.3127492828112
375500,44.292848671783
375600,44.2463592563323
375700,44.2368871750993
375800,44.315483070224
375900,44.3327624346642
376000,44.475997727958
376100,44.4200172230713
376200,44.4146377571505
376300,44.3989192811602
376400,44.3961836098632
376500,44.4639210693159
376600,44.4372118227779
376700,44.367328682025
376800,44.4686923571418
376900,44.3278820044883
377000,44.2736158604625
377100,44.2716057812942
377200,44.1729272577236
377300,44.032729628465
377400,43.9196376512981
377500,43.8825413047754
377600,43.8262416033387
377700,43.7940414878834
377800,43.6687127196902
377900,43.7126738447298
378000,43.5266677167736
378100,43.4551637613583
378200,43.442131434532
378300,43.3341062842433
378400,43.2753691959365
378500,43.2417391539003
378600,43.2614207036454
378700,43.2638298331652
378800,43.1771077540273
378900,43.1573287939534
379000,43.1406668472064
379100,43.1818200186717
379200,43.2500450610011
379300,43.320450604005
379400,43.3158856611796
379500,43.3857450387976
379600,43.4555827393869
379700,43.5195631166158
379800,43.6194129834937
379900,43.6206102041499
380000,43.6616102530628
380100,43.7404860515358
380200,43.7368528383277
380300,43.8774562621381
380400,43.9285103145723
380500,43.871822928537
380600,43.8789237956854
380700,43.9499597004141
380800,43.974475064974
380900,44.0861654201019
381000,44.2018909006364
381100,44.2028827354135
381200,44.2264116216566
381300,44.2688634131937
381400,44.2943659593097
381500,44.290983510559
381600,44.2746623589728
381700,44.333652427449
381800,44.2340821652466
381900,44.2367508283014
382000,44.320779974093
382100,44.3191840715525
382200,44.4063013697401
382300,44.4286166300634
382400,44.4244373529758
382500,44.401007059277
382600,44.4249511122781
382700,44.4395449911024
382800,44.4497816868196
382900,44.4309888757213
383000,44.3492663526575
383100,44.3448248443988
383200,44.3179200240992
383300,44.2992531878569
383400,44.2775460228562
383500,44.2052806712549
383600,44.1644869991448
383700,44.093837810831
383800,44.1642419629158
383900,44.0823871015531
384000,44.0588055549513
384100,44.0233497452269
384200,43.9857884361054
384300,44.0233300471455
384400,44.0742836722339
384500,44.1265053308917
384600,44.1270508383501
384700,44.0555697714931
384800,44.0796887480511
384900,44.0638869570541
385000,43.9955182614757
385100,43.9310526608968
385200,43.9527089592469
385300,43.9300593219041
385400,43.9358997461022
385500,43.9348111320099
385600,43.8971322790629
385700,43.9244827771787
385800,43.8385724819912
385900,43.8987373807301
386000,43.9436635924027
386100,43.9441052726987
386200,44.0076671483182
386300,43.9484705696252
386400,43.8847686778282
386500,43.8874268037103
386600,43.823151956746
386700,43.7435284904966
386800,43.6224561258529
386900,43.5013354188239
387000,43.5756234576797
387100,43.5665498053376
387200,43.5369044182147
387300,43.5052209361129
387400,43.4836662351874
387500,43.4913253680295
387600,43.5752204864057
387700,43.5916528417478
387800,43.6453260897366
387900,43.6082092996194
388000,43.6044298844449
388100,43.6340027548179
388200,43.5679604558416
388300,43.48986398612
388400,43.4842752080935
388500,43.431712225541
388600,43.3554311042217
388700,43.411967997369
388800,43.4944536352827
388900,43.5466971166804
389000,43.4938994133727
389100,43.5362731787394
389200,43.53223410532
389300,43.5225992390038
389400,43.4868506906695
389500,43.3936219605106
389600,43.3538791816575
389700,43.3437050575151
389800,43.3332886533498
389900,43.3416201012935
390000,43.2853247053007
390100,43.2578006682438
390200,43.2495858458249
390300,43.3202970369812
390400,43.3211971189493
390500,43.3849587015983
390600,43.5666006452721
390700,43.581478726695
390800,43.5946376746662
390900,43.6661820524751
391000,43.655613718874
391100,43.666362800377
391200,43.6224425798049
391300,43.6992498820722
391400,43.7198004091869
391500,43.8572937588982
391600,43.8661077402719
391700,43.9258436856855
391800,43.9550564830171
391900,43.969818692318
392000,44.058719563341
392100,44.0762544706018
392200,44.0118441675703
392300,44.0345687470766
392400,44.0829804036456
392500,44.0329402615181
392600,43.867095113914
392700,43.8707788620889
392800,43.8345446247143
392900,43.8663348845961
393000,43.9249690253011
393100,43.9288414354857
393200,43.9831818455646
393300,43.9567908248991
393400,43.9854952731796
393500,43.9634562296212
393600,43.99872724402
393700,43.8885438100841
393800,43.8793076163699
393900,43.8655086577297
394000,43.8026339186005
394100,43.7663263771921
394200,43.7773900316996
394300,43.6723392779007
394400,43.5453307614904
394500,43.556961015582
394600,43.565062637857
394700,43.5878579252228
394800,43.5393895326856
394900,43.4331201025247
395000,43.3144282195057
395100,43.247070817659
395200,43.2529078653805
395300,43.2158028299332
395400,43.192788828712
395500,43.2048741231617
395600,43.2342631952462
395700,43.2823639256621
395800,43.3144976935225
395900,43.3437661445973
396000,43.3512663898376
396100,43.4085411502168
396200,43.4866511184359
396300,43.5495469570427
396400,43.6672955808745
396500,43.691822444791
396600,43.8032419698877
396700,43.7936187923821
396800,43.877688300659
396900,43.9794781561043
397000,44.1190693859652
397100,44.127587442002
397200,44.1207130213789
397300,44.1434918936214
397400,44.1144155744029
397500,44.0639169539636
397600,43.9673110872259
397700,43.9517002490876
397800,43.9211347026018
397900,43.9021698183153
398000,43.9390547002515
398100,43.9886651061583
398200,43.9837571693681
398300,43.9886255202499
398400,43.9967649146652
398500,43.9862755498914
398600,44.0238430840888
398700,43.9970257065531
398800,43.874795951574
398900,43.8881801805662
399000,43.885613598355
399100,43.998630771691
399200,43.995947464833
399300,44.0357562650427
399400,44.1373256689956
399500,44.1953024143736
399600,44.1810390954626
399700,44.1733072120619
399800,44.1147956061636
399900,44.0808112208212
400000,44.046222357394
400100,43.9585036873449
400200,43.7899865071302
400300,43.8005496711855
400400,43.7306223914257
400500,43.7553870433056
400600,43.6948318085284
400700,43.6820107252829
400800,43.7338079326702
400900,43.6616070449593
401000,43.6557199638012
401100,43.6399055120713
401200,43.6370770381645
401300,43.6890682828286
401400,43.6225893552482
401500,43.6280519967855
401600,43.6928902941376
401700,43.6923620474626
401800,43.7303362990508
401900,43.5869285817592
402000,43.5985142282134
402100,43.6429839014844
402200,43.8017792719502
402300,43.8346502391296
402400,43.8919840577574
402500,43.8478609228757
402600,43.8505737017957
402700,43.7957252304057
402800,43.845790690999
402900,43.9122730329243
403000,43.8946382482615
403100,43.8877823292609
403200,43.8680982870546
403300,43.6921965444787
403400,43.5741970912229
403500,43.4507020486673
403600,43.4469665771809
403700,43.4022330152195
403800,43.4008662610247
403900,43.5642268109115
404000,43.4993738995095
404100,43.3938614925085
404200,43.3506305882133
404300,43.3051088470655
404400,43.2753473848789
404500,43.3372694387896
404600,43.3987858651914
404700,43.4900476386183
404800,43.4552141602657
404900,43.4194498194159
405000,43.377339765532
405100,43.3007415699367
405200,43.2829960188505
405300,43.3189059535457
405400,43.4554745344098
405500,43.5859457949057
405600,43.5680739492621
405700,43.5526791867862
405800,43.5667083850146
405900,43.5805579585726
406000,43.6510761674553
406100,43.7444970686678
406200,43.7673688777725
406300,43.8058571982163
406400,43.7651677743868
406500,43.7010960280835
406600,43.5214296454512
406700,43.5261071749664
406800,43.5443472155954
406900,43.4931463469884
407000,43.3996992294156
407100,43.4386788816864
407200,43.4749168092681
407300,43.4316472324435
407400,43.4476684597727
407500,43.3475549663125
407600,43.3089709874557
407700,43.3528034298549
407800,43.3546346184346
407900,43.2907856608836
408000,43.2592052861995
408100,43.2785447635111
408200,43.2684608926727
408300,43.1977483642222
408400,43.2378280411709
408500,43.163028791965
408600,43.3373167086314
408700,43.2836650838129
408800,43.2587077825902
408900,43.2865411662858
409000,43.4039273262399
409100,43.29570842792
409200,43.3125685568297
409300,43.361077939134
409400,43.3506325355053
409500,43.4744216419239
409600,43.4348000089238
409700,43.4590024037069
409800,43.4447028298486
409900,43.5501384931766
410000,43.5857876547984
410100,43.4680566575966
410200,43.4146315003234
410300,43.3951745429624
410400,43.4011772532889
410500,43.4833921396574
410600,43.3544713427269
410700,43.3820223001078
410800,43.3320224768879
410900,43.3603513718916
411000,43.374876426574
411100,43.4967834481431
411200,43.3912490459543
411300,43.4345717999771
411400,43.4675542469395
411500,43.4223238352439
411600,43.4371837963706
411700,43.4007164712287
411800,43.4028146651814
411900,43.3134293209885
412000,43.2684794624651
412100,43.3016609761791
412200,43.3465377998406
412300,43.3258961136587
412400,43.3338101726196
412500,43.303539802044
412600,43.3133350843546
412700,43.3264097030781
412800,43.3963916357786
412900,43.3838453191212
413000,43.3798663466848
413100,43.3689260035773
413200,43.5199846000804
413300,43.5286627133459
413400,43.4490899540563
413500,43.429219505077
413600,43.4481002904909
413700,43.3584255515915
413800,43.3558684421532
413900,43.3796089502862
414000,43.4359849718748
414100,43.4929796423017
414200,43.4361612630449
414300,43.5230117188117
414400,43.5200714606044
414500,43.478009215528
414600,43.5048531004053
414700,43.447610395987
414800,43.3374743665225
414900,43.3133748536202
415000,43.3049590748233
415100,43.2661324576532
415200,43.2132183461562
415300,43.2233170178272
415400,43.1963408890413
415500,43.1650308643626
415600,43.179530270651
415700,43.1481497099518
415800,43.106410273278
415900,43.0890189223635
416000,43.0501732711177
416100,43.0609175383365
416200,43.156833012757
416300,43.2182562232857
416400,43.2295951346497
416500,43.3201301672687
416600,43.3252021343681
416700,43.3139029256977
416800,43.4105588891056
416900,43.3803116413214
417000,43.3957064078885
417100,43.4245172742712
417200,43.3694569184317
417300,43.3595876146629
417400,43.3650148497697
417500,43.3889774869858
417600,43.4465182162908
417700,43.5155069862614
417800,43.5718081443671
417900,43.6142119835983
418000,43.5690391822838
418100,43.4925082327757
418200,43.3985510525588
418300,43.2811015186759
418400,43.2816571206313
418500,43.2669323828404
418600,43.1988883509727
418700,43.2012239193918
418800,43.154566902424
418900,43.1722442914516
419000,43.1622897065225
419100,43.1820004298231
419200,43.1600525136059
419300,43.1476396727265
419400,43.1737524797143
419500,43.1571517509477
419600,43.0983082517188
419700,43.1097048750018
419800,43.0883553332633
419900,43.0234239446405
420000,43.0741354799192
