ms,CN0_dBHz
100,35.2875722747229
200,37.7845475050421
300,38.7730227466718
400,39.0480825314016
500,39.4235139681221
600,39.7522694284878
700,39.9039450206502
800,40.1628953475619
900,40.3363485990172
1000,40.3996542904199
1100,40.5729228871628
1200,40.6491224384497
1300,40.7127104699809
1400,40.8207411742248
1500,40.9486097455024
1600,41.0622336580475
1700,41.1593929456256
1800,41.3002186394943
1900,41.3293759870022
2000,41.3440668665671
2100,42.045662590194
2200,42.0602718379048
2300,42.0704634784353
2400,42.1130074393413
2500,42.1659856182004
2600,42.1746334301013
2700,42.185636298692
2800,42.1604644742889
2900,42.1377510472301
3000,42.163057976793
3100,42.1904204252695
3200,42.2744007753994
3300,42.3307747775048
3400,42.3199125627723
3500,42.255914540587
3600,42.1637839345418
3700,42.1161280450515
3800,42.0527597111607
3900,42.0214498405336
4000,41.9972092776071
4100,41.9429300616642
4200,41.9716639007412
4300,41.9809538129129
4400,42.0150086497912
4500,42.0365242978432
4600,42.0081443662832
4700,41.9601372655667
4800,41.9552000294331
4900,41.9855047159902
5000,42.0587044703868
5100,41.9665009385332
5200,41.8791369252808
5300,41.8281678140232
5400,41.8566082196832
5500,41.8587282698476
5600,41.9128347427763
5700,41.961597274541
5800,41.9325004436432
5900,41.9836600218538
6000,42.0064500251604
6100,41.9643884187134
6200,41.9311273422289
6300,41.9438465149523
6400,41.964814106486
6500,41.8349606524097
6600,41.8904386701603
6700,41.9831616234829
6800,42.0255943761677
6900,42.025261722514
7000,42.0432742879667
7100,42.2232017525087
7200,42.2968783722545
7300,42.4223236667414
7400,42.473177503407
7500,42.4136571042251
7600,42.4079351294866
7700,42.3961534644821
7800,42.3349742227218
7900,42.3138170786069
8000,42.2766628115473
8100,42.2708634401022
8200,42.2737701320441
8300,42.3323449887853
8400,42.3360479345099
8500,42.4286211823501
8600,42.4496978980985
8700,42.5016643411632
8800,42.4525196581972
8900,42.5279792332925
9000,42.4461818530001
9100,42.3710364843018
9200,42.4413522768066
9300,42.4020515199801
9400,42.3217948428547
9500,42.3899201699321
9600,42.3472156718324
9700,42.3485925718181
9800,42.3881368054255
9900,42.4037433567173
10000,42.3749398876573
10100,42.3569217328706
10200,42.3653220039294
10300,42.305968579202
10400,42.2398145870726
10500,42.2414578242377
10600,42.278807737179
10700,42.2766046294471
10800,42.344674708348
10900,42.2927922583101
11000,42.346621083753
11100,42.2735072130034
11200,42.1851564596489
11300,42.1499887910192
11400,42.1126402699507
11500,42.1671242278661
11600,42.207176663349
11700,42.2224031672233
11800,42.2715880849538
11900,42.3094264349388
12000,42.530522373949
12100,42.6332185630883
12200,42.6508595587466
12300,42.7160245058529
12400,42.7766106332772
12500,42.793824828916
12600,42.7244593536318
12700,42.7509150930525
12800,42.8068489842137
12900,42.7909602411032
13000,42.7970236385832
13100,42.7677880932548
13200,42.8008416412314
13300,42.8584724953707
13400,42.9902573045238
13500,42.9861807101506
13600,43.0697321892768
13700,43.1254889718196
13800,43.179636260184
13900,43.2504348237017
14000,43.2001296240958
14100,43.2620597096466
14200,43.3332159014969
14300,43.2317940482917
14400,43.2482537817768
14500,43.2427319336904
14600,43.3203359090666
14700,43.310520197441
14800,43.2904245659044
14900,43.3369902501511
15000,43.3430838141307
15100,43.439365281196
15200,43.4667000213396
15300,43.4439248209442
15400,43.2480840556953
15500,43.2509585114961
15600,43.2060452042584
15700,43.151030600723
15800,43.1266006930581
15900,43.0670317185277
16000,42.9740449187889
16100,42.871793065008
16200,42.7939675851106
16300,42.8390928330211
16400,42.8168325579834
16500,42.7930982074834
16600,42.698631820493
16700,42.5873589268667
16800,42.51791372547
16900,42.4429719851763
17000,42.3891661988241
17100,42.3223155445709
17200,42.2283925198344
17300,42.159404364655
17400,42.1850385690076
17500,42.152201222082
17600,42.1101466920126
17700,42.1227430907807
17800,42.1099929928046
17900,42.0599100459361
18000,42.1064742464188
18100,42.2027412773281
18200,42.1905379651142
18300,42.2266949014493
18400,42.2492499320711
18500,42.2778503415656
18600,42.3718670650984
18700,42.4601674060194
18800,42.5355522575388
18900,42.6358733733489
19000,42.6796958236047
19100,42.8193345235278
19200,42.9736384028963
19300,42.9789402795551
19400,43.1221897975872
19500,43.2301306618458
19600,43.3388966781024
19700,43.348028154902
19800,43.3350013323697
19900,43.4033515274265
20000,43.4532060735239
20100,43.4001710880973
20200,43.4278410759311
20300,43.3378356789434
20400,43.2789502001186
20500,43.1567476366471
20600,43.0779240203992
20700,43.0857815620833
20800,42.9616868676028
20900,42.9033095598116
21000,42.8848012259048
21100,42.9126908327788
21200,42.9370110218071
21300,43.0428110325442
21400,43.0342307749728
21500,42.9216345846549
21600,42.8970058694296
21700,42.8456190067464
21800,42.8472014460266
21900,42.850744392446
22000,42.772046941805
22100,42.7050407996192
22200,42.6663413807712
22300,42.715895430794
22400,42.7550087755545
22500,42.8014392134755
22600,42.7816301682492
22700,42.7649534731636
22800,42.88285649395
22900,42.9131674955778
23000,42.8442200303119
23100,42.8111782141596
23200,42.6742138940587
23300,42.6514951188113
23400,42.5993162806488
23500,42.7383180797914
23600,42.7672771172233
23700,42.8040202586131
23800,42.8171987396028
23900,42.7987239417666
24000,42.8314726760705
24100,42.8753056658547
24200,42.9336885995679
24300,42.8870395768586
24400,42.9310692521062
24500,43.0651939080088
24600,43.1403410875629
24700,43.161824853912
24800,43.1407104193896
24900,43.1965321561162
25000,43.2931542200153
25100,43.2563357980979
25200,43.3215904108126
25300,43.3146587459759
25400,43.3303763327218
25500,43.2552153388137
25600,43.2273513185273
25700,43.1881811573023
25800,43.1657138504628
25900,43.1541020270704
26000,43.1454026280704
26100,43.1148529314461
26200,43.0687160553494
26300,43.126652742963
26400,43.0017249877401
26500,42.9393175670518
26600,42.8994130131079
26700,42.8998822928883
26800,42.833759173112
26900,42.76491601803
27000,42.8228627399578
27100,42.7825246255042
27200,42.7542163475853
27300,42.6878062371496
27400,42.674066193811
27500,42.6395636253406
27600,42.6515678040709
27700,42.7216067578109
27800,42.7850230301331
27900,42.8140307178459
28000,42.8349079353396
28100,42.8614779978033
28200,42.8729885226069
28300,42.8675654805413
28400,42.8570303548603
28500,42.8973377601831
28600,42.9317388808343
28700,42.9448565798845
28800,43.0416639348323
28900,43.1397181609198
29000,43.1004100200666
29100,43.0797392004156
29200,43.0766903060371
29300,43.1250927999333
29400,43.1304311301289
29500,43.1554839147533
29600,43.0902415486431
29700,43.0492172502977
29800,43.0165281673053
29900,42.9707280836424
30000,42.8870260903575
30100,42.800218156705
30200,42.751109922142
30300,42.7554700483039
30400,42.7943352701201
30500,42.6507978059828
30600,42.6370964155901
30700,42.6401431910381
30800,42.5642902714433
30900,42.4344132665962
31000,42.4318161834926
31100,42.4396582118401
31200,42.4800351014068
31300,42.4498148279543
31400,42.3568355795766
31500,42.3672704556151
31600,42.3824565105581
31700,42.3868116560296
31800,42.4224276080264
31900,42.4572268672953
32000,42.556923525823
32100,42.6912681092411
32200,42.7037077959893
32300,42.690945961008
32400,42.7358038617254
32500,42.8938725369512
32600,42.9387970214939
32700,42.8194335143098
32800,42.8696714078124
32900,42.9363138948989
33000,42.9513523768109
33100,42.9973060590635
33200,42.9894079599036
33300,43.0196020246465
33400,43.0843878269343
33500,43.0487872519405
33600,43.0083744671485
33700,42.9968728296828
33800,42.9796823565439
33900,42.9594023268692
34000,42.9042621594267
34100,42.8854401818353
34200,42.9587233797316
34300,42.9496850174287
34400,42.9466745572598
34500,42.9103040768274
34600,42.8662579062301
34700,42.8900788455256
34800,42.8531330468896
34900,42.8223276000365
35000,42.7143428699331
35100,42.6513707750137
35200,42.6430339545608
35300,42.5602917129523
35400,42.5959474459339
35500,42.5071142412995
35600,42.5507500158315
35700,42.4352811469489
35800,42.3371907991768
35900,42.3632476289686
36000,42.3586224331606
36100,42.3689017978078
36200,42.2858225428575
36300,42.2258866257775
36400,42.2146681026153
36500,42.194493015689
36600,42.192505177194
36700,42.2893117434771
36800,42.2535755806969
36900,42.2538604262025
37000,42.3079489660041
37100,42.3178174017049
37200,42.2488293278153
37300,42.3142867476958
37400,42.2477967054199
37500,42.3212268442673
37600,42.3122404652519
37700,42.4132922750176
37800,42.4039385531923
37900,42.2939497778857
38000,42.313436303515
38100,42.2753741420374
38200,42.2911488360938
38300,42.3741953165229
38400,42.3736602289463
38500,42.3908700007517
38600,42.4229730447999
38700,42.3902814350741
38800,42.3949960225632
38900,42.3890132284691
39000,42.3964141002357
39100,42.3994198462735
39200,42.4631555067892
39300,42.4625241615352
39400,42.4964569160505
39500,42.4397973539901
39600,42.4493253754543
39700,42.4699810954923
39800,42.5564741240045
39900,42.5553966475599
40000,42.5965943427138
40100,42.6085349029007
40200,42.610263282334
40300,42.5569015763432
40400,42.5613561737872
40500,42.5596199828617
40600,42.4675378451623
40700,42.4845040218961
40800,42.5330396453202
40900,42.4940107832086
41000,42.3952423987991
41100,42.3486114344697
41200,42.35726520634
41300,42.3519432295127
41400,42.3535328005055
41500,42.4044656384954
41600,42.4189744956087
41700,42.3742855557625
41800,42.3664704229588
41900,42.4163208251065
42000,42.3604630564862
42100,42.3158727432652
42200,42.3269210683648
42300,42.3543384048211
42400,42.3685347562958
42500,42.2722932636306
42600,42.3228075334411
42700,42.2954111816975
42800,42.3026408183432
42900,42.4026032599666
43000,42.4864486875878
43100,42.5999340007037
43200,42.5500711794482
43300,42.5983525418775
43400,42.6888818904988
43500,42.7107609154647
43600,42.617287176784
43700,42.640411110678
43800,42.6305087733424
43900,42.609244144136
44000,42.600200119889
44100,42.6532874066791
44200,42.67885115118
44300,42.6821979614752
44400,42.6339791544384
44500,42.6886140011651
44600,42.6703612509579
44700,42.7367246305958
44800,42.7439718550676
44900,42.7012253911867
45000,42.7180975709323
45100,42.6637952479181
45200,42.7006194130883
45300,42.6626843069371
45400,42.6311174656551
45500,42.6411536808954
45600,42.7529128816386
45700,42.8037786980684
45800,42.7799846320324
45900,42.7883938575386
46000,42.8220481631926
46100,42.7890077412242
46200,42.8223995990266
46300,42.7950711606687
46400,42.7955998833543
46500,42.8220317101171
46600,42.8592573965031
46700,42.8194756673706
46800,42.7708917737214
46900,42.7971149982195
47000,42.7995123228458
47100,42.8247308453825
47200,42.8333527808862
47300,42.8776930030736
47400,42.8349105843984
47500,42.7876168097466
47600,42.7301782594545
47700,42.7134247067546
47800,42.7600794273806
47900,42.8233709658509
48000,42.8147159735231
48100,42.8451903987089
48200,42.8162536755762
48300,42.8697930660399
48400,42.9092400832532
48500,42.9270811354648
48600,42.9450794365007
48700,42.9346632015833
48800,42.8816468715838
48900,42.9328009089879
49000,42.900321749162
49100,42.8273918126047
49200,42.7998738020572
49300,42.696706881475
49400,42.6337062303506
49500,42.6625696554526
49600,42.6671628894411
49700,42.6391662342743
49800,42.5797219667039
49900,42.5321972697196
50000,42.4604768517147
50100,42.4471408990357
50200,42.4565711406403
50300,42.4312686178782
50400,42.4239213802596
50500,42.4590401745964
50600,42.4153757857611
50700,42.2953616924992
50800,42.29482699252
50900,42.2514984183077
51000,42.3072081176112
51100,42.3543022537876
51200,42.350805687944
51300,42.4150524097458
51400,42.5095187103396
51500,42.5198165356617
51600,42.6083973886268
51700,42.634604724492
51800,42.6707903674225
51900,42.7700787064305
52000,42.9144627582446
52100,42.8414829813913
52200,42.7287971835787
52300,42.7694769523577
52400,42.6684691217085
52500,42.6366036571527
52600,42.6113208611562
52700,42.7253809234148
52800,42.7864385309523
52900,42.7129673862123
53000,42.6674261359646
53100,42.6318752794245
53200,42.6616135948462
53300,42.6183837166964
53400,42.5499127714945
53500,42.5189501659868
53600,42.4572491081308
53700,42.4909870447795
53800,42.5190152335632
53900,42.5229304673978
54000,42.4500329601051
54100,42.5181425508644
54200,42.6644628866917
54300,42.6730546494177
54400,42.8044176131221
54500,42.7846552676586
54600,42.8624585343386
54700,42.8435399462957
54800,42.828642326183
54900,42.864289122107
55000,42.9586793795186
55100,43.0284523897048
55200,43.0182367565921
55300,43.0574350249541
55400,43.1720492525751
55500,43.170963693497
55600,43.0773259760439
55700,42.904871208698
55800,42.8725738824978
55900,42.7480776050403
56000,42.7870956361857
56100,42.820764011284
56200,42.7423853659466
56300,42.6776657483413
56400,42.5974803641812
56500,42.5992656596884
56600,42.5898117097928
56700,42.6464080365987
56800,42.6989341172803
56900,42.7281646511942
57000,42.6855439207131
57100,42.683696494675
57200,42.6443532309296
57300,42.6626140564758
57400,42.6150543961651
57500,42.5879255675755
57600,42.6856341211204
57700,42.7861690862208
57800,42.7300627391789
57900,42.8194823385447
58000,42.8108028282757
58100,42.7952248855593
58200,42.8401975034509
58300,42.9293248286449
58400,43.0753574965562
58500,43.0392478185866
58600,43.0473198452237
58700,43.0460583086795
58800,43.0051514187865
58900,43.005015038071
59000,42.9677334903712
59100,42.8718423302311
59200,42.9789934576367
59300,42.9531440054897
59400,42.9627648290693
59500,42.9689778228334
59600,42.9783202804818
59700,42.9989605705937
59800,42.9754541070394
59900,42.9111738249719
60000,42.9487875178854
60100,42.9483870318249
60200,42.9855459381032
60300,42.9087081137511
60400,42.8418987394925
60500,42.8177626240054
60600,42.752802220353
60700,42.7330078481754
60800,42.6948310415104
60900,42.6423735013681
61000,42.533011787569
61100,42.5569538950626
61200,42.4296530470114
61300,42.3569623027829
61400,42.2787056216959
61500,42.23913328068
61600,42.226620315198
61700,42.2101609497548
61800,42.2457422835724
61900,42.2479053529221
62000,42.1538309707763
62100,42.1494022614372
62200,42.0660682118282
62300,42.0418239966483
62400,41.9934158516424
62500,42.008349773477
62600,42.0293023313047
62700,42.030667387837
62800,42.0574247593078
62900,42.0658150374631
63000,42.2480638313761
63100,42.3095571291499
63200,42.3038144881504
63300,42.4046204121339
63400,42.4299376823998
63500,42.4337961048832
63600,42.4223155012895
63700,42.4033933674968
63800,42.3866915557829
63900,42.3898706756763
64000,42.432952620146
64100,42.3876436798441
64200,42.4338857820964
64300,42.4228354151093
64400,42.4786901428147
64500,42.5432107709671
64600,42.5764680345999
64700,42.5302085125027
64800,42.5626286030678
64900,42.5902987584304
65000,42.5110201517642
65100,42.4046160290439
65200,42.4556184685916
65300,42.4191869779689
65400,42.4526904555801
65500,42.4529463884638
65600,42.3794843196337
65700,42.4171929196395
65800,42.4665153746452
65900,42.4822865185044
66000,42.4173442273879
66100,42.4017825518062
66200,42.340137391642
66300,42.3944852388647
66400,42.3211014821553
66500,42.3308340692117
66600,42.3003892422746
66700,42.3027803503115
66800,42.2695530126489
66900,42.2120019599714
67000,42.1382934657466
67100,42.2230402170997
67200,42.0709967831392
67300,42.0065203911426
67400,41.9972427467962
67500,42.0436672565468
67600,42.0353392436159
67700,41.9823516426731
67800,41.9069532716847
67900,41.8799169268871
68000,41.8692005859684
68100,41.8717569017483
68200,41.8722679230511
68300,41.8355386289751
68400,41.7926512302573
68500,41.7216450043155
68600,41.6682635591342
68700,41.6624081870977
68800,41.6213973096796
68900,41.6877039325021
69000,41.7587088192864
69100,41.7256598979125
69200,41.8267421664691
69300,41.8679557607584
69400,41.7825418757323
69500,41.7264986948293
69600,41.687558395121
69700,41.7027633312416
69800,41.7422563499971
69900,41.7754741739439
70000,41.7544472667775
70100,41.7269109035343
70200,41.6485374059345
70300,41.6908991487493
70400,41.8040240718723
70500,41.8953300738931
70600,41.9461508795828
70700,41.9482821490352
70800,42.0011739786304
70900,41.9237479124539
71000,41.9720966161218
71100,42.0648560265465
71200,42.1147411250736
71300,42.1357432234688
71400,42.2049961065951
71500,42.2856520422982
71600,42.3758644129449
71700,42.3924699305121
71800,42.4641497467213
71900,42.5371125836133
72000,42.5885576624558
72100,42.6944191259216
72200,42.8169986463398
72300,42.7924900000845
72400,42.7860409917218
72500,42.789585133837
72600,42.7265362136042
72700,42.847194001077
72800,42.8226065148777
72900,42.888530599295
73000,42.918354576504
73100,42.8397724263642
73200,42.8733024702694
73300,42.9151718683653
73400,42.963235729178
73500,42.9175112874119
73600,42.8571773086861
73700,42.8452746895235
73800,42.7991340626024
73900,42.6992687577994
74000,42.6393774523143
74100,42.5725832533391
74200,42.4710038716032
74300,42.479233428912
74400,42.4465675323353
74500,42.4341555414763
74600,42.4692123426169
74700,42.4061518284684
74800,42.3912782693969
74900,42.2884764840452
75000,42.2612853172414
75100,42.2325362143979
75200,42.1661361853305
75300,42.1524943505505
75400,42.1677864610981
75500,42.1433485067167
75600,42.1872383593708
75700,42.3040036674097
75800,42.3225217216893
75900,42.2964005336104
76000,42.3631881800615
76100,42.3595819014048
76200,42.3802299524538
76300,42.4132601885603
76400,42.3950014256964
76500,42.4457820183497
76600,42.4502975916067
76700,42.4146009970075
76800,42.3378064542186
76900,42.3886822982605
77000,42.3953158322542
77100,42.402856592631
77200,42.4158831082166
77300,42.3351246073069
77400,42.2854460184354
77500,42.3317081964773
77600,42.3395542184464
77700,42.2344705430062
77800,42.2726587601041
77900,42.3654122644026
78000,42.3705281031596
78100,42.3721662184212
78200,42.4269725990504
78300,42.3799439198857
78400,42.4416625881697
78500,42.3940399587972
78600,42.5084264361063
78700,42.5474958606353
78800,42.7128348752556
78900,42.8039998213086
79000,42.8107674959323
79100,42.9061544247777
79200,42.9528064688504
79300,43.0961384333387
79400,43.080480052609
79500,43.1114165249376
79600,43.1318348274121
79700,43.1569726704917
79800,43.2161915980661
79900,43.2168617466848
80000,43.2244041829244
80100,43.2189632390504
80200,43.1844039962106
80300,43.2695612421338
80400,43.2590837181486
80500,43.2775361540399
80600,43.1430146236915
80700,43.1242489450493
80800,43.1085111376143
80900,43.0844429823286
81000,43.0962743962387
81100,42.9918428175972
81200,42.9888085103992
81300,42.9753491284781
81400,42.9943538179049
81500,42.9523120189932
81600,42.9246617820504
81700,42.9212265515071
81800,42.882729708547
81900,42.7840154654964
82000,42.7637156759313
82100,42.8426833254354
82200,42.8344603404236
82300,42.8154872634172
82400,42.7264789350939
82500,42.6252406464638
82600,42.7026178981534
82700,42.7296846458351
82800,42.7736958845919
82900,42.741658196666
83000,42.7279846348892
83100,42.8178009134038
83200,42.7037276624231
83300,42.6237023216833
83400,42.5422517190343
83500,42.443955552288
83600,42.3744576271721
83700,42.342041627468
83800,42.2208599228494
83900,42.2762419839938
84000,42.2375504361213
84100,42.2234534227961
84200,42.2378346226478
84300,42.1957556810711
84400,42.2366670595941
84500,42.2787223049824
84600,42.2307997995879
84700,42.1738262205507
84800,42.0100429993989
84900,41.9799815611129
85000,41.9038223236718
85100,41.9201676628933
85200,41.9412058546218
85300,41.9488888433913
85400,41.991803242953
85500,42.0234642261167
85600,42.0631105946173
85700,42.0349603330613
85800,42.0290022032535
85900,41.9281032269855
86000,41.9611708155562
86100,41.9386020631112
86200,41.9273068320257
86300,41.9499631516179
86400,41.9785250983903
86500,42.0165893855834
86600,42.0334456131916
86700,42.0955312915642
86800,42.1608941588692
86900,42.162092778388
87000,42.2171274410105
87100,42.244029086205
87200,42.3050442111172
87300,42.3843499636786
87400,42.3692430428875
87500,42.4398922588208
87600,42.5140195578552
87700,42.6352225045883
87800,42.7083967677817
87900,42.8373601002955
88000,42.8269696453177
88100,42.8099642335876
88200,42.746262768133
88300,42.7344180229863
88400,42.7207318703561
88500,42.6895141282656
88600,42.7201771999333
88700,42.6600457960739
88800,42.7168161627153
88900,42.758938728498
89000,42.7075206131989
89100,42.6233388651326
89200,42.6443853355684
89300,42.5565340068309
89400,42.6231147738858
89500,42.5690237199133
89600,42.5069646433615
89700,42.4393685286918
89800,42.4306874836631
89900,42.3365412860791
90000,42.2984816067742
90100,42.3711438069191
90200,42.5034962125034
90300,42.4860359767846
90400,42.4861720228455
90500,42.5066490276409
90600,42.4634774780651
90700,42.582980474832
90800,42.5898225404697
90900,42.6332217994781
91000,42.6967169173753
91100,42.6851131789074
91200,42.6465992021223
91300,42.7420311108243
91400,42.6083032839929
91500,42.6243483083828
91600,42.6270936357534
91700,42.6075253970996
91800,42.5524000437716
91900,42.5618874792317
92000,42.6755552094726
92100,42.6825068517836
92200,42.6869452617214
92300,42.7164982754751
92400,42.8209047257003
92500,42.8447458316007
92600,42.9059287283718
92700,42.8216197270654
92800,42.8127055851277
92900,42.8743990637783
93000,42.894608256999
93100,42.9257919251823
93200,42.9153521984488
93300,42.903475020255
93400,43.0490250909638
93500,43.16171981947
93600,43.2136966520621
93700,43.2614830191978
93800,43.3271542226192
93900,43.3393775905673
94000,43.3135748258925
94100,43.2686515999456
94200,43.2568119710886
94300,43.2706829334743
94400,43.2243435824626
94500,43.2379256892105
94600,43.2289193751276
94700,43.2439412442125
94800,43.2253790626961
94900,43.1660871663924
95000,43.1240062933537
95100,43.1178143914253
95200,43.1336499299055
95300,43.038427117879
95400,42.988654194198
95500,42.8730849652602
95600,42.8276833844254
95700,42.7580910063178
95800,42.7768103982981
95900,42.8383419435772
96000,42.7992075796956
96100,42.806282031552
96200,42.7154409571165
96300,42.681868641091
96400,42.6838642730538
96500,42.7063492543712
96600,42.6714061909748
96700,42.6705708687663
96800,42.7048699421874
96900,42.7034474083191
97000,42.6871431115775
97100,42.6735259210835
97200,42.6502905482063
97300,42.7563027267487
97400,42.755261734112
97500,42.816145418725
97600,42.7887047466313
97700,42.8178875992915
97800,42.8267723613569
97900,42.7666300216097
98000,42.6937186244612
98100,42.7192628443836
98200,42.834221205423
98300,42.801119951962
98400,42.8130332124838
98500,42.7060666226364
98600,42.7146934983708
98700,42.7133133762926
98800,42.6913921131908
98900,42.6825181505184
99000,42.6639868650683
99100,42.6934511841281
99200,42.7124878063375
99300,42.6751216488826
99400,42.7239298157334
99500,42.698408585131
99600,42.7011381138816
99700,42.6927901913117
99800,42.6892646951512
99900,42.6207460224338
100000,42.7196890513321
100100,42.626241264585
100200,42.6096559339249
100300,42.6561529203218
100400,42.5767475326139
100500,42.5967287599895
100600,42.532567477576
100700,42.521436592986
100800,42.5268390355652
100900,42.4944442352406
101000,42.5459492445816
101100,42.5345494323601
101200,42.5472376341639
101300,42.5982876590425
101400,42.6313371537853
101500,42.6828781351853
101600,42.644551596733
101700,42.6722160444998
101800,42.7296619113637
101900,42.8902954379157
102000,42.8894385790574
102100,43.0319126348936
102200,43.0093329229397
102300,43.0050977270026
102400,42.9622388215461
102500,42.9298774099631
102600,42.9748010065278
102700,42.9629517710946
102800,42.9577610153996
102900,43.0033317353475
103000,42.9791621756418
103100,42.9390344477843
103200,42.836600249435
103300,42.7549594381974
103400,42.6166457244105
103500,42.5361637972925
103600,42.5130874508165
103700,42.5078071259067
103800,42.3412644561394
103900,42.1996278326023
104000,42.1344962583506
104100,42.0605181258117
104200,41.9761024063737
104300,41.9728381656973
104400,41.9794512935566
104500,41.8542940166518
104600,41.8194197958246
104700,41.8755513007451
104800,41.8514476978341
104900,41.8535713961856
105000,41.9185181766072
105100,41.8854420600022
105200,41.9089147836311
105300,41.9765466199045
105400,42.058844984425
105500,42.0665446436765
105600,42.0865818166827
105700,42.0880144944012
105800,42.1661885741176
105900,42.2363703728526
106000,42.1734412374697
106100,42.1533694832883
106200,42.1770644266654
106300,42.2113302941546
106400,42.2518416405213
106500,42.4121214892293
106600,42.4645880190592
106700,42.4494418335131
106800,42.4551170930302
106900,42.4322327211829
107000,42.3770609442857
107100,42.4678394194955
107200,42.5103787371384
107300,42.3683865928779
107400,42.3758106584003
107500,42.4018951533606
107600,42.4953084858016
107700,42.3611187798914
107800,42.3395199198629
107900,42.3071570670448
108000,42.3586046736429
108100,42.3609035219207
108200,42.401794380005
108300,42.3869493319753
108400,42.4099886040076
108500,42.3606259036566
108600,42.3625209055519
108700,42.280437241972
108800,42.3246627272536
108900,42.3537010660621
109000,42.3483189232622
109100,42.2942286361517
109200,42.3335794109284
109300,42.4897179754185
109400,42.4168590847768
109500,42.3522947139416
109600,42.2858057463335
109700,42.4043213149899
109800,42.2991675766731
109900,42.2581656539188
110000,42.3560789402874
110100,42.3343012296932
110200,42.3395735355765
110300,42.3376120122484
110400,42.3799094875289
110500,42.4262703937679
110600,42.4424376301604
110700,42.5655077720374
110800,42.5408147208237
110900,42.5169006108656
111000,42.5121884053951
111100,42.459694769634
111200,42.3891147428508
111300,42.2962503211903
111400,42.305672495328
111500,42.3233643999567
111600,42.2559407307292
111700,42.2943491443704
111800,42.3125945471105
111900,42.2901485194375
112000,42.2017571504217
112100,42.2151017670647
112200,42.1931602112683
112300,42.1394266158689
112400,42.0230705310021
112500,42.0342595649103
112600,41.9884017440032
112700,41.9437136130898
112800,41.8840886850783
112900,41.9023438753503
113000,41.8085014759287
113100,41.8244063660976
113200,41.8224072937887
113300,41.8392169719279
113400,41.7868677768173
113500,41.7265703294397
113600,41.8028390041198
113700,41.7743042054687
113800,41.8616503171346
113900,41.9669730690052
114000,42.0550791265875
114100,42.1247493832876
114200,42.1906235190536
114300,42.249050364334
114400,42.3319922870633
114500,42.2744995713424
114600,42.3206402557383
114700,42.3877981290467
114800,42.4961842038662
114900,42.4428183063206
115000,42.5790622764187
115100,42.6474814386222
115200,42.6939036359529
115300,42.6772203969071
115400,42.8054165916526
115500,42.9088039316812
115600,42.9250403234824
115700,42.8838871897676
115800,42.8616318820577
115900,42.9540039162047
116000,42.9287197565418
116100,42.7859003591253
116200,42.7791276582844
116300,42.7802655887048
116400,42.78070601037
116500,42.7898582298646
116600,42.8034718125398
116700,42.6988806133813
116800,42.7408514153444
116900,42.8592636601322
117000,42.870591042853
117100,42.8949343244558
117200,42.8493851029825
117300,42.8534278591469
117400,42.7634924723374
117500,42.6785757169865
117600,42.6783992760551
117700,42.5804964871309
117800,42.4966175574442
117900,42.3675114780616
118000,42.3551763261509
118100,42.381792072942
118200,42.3700463441131
118300,42.3386217747561
118400,42.2878073818147
118500,42.317495330861
118600,42.3080330986648
118700,42.3472708141745
118800,42.3161234035666
118900,42.2669692719356
119000,42.1863476288669
119100,42.1801561077598
119200,42.2288698378239
119300,42.257496964185
119400,42.285294456988
119500,42.3760969140675
119600,42.3185757851769
119700,42.4428610021227
119800,42.4882860324222
119900,42.5585950890902
120000,42.5675523490349
120100,42.6083994163995
120200,42.5168513550041
120300,42.4687836885602
120400,42.3912173864232
120500,42.4007094879517
120600,42.2310138319264
120700,42.1241427113238
120800,42.0994851578318
120900,41.9889198319617
121000,42.0148376532968
121100,41.9787078022461
121200,41.9386356188094
121300,41.9065389812383
121400,41.8523215775358
121500,41.8004380285218
121600,41.7664580467155
121700,41.6837339923714
121800,41.6751069464754
121900,41.6053577185241
122000,41.5713106788693
122100,41.5663454310472
122200,41.579614711917
122300,41.5982481075323
122400,41.5973944891633
122500,41.5273076191147
122600,41.6075975020218
122700,41.6204508884914
122800,41.5992258098769
122900,41.6138719262877
123000,41.6148491192607
123100,41.5977190444375
123200,41.5321150973137
123300,41.5406571003844
123400,41.5519930748042
123500,41.511775810734
123600,41.4610484172039
123700,41.4467527339268
123800,41.4135786228882
123900,41.3980129798834
124000,41.3659753811726
124100,41.3626580773683
124200,41.3008846705268
124300,41.2897157913447
124400,41.3407218067607
124500,41.3346932660263
124600,41.3017009144701
124700,41.2932827833377
124800,41.1966299116627
124900,41.1949683939308
125000,41.0665962958411
125100,41.0874692174203
125200,41.1686356426537
125300,41.1241692627308
125400,41.0926699433391
125500,41.116832737604
125600,41.2240621282823
125700,41.2505243930272
125800,41.2978403611958
125900,41.3122165465635
126000,41.3553876955949
126100,41.3944906768678
126200,41.4550618275453
126300,41.4753997715742
126400,41.5403002054864
126500,41.5162768499431
126600,41.5876100782202
126700,41.6118827250036
126800,41.6894528977154
126900,41.7402253435937
127000,41.8892495707765
127100,41.8899162158177
127200,41.8741380909349
127300,41.9829258924426
127400,42.096302483671
127500,42.1135778063533
127600,42.1468158591057
127700,42.2440346876826
127800,42.2936070278202
127900,42.407278704412
128000,42.431552697917
128100,42.4127746170318
128200,42.4652187969661
128300,42.5003096499404
128400,42.4446907073872
128500,42.5009709403509
128600,42.5494040228461
128700,42.6384124039303
128800,42.635589518678
128900,42.6030932844433
129000,42.6143468092937
129100,42.6017159404203
129200,42.6009805731801
129300,42.5835160060765
129400,42.5726553580674
129500,42.6124164990332
129600,42.5979381233471
129700,42.5879284489812
129800,42.5924874268755
129900,42.5954024152036
130000,42.6213205336778
130100,42.6293373887203
130200,42.6954796152461
130300,42.6835213322015
130400,42.7535829333635
130500,42.7793376451471
130600,42.7172326774955
130700,42.723379745364
130800,42.8469544022798
130900,42.8986960800414
131000,42.9377449318172
131100,42.9957370980733
131200,43.1188057597693
131300,43.1529651902098
131400,43.1594673894685
131500,43.1090396566833
131600,43.0933807026726
131700,43.0707983589473
131800,43.113468530302
131900,43.046393772205
132000,43.0814136112132
132100,43.0019685472902
132200,42.9300300484084
132300,42.9100447014408
132400,42.9355226244807
132500,42.9204043545899
132600,43.0309233494706
132700,43.1032908956218
132800,43.0582101308052
132900,43.0955301192
133000,43.0402485636503
133100,42.994619940958
133200,42.9156558066004
133300,42.8941260548031
133400,42.9015070430032
133500,42.951568538893
133600,42.9396494627836
133700,42.9202900984099
133800,42.7823745371375
133900,42.8132068551459
134000,42.8354330109473
134100,42.9204685657966
134200,42.9803445804498
134300,43.0645161649746
134400,43.0205504326254
134500,43.1180901046723
134600,43.1031022952155
134700,43.0849587734624
134800,43.204450488156
134900,43.2874555003041
135000,43.3937483610618
135100,43.4638754569095
135200,43.5440908291279
135300,43.5632454482033
135400,43.6009410899502
135500,43.6607934906041
135600,43.7182083199144
135700,43.7899718883225
135800,43.9096882458946
135900,43.9207576209646
136000,43.8633251169999
136100,43.9497181428884
136200,43.8883311506277
136300,43.8267838100514
136400,43.9187643846359
136500,43.9216247597106
136600,43.9316841972227
136700,43.9376907878003
136800,43.7993898047513
136900,43.6692015225115
137000,43.6481152110518
137100,43.6105605391844
137200,43.551310262744
137300,43.5697134073191
137400,43.5082787487505
137500,43.4816062972137
137600,43.4632284492901
137700,43.4771443896386
137800,43.5151992645032
137900,43.5194336184871
138000,43.4914790399234
138100,43.4738493006887
138200,43.5204457863961
138300,43.4537086757018
138400,43.2814220585658
138500,43.2264903098346
138600,43.1290344652891
138700,43.0821420778199
138800,43.1521227821682
138900,43.1000072407141
139000,43.0432827227468
139100,43.0267951087666
139200,43.0451598800761
139300,43.0275927559497
139400,43.0743133114703
139500,43.0763714326106
139600,43.0316382011874
139700,43.0030879217749
139800,43.0179512692645
139900,43.0426318084807
140000,43.0965851462435
140100,43.0921100393301
140200,43.0497782504762
140300,43.0996581525983
140400,43.1824114762624
140500,43.2075940127163
140600,43.2269509673011
140700,43.2145326773927
140800,43.1100038187498
140900,43.1653410757051
141000,43.1790672422583
141100,43.1119696338932
141200,43.1010513102908
141300,43.0895252097038
141400,43.0570975947948
141500,43.0547473370745
141600,43.1248480067086
141700,43.1274227530504
141800,43.113611974478
141900,43.0925721157226
142000,43.0441976335224
142100,42.9979983895168
142200,43.0463700825321
142300,43.0651921227929
142400,43.1204078355149
142500,43.0978242138595
142600,43.1747370498268
142700,43.27310494719
142800,43.343313234355
142900,43.402737412511
143000,43.4225487516999
143100,43.55284024284
143200,43.5472772464621
143300,43.5692239432818
143400,43.6553540147889
143500,43.5834894656735
143600,43.4970071660011
143700,43.5388927434321
143800,43.5477087215314
143900,43.4237964402376
144000,43.3064696492332
144100,43.1718265796718
144200,43.1254433366073
144300,43.0718104744584
144400,42.968145667372
144500,42.9365631024967
144600,42.8296282892939
144700,42.7032766363591
144800,42.6249476402686
144900,42.4742124101191
145000,42.3817955627251
145100,42.321549558424
145200,42.2526303880947
145300,42.1646824326519
145400,42.0334774601008
145500,42.0086123577835
145600,42.0000748294427
145700,41.9743980024998
145800,41.941993563116
145900,42.0301363851977
146000,42.1838530332367
146100,42.2445858657523
146200,42.233665052436
146300,42.297005060665
146400,42.3796988030725
146500,42.4003387069202
146600,42.4518923637402
146700,42.5433162986461
146800,42.6069284120614
146900,42.6705721435128
147000,42.7335712869127
147100,42.7714406553363
147200,42.8566658125538
147300,42.8857934602754
147400,42.9332171916012
147500,42.9874866869059
147600,43.037141553508
147700,43.0326509396908
147800,43.1003063861684
147900,43.0447742159738
148000,42.9866490643004
148100,43.0415555029786
148200,43.0340539565505
148300,43.0311179586926
148400,42.9776930046656
148500,43.0077241909227
148600,43.0087829225256
148700,43.0374728971876
148800,43.087815854085
148900,43.1162721206002
149000,43.0986776481746
149100,43.1187278495575
149200,43.0807673422181
149300,43.1329527657642
149400,43.160725913834
149500,43.1161689078667
149600,43.1032247675143
149700,43.1641667005005
149800,43.1033943561111
149900,43.0382655100805
150000,42.9352867408559
150100,42.9112820121085
150200,42.8562593625754
150300,42.7881535951081
150400,42.701915580467
150500,42.604873835459
150600,42.6183649610334
150700,42.5541572807768
150800,42.4909572177221
150900,42.4874893769215
151000,42.4634932452613
151100,42.4103512398939
151200,42.3786860706537
151300,42.3264983183722
151400,42.3242367372037
151500,42.38189660814
151600,42.3989107379375
151700,42.376839567788
151800,42.3783993807054
151900,42.4820490322302
152000,42.5321136361742
152100,42.5224810479311
152200,42.5550919276954
152300,42.6339003472879
152400,42.7467599824225
152500,42.8024878764928
152600,42.7736308649097
152700,42.7878038922202
152800,42.795582853713
152900,42.8568124701293
153000,42.9285538144388
153100,42.885079900033
153200,42.9016012594494
153300,42.8937245746489
153400,42.849438307496
153500,42.7439144108487
153600,42.7060867155769
153700,42.5958185108457
153800,42.5885337552692
153900,42.5318766877872
154000,42.5211780553204
154100,42.4995675755102
154200,42.5619575092295
154300,42.5524932833243
154400,42.5189265297983
154500,42.5265755771634
154600,42.5112556928026
154700,42.4640441368104
154800,42.4187335434275
154900,42.3444553884942
155000,42.3420654769662
155100,42.3942497139196
155200,42.2927192076624
155300,42.2396745343978
155400,42.2362618560665
155500,42.2445083074415
155600,42.2391131622806
155700,42.305444751853
155800,42.3252813083354
155900,42.2585926989059
156000,42.2319798822415
156100,42.2152931489428
156200,42.2427673180356
156300,42.1747585030218
156400,42.1654908896876
156500,42.1039245732131
156600,42.0849725369033
156700,42.1196021043299
156800,42.1322570049306
156900,42.1161245704798
157000,42.0705070104369
157100,42.0644912349807
157200,42.0903969146998
157300,42.1761192961473
157400,42.1886545144737
157500,42.1591693640821
157600,42.0826000681268
157700,42.0948698077844
157800,42.0412800660318
157900,42.1076205016574
158000,42.1412555932184
158100,42.111633107178
158200,41.9994400609169
158300,41.9578201307254
158400,41.8929533299102
158500,41.8772777204147
158600,41.8699990088659
158700,41.8019124983791
158800,41.7940052853162
158900,41.8344606934884
159000,41.7841067752395
159100,41.6210972520232
159200,41.6445437659052
159300,41.6091211355849
159400,41.58001640311
159500,41.5985890756628
159600,41.6631639447138
159700,41.6460107385887
159800,41.7150481369588
159900,41.6803917627937
160000,41.6152010979735
160100,41.6988773472449
160200,41.742273726366
160300,41.8084012765135
160400,41.8270721515006
160500,41.7750901199934
160600,41.7866885546044
160700,41.7510203602063
160800,41.8088298193115
160900,41.8089652917492
161000,41.7980808513152
161100,41.9778568031223
161200,42.0688834039444
161300,42.0971668070597
161400,42.2036034760915
161500,42.1925057265416
161600,42.1609170476856
161700,42.1417184611339
161800,42.1106175115988
161900,42.2114846372118
162000,42.2862191148938
162100,42.2489865353113
162200,42.1467417686488
162300,42.1223526639578
162400,42.1537482917
162500,42.2296645775342
162600,42.3307396477031
162700,42.4344475014201
162800,42.3349139823042
162900,42.3094534402639
163000,42.3965851818441
163100,42.2927803515697
163200,42.2663812834631
163300,42.2037933119585
163400,42.1234746624761
163500,42.1483963910389
163600,42.2577234856616
163700,42.3008164604782
163800,42.280721369619
163900,42.2195223185385
164000,42.2004429284013
164100,42.2653743865337
164200,42.372591973048
164300,42.4313464948217
164400,42.5402426796175
164500,42.6072977968557
164600,42.483322063366
164700,42.4935658670154
164800,42.588714558237
164900,42.6080976159808
165000,42.6623929391311
165100,42.7782034909706
165200,42.7587779198912
165300,42.7155250050057
165400,42.8234134153148
165500,42.8899999090386
165600,42.8682704272449
165700,42.9507532068116
165800,42.9143108647118
165900,42.8137722261673
166000,42.9171655044224
166100,42.8827474302723
166200,42.855491018439
166300,42.8350335146395
166400,42.7115031963733
166500,42.7119519841893
166600,42.7452497751326
166700,42.8010588125511
166800,42.8264312447549
166900,42.815498692979
167000,42.7934544600346
167100,42.7831869115363
167200,42.7802990074835
167300,42.8930666915896
167400,42.7605298142568
167500,42.8022337387116
167600,42.7357736831232
167700,42.6548692061625
167800,42.6898347178853
167900,42.8045335769582
168000,42.6751830195191
168100,42.617017400563
168200,42.6132789194955
168300,42.6542647823897
168400,42.6564310862831
168500,42.6295639648259
168600,42.6306795453531
168700,42.4389855653599
168800,42.2962249659521
168900,42.2676278137607
169000,42.2083375325434
169100,42.2403799914456
169200,42.2342471480143
169300,42.2540342826534
169400,42.3594064727431
169500,42.3290916279365
169600,42.2710835916337
169700,42.2388438943572
169800,42.1998671695281
169900,42.1868653869152
170000,42.2342173993563
170100,42.2994919102293
170200,42.3503204808462
170300,42.3011095560447
170400,42.3629988347185
170500,42.4076281965042
170600,42.4306499296109
170700,42.5463702727431
170800,42.6138088338335
170900,42.670204296663
171000,42.7481793436638
171100,42.7127405129578
171200,42.6952014258011
171300,42.6620572685535
171400,42.6462049491683
171500,42.6600262712661
171600,42.7341742827433
171700,42.7318945571842
171800,42.8439861599156
171900,42.9313259422213
172000,42.9590872196833
172100,42.9750070240372
172200,43.019093721506
172300,43.0912115126461
172400,43.1475846614412
172500,43.2009347944664
172600,43.2774190825449
172700,43.314854944419
172800,43.4256624859984
172900,43.4254842981596
173000,43.4021973495874
173100,43.4390660129515
173200,43.4659833195203
173300,43.4765207888384
173400,43.4974391474729
173500,43.4720342826408
173600,43.5040388958014
173700,43.5174127138708
173800,43.4941800848871
173900,43.4214084284207
174000,43.4516397498516
174100,43.4289675837984
174200,43.3912086121256
174300,43.3019812793158
174400,43.0877197463033
174500,43.0242496810198
174600,42.9665003315196
174700,42.9707411007157
174800,42.9046480321831
174900,42.9415037729929
175000,42.8154387800239
175100,42.7588661376568
175200,42.7868906152208
175300,42.7876933712869
175400,42.6592322238942
175500,42.7136365958187
175600,42.7439780884207
175700,42.8079340181967
175800,42.7225220165854
175900,42.6693397175385
176000,42.6611524986167
176100,42.6532738356794
176200,42.5900963426041
176300,42.5783142167999
176400,42.7181749145157
176500,42.6645279201472
176600,42.6336227943427
176700,42.5816038977818
176800,42.6195060732792
176900,42.5210693614842
177000,42.595215653568
177100,42.6465598952032
177200,42.6247832919576
177300,42.6965740904326
177400,42.7236839438197
177500,42.6322407605896
177600,42.5168623352578
177700,42.4787566128922
177800,42.5537246075282
177900,42.6329272135505
178000,42.5608359176732
178100,42.505612510892
178200,42.5481213496876
178300,42.6144583285099
178400,42.6066010980313
178500,42.6570879761886
178600,42.6353800207378
178700,42.7103805275067
178800,42.6236767247617
178900,42.6427365869571
179000,42.6225705299965
179100,42.6104586328914
179200,42.6182958552111
179300,42.6272743167076
179400,42.719122358592
179500,42.7517621220616
179600,42.7601648282612
179700,42.7668500359808
179800,42.7558845259282
179900,42.6749661873924
180000,42.6836116255739
180100,42.6039085061334
180200,42.5718945652313
180300,42.4933943961795
180400,42.4322592420621
180500,42.3710231570098
180600,42.3515279942269
180700,42.2259747178358
180800,42.1805798791373
180900,42.2299351125443
181000,42.2816018327605
181100,42.2587508722825
181200,42.2780649640702
181300,42.168899952188
181400,42.0940376713542
181500,42.1456551973583
181600,42.1634184885628
181700,42.1899407924264
181800,42.1744578826689
181900,42.2497785389516
182000,42.2738220163301
182100,42.3629596277334
182200,42.3333702258946
182300,42.2869408855195
182400,42.3275917516737
182500,42.4100292532813
182600,42.4449573152916
182700,42.4982321273895
182800,42.5531557724168
182900,42.4771963399483
183000,42.4329233263053
183100,42.4328107979655
183200,42.3259964579144
183300,42.3404794572985
183400,42.3845414006019
183500,42.2961628955101
183600,42.3613761716113
183700,42.3472915752029
183800,42.3029199838203
183900,42.2617951649632
184000,42.2557506265183
184100,42.3129747882682
184200,42.346969948995
184300,42.3326456741625
184400,42.2555764883997
184500,42.1634310311922
184600,42.0847538469142
184700,42.040255058013
184800,42.0863331878515
184900,42.0118586302872
185000,42.0257265793977
185100,41.9535684484566
185200,42.0268552270711
185300,41.9307177590776
185400,41.920011396747
185500,41.8629336650554
185600,41.7382118996146
185700,41.6679370356677
185800,41.6760266390167
185900,41.6450565541632
186000,41.4989625216068
186100,41.4033969013594
186200,41.405661298227
186300,41.4909281414549
186400,41.5933736307325
186500,41.6646351863236
186600,41.8091586935279
186700,41.7561773935413
186800,41.62239371266
186900,41.7411420798374
187000,41.7317707273748
187100,41.7986087545874
187200,41.7989724659908
187300,41.8456218144407
187400,41.8258644452945
187500,41.8815195583523
187600,41.9482753123331
187700,41.9462410900022
187800,41.942080433907
187900,41.9876249312406
188000,42.1998207977289
188100,42.1974539549148
188200,42.2195001700043
188300,42.1756979447615
188400,42.0904424271438
188500,42.0318703474374
188600,42.0249857169246
188700,42.0978802416977
188800,42.177857649347
188900,42.1137664320602
189000,42.1403336934196
189100,42.0610677944772
189200,42.0644298748615
189300,42.147330785401
189400,42.0849926520251
189500,42.1091118059454
189600,42.0714210394689
189700,42.0688396661988
189800,42.0606506999445
189900,42.0051183715913
190000,41.8748706148837
190100,41.9166542824569
190200,41.8885123831537
190300,41.8580503338614
190400,41.9188000208183
190500,41.9060931145487
190600,41.8511478465578
190700,41.802829335344
190800,41.8761801552637
190900,41.8936800031707
191000,41.8493758592158
191100,41.8113261733507
191200,41.7033306208432
191300,41.5920837790521
191400,41.5580574303228
191500,41.4600058037171
191600,41.4634818509707
191700,41.399625559435
191800,41.2536899727264
191900,41.2119946944263
192000,41.2486987412122
192100,41.1961296618088
192200,41.19456535652
192300,41.2214114887597
192400,41.1464766175302
192500,41.1677613371776
192600,41.1376451220423
192700,41.1091917199528
192800,40.9797189564572
192900,40.9057119221366
193000,40.8755371985087
193100,40.9446074038739
193200,40.9635897779967
193300,40.9963764800617
193400,41.0342768117845
193500,41.1245027673347
193600,41.1235008216273
193700,41.236321234008
193800,41.3849991831707
193900,41.4306414355233
194000,41.4468995216601
194100,41.5047753922992
194200,41.5260140344073
194300,41.5192842891813
194400,41.5637715134435
194500,41.51974451459
194600,41.5057489513224
194700,41.5884902018192
194800,41.7120906008816
194900,41.8224364090594
195000,41.9013035698694
195100,41.8864592281898
195200,41.9049365923535
195300,41.9906084765004
195400,41.958749910924
195500,41.9796082627775
195600,42.0122567373542
195700,41.9786379188395
195800,41.973753219959
195900,42.0253685136818
196000,42.0921891179394
196100,42.1341666324536
196200,42.0813533412101
196300,42.1565815299409
196400,42.1433691471982
196500,42.1562203745642
196600,42.1238593670327
196700,42.1203937597432
196800,42.0579255665886
196900,42.0982592370851
197000,42.0142786192547
197100,42.0017603614746
197200,42.0162689048631
197300,41.9665730124659
197400,42.0346974800439
197500,42.0153149430457
197600,42.0104497348357
197700,41.9425502695153
197800,41.9746897261
197900,41.9453225376729
198000,41.8749112307488
198100,41.8656553394576
198200,41.8639414568536
198300,41.7766932607727
198400,41.7509038332941
198500,41.782922156817
198600,41.8373917497496
198700,41.8761476886729
198800,41.8794668349283
198900,41.818421715077
199000,41.8883802539564
199100,41.8975408043139
199200,42.0009633572263
199300,42.0476014068685
199400,42.054235123709
199500,42.1363342313831
199600,42.249037949611
199700,42.345687936656
199800,42.3679638694916
199900,42.3639566267208
200000,42.3482541646672
200100,42.3336975697528
200200,42.4257100171392
200300,42.511166689804
200400,42.6239727298993
200500,42.6521305310409
200600,42.627676519328
200700,42.6437976075047
200800,42.7027268607148
200900,42.6440336047172
201000,42.6248324626577
201100,42.6808530844445
201200,42.5964212381921
201300,42.6745229449308
201400,42.715779997398
201500,42.6371144813585
201600,42.6071924848055
201700,42.5974633238783
201800,42.5316933900466
201900,42.5132191100552
202000,42.5950879398933
202100,42.56358627814
202200,42.5916430908762
202300,42.5752248876337
202400,42.5660486259527
202500,42.5769257452467
202600,42.6907770608426
202700,42.6761943764743
202800,42.7338312514763
202900,42.8740804932718
203000,42.9311027176229
203100,42.9781564947523
203200,43.0934079992902
203300,43.0734110405791
203400,43.1633452688085
203500,43.2414582257864
203600,43.2411833218178
203700,43.2306946750312
203800,43.2907086194392
203900,43.389419559597
204000,43.3541492618147
204100,43.4279967753165
204200,43.4108430385517
204300,43.4723398002755
204400,43.4540039680562
204500,43.4549942896075
204600,43.3812244498871
204700,43.402085702924
204800,43.3671235580332
204900,43.3079809914255
205000,43.3527137203464
205100,43.3197966060965
205200,43.3329503047276
205300,43.3631551961959
205400,43.2864163103563
205500,43.2682450697137
205600,43.2543542792426
205700,43.2896783571497
205800,43.3037885810229
205900,43.2039521107584
206000,43.2491290984755
206100,43.2450732056267
206200,43.2227887250142
206300,43.1748641492243
206400,43.1735523120089
206500,43.1484051013183
206600,43.2164516920342
206700,43.1966733564514
206800,43.2000517555786
206900,43.1844474600101
207000,43.1733969430541
207100,43.1877886664525
207200,43.1528970399149
207300,43.142033470833
207400,43.1082880355116
207500,43.0478977291388
207600,43.0450835432658
207700,43.0958171216829
207800,43.1251525265079
207900,43.2081516538937
208000,43.1731403173798
208100,43.1202425522822
208200,43.0873815957296
208300,43.0081232390695
208400,42.9632928255115
208500,42.9369528837741
208600,42.844738182635
208700,42.8360318483337
208800,42.9195098629757
208900,42.8977359437363
209000,42.8606944858482
209100,42.8114046155163
209200,42.7830186377595
209300,42.7689729410818
209400,42.8109581242796
209500,42.8771174697606
209600,42.8715401287081
209700,42.8485432368052
209800,42.8310666859685
209900,42.8633117474472
210000,42.9446603477267
210100,42.9996042615476
210200,42.9923524589982
210300,43.0691933937125
210400,43.0977816830121
210500,43.1369655042226
210600,43.2100397822995
210700,43.277936315315
210800,43.2544046778505
210900,43.3583102630671
211000,43.4193877552006
211100,43.5455271168688
211200,43.590429084564
211300,43.5721502012686
211400,43.5943461622455
211500,43.5851503475532
211600,43.6283852590684
211700,43.6514317493107
211800,43.6922734580374
211900,43.6716844082095
212000,43.5755444060387
212100,43.5500185362817
212200,43.5714020699823
212300,43.6148058930831
212400,43.6684577553951
212500,43.6815691022074
212600,43.6704995270875
212700,43.5885699390204
212800,43.4718172474803
212900,43.3413192987762
213000,43.3077255561802
213100,43.1763292941767
213200,43.13095035836
213300,43.1422819276641
213400,43.1013923538332
213500,43.0625292258282
213600,43.0230190127704
213700,42.9157589412914
213800,42.8472916493619
213900,42.7242724858152
214000,42.7222665323586
214100,42.6218220166966
214200,42.5793006240116
214300,42.5356908938458
214400,42.5058629214164
214500,42.4741866237407
214600,42.4561757356834
214700,42.4605792808763
214800,42.5184218621865
214900,42.5715936459011
215000,42.6033647712175
215100,42.663880642825
215200,42.7171610910287
215300,42.7400896557216
215400,42.7727183674376
215500,42.7831743495825
215600,42.7664802774326
215700,42.8261163729421
215800,42.8356666999041
215900,42.8733270588108
216000,42.828841453225
216100,42.9432750314553
216200,42.9783019845822
216300,42.9488110198224
216400,42.9002945434392
216500,42.9081522098519
216600,42.8986844315803
216700,42.8803930173086
216800,42.869459360117
216900,42.8521208934702
217000,42.7657886673717
217100,42.7230196243491
217200,42.6572290279317
217300,42.5625580745298
217400,42.4987471169551
217500,42.516026057038
217600,42.5111672115258
217700,42.5202027228454
217800,42.5053824297102
217900,42.5577505602672
218000,42.5838895661371
218100,42.5743363062369
218200,42.6691243884998
218300,42.6789286194957
218400,42.6048196938738
218500,42.609549987166
218600,42.6254756702712
218700,42.5962897127149
218800,42.5720119960913
218900,42.5316684945602
219000,42.5530232621862
219100,42.5546854980176
219200,42.5414345724282
219300,42.639146196265
219400,42.660300904939
219500,42.6678791220585
219600,42.7479003286354
219700,42.722318942336
219800,42.7883189898991
219900,42.7923812864307
220000,42.8027787242697
220100,42.799893207352
220200,42.7479296253392
220300,42.8079554461809
220400,42.8990523420659
220500,42.9145513524624
220600,42.8999982288896
220700,42.9985250905006
220800,43.0646838187349
220900,43.1747348566744
221000,43.2260286548241
221100,43.2887179281951
221200,43.3293463099817
221300,43.2350508201957
221400,43.2659067504485
221500,43.2850936789032
221600,43.18984154552
221700,43.2538855347552
221800,43.2458724220483
221900,43.2795395803024
222000,43.2572125639008
222100,43.2207443294578
222200,43.1699524463306
222300,43.0613482817354
222400,43.0750312122984
222500,43.0562889648846
222600,43.0813130456513
222700,43.0610264993672
222800,43.0140525881699
222900,42.9987359328732
223000,43.033401105478
223100,42.9650782361628
223200,42.9610803086035
223300,43.0845060404587
223400,43.0990951493674
223500,43.1219869976359
223600,43.1356552381106
223700,43.1389779645423
223800,43.0689178292486
223900,43.0961612105365
224000,43.1717452086043
224100,43.2596610754229
224200,43.2721678694547
224300,43.3360501649412
224400,43.2341719110839
224500,43.2319031941981
224600,43.1412326439293
224700,43.0015640592319
224800,42.8351811083994
224900,42.6629888269666
225000,42.5351066409478
225100,42.5021244086422
225200,42.4283322776956
225300,42.3212622081287
225400,42.2695778454213
225500,42.1728727792268
225600,42.1861732688695
225700,42.1608811563741
225800,42.2104378582626
225900,42.1999982956409
226000,42.098639845145
226100,42.0560145718537
226200,42.02974284749
226300,42.0217833703639
226400,42.0683079610094
226500,42.0611930943147
226600,42.0885838514215
226700,42.1839427534412
226800,42.322609469056
226900,42.4248716748275
227000,42.4010889309793
227100,42.4534554196171
227200,42.5813468449515
227300,42.6336128388824
227400,42.6538659657711
227500,42.6121266141004
227600,42.5211198022371
227700,42.516903443695
227800,42.5000775073438
227900,42.4395294074481
228000,42.4914000363907
228100,42.5178033430762
228200,42.5212478130488
228300,42.5209427330725
228400,42.5688453968494
228500,42.5812219451152
228600,42.6152601866547
228700,42.5885986426393
228800,42.5442738697248
228900,42.5678613994215
229000,42.5632473564015
229100,42.5584268150596
229200,42.4843832787308
229300,42.4056341824297
229400,42.3491218688936
229500,42.3590529509786
229600,42.4302968233846
229700,42.4216989599276
229800,42.370735688726
229900,42.4191080117392
230000,42.3455785674749
230100,42.3174055002988
230200,42.3409721330275
230300,42.3393359400448
230400,42.303144843235
230500,42.2587720738422
230600,42.2891180314195
230700,42.3080398015688
230800,42.3155246510436
230900,42.3133382772358
231000,42.384145521175
231100,42.433575025193
231200,42.4626147638285
231300,42.5319999641344
231400,42.5039929684314
231500,42.4462129359779
231600,42.3722042336107
231700,42.260293300965
231800,42.252115017049
231900,42.2307803420182
232000,42.2513824468974
232100,42.2607436249805
232200,42.2582957049359
232300,42.232127954786
232400,42.2337521955983
232500,42.3251293679945
232600,42.3212134747597
232700,42.2645264742446
232800,42.2587456598744
232900,42.2384221913079
233000,42.2407763070944
233100,42.2060321406727
233200,42.201524162196
233300,42.2192658342528
233400,42.2998004134164
233500,42.3682798109963
233600,42.4940793414825
233700,42.6696802793891
233800,42.766189211122
233900,42.7546394794035
234000,42.8388567916138
234100,42.7880483600131
234200,42.792971906172
234300,42.7944749042629
234400,42.767617667126
234500,42.7167726961866
234600,42.6610047693322
234700,42.6984691027166
234800,42.7452305428103
234900,42.7707580380975
235000,42.757392894898
235100,42.7913942358936
235200,42.7082989056344
235300,42.6829360137944
235400,42.616771958245
235500,42.6619609402156
235600,42.6260890351539
235700,42.5200208737086
235800,42.4322047728492
235900,42.4570743120967
236000,42.485617129958
236100,42.5077693293509
236200,42.510845285837
236300,42.5384365591678
236400,42.5440731785341
236500,42.5639405310757
236600,42.5198147169278
236700,42.5408590196072
236800,42.529637413861
236900,42.5663448818843
237000,42.5555792775131
237100,42.5089750011789
237200,42.6128705450484
237300,42.5911579274579
237400,42.6660816337371
237500,42.6855936790615
237600,42.6421257148043
237700,42.7420379225733
237800,42.7852320276007
237900,42.7875749272809
238000,42.7786643893598
238100,42.8094154167923
238200,42.7775610349752
238300,42.7350440010257
238400,42.7446735789014
238500,42.7306427687125
238600,42.796499323331
238700,42.8284158820189
238800,42.8435347811331
238900,42.7774953883295
239000,42.8433488273524
239100,42.8396817110978
239200,42.8235806991869
239300,42.8228294316892
239400,42.8139687641828
239500,42.8298960261695
239600,42.8419584728552
239700,42.8540532464592
239800,42.8728290061719
239900,42.8821675402113
240000,42.9141042176731
240100,42.8338686361013
240200,42.8790071877424
240300,42.8690350663448
240400,42.8086009503668
240500,42.8235013415091
240600,42.8529721955988
240700,42.8205119616357
240800,42.7854740520836
240900,42.8027954380419
241000,42.736953826409
241100,42.7118101837191
241200,42.6411889330119
241300,42.5976157685019
241400,42.644989965139
241500,42.58192830206
241600,42.608556922001
241700,42.5564751572278
241800,42.5347961079541
241900,42.4509730376337
242000,42.3501254766396
242100,42.399089878074
242200,42.3670037185744
242300,42.3292928706905
242400,42.3938560063972
242500,42.284011486971
242600,42.2564022408498
242700,42.2393648384156
242800,42.2262264433498
242900,42.2423772946375
243000,42.2382449784212
243100,42.2687851449325
243200,42.3214206758865
243300,42.3757516392993
243400,42.3085659449907
243500,42.3962715487416
243600,42.3491496283548
243700,42.4136828745005
243800,42.4980399244681
243900,42.5847247176875
244000,42.6407518408659
244100,42.7026244427998
244200,42.7829219562098
244300,42.9123075757681
244400,42.8854785572621
244500,42.9320049196443
244600,42.9474058044115
244700,43.0509874617529
244800,43.1199157194871
244900,43.1528161850424
245000,43.234385923405
245100,43.2855765749836
245200,43.3653302916626
245300,43.3841974779031
245400,43.47953251337
245500,43.443624538064
245600,43.4043833090032
245700,43.3520402128198
245800,43.3238899232572
245900,43.2751403861033
246000,43.2590468421164
246100,43.2573340844517
246200,43.2361490522626
246300,43.228424887636
246400,43.2658841927312
246500,43.3527976537248
246600,43.3756702030299
246700,43.3461808099585
246800,43.2947842106892
246900,43.2360181307726
247000,43.2297514387992
247100,43.2406243260206
247200,43.1158149895426
247300,43.1232305212091
247400,43.0438151054328
247500,43.0485090926168
247600,43.1821580318258
247700,43.1849441375314
247800,43.1902070660092
247900,43.2780482773773
248000,43.2660941066289
248100,43.1364124652708
248200,43.0871533227326
248300,43.1119605537709
248400,43.1520756134857
248500,43.1114534623433
248600,43.0307115746356
248700,42.9362468707264
248800,42.9135352761569
248900,42.9031629807907
249000,42.8202572210415
249100,42.7374557319699
249200,42.8142694817357
249300,42.8358178676938
249400,42.8067356572075
249500,42.7755119361269
249600,42.7288513210964
249700,42.7199642632317
249800,42.6624012548019
249900,42.5764024916063
250000,42.6223042595133
250100,42.7019279365679
250200,42.7307996189611
250300,42.6287657806194
250400,42.5691718075841
250500,42.46278821932
250600,42.5015414625045
250700,42.5671967743106
250800,42.5869240405999
250900,42.5941134973651
251000,42.7132059150906
251100,42.7828461840357
251200,42.7176703608794
251300,42.6238637419913
251400,42.598449238961
251500,42.5963547320079
251600,42.5531136100885
251700,42.5138675259239
251800,42.559009830109
251900,42.6010095299811
252000,42.5273063955735
252100,42.5063465859497
252200,42.4765040368898
252300,42.4525748628332
252400,42.4283721443589
252500,42.5511739861914
252600,42.5168763855765
252700,42.4868152333258
252800,42.5130667694036
252900,42.5304211106564
253000,42.5423629516673
253100,42.5658936551638
253200,42.6640810324765
253300,42.7234354813808
253400,42.7649340844765
253500,42.7988617813945
253600,42.8174361066857
253700,42.8123491610979
253800,42.7567615545638
253900,42.7454080234751
254000,42.7997232702167
254100,42.8206654903223
254200,42.8163415603705
254300,42.9385072750322
254400,42.9961840596881
254500,42.9954416537709
254600,43.0565262167941
254700,43.0111895646078
254800,43.0125536892458
254900,43.0975028448027
255000,43.0042310375468
255100,42.9549544568534
255200,42.8777562924197
255300,42.8608036195499
255400,42.8012092230082
255500,42.7185181719873
255600,42.7318180163388
255700,42.757548864241
255800,42.7138348321635
255900,42.7069041646583
256000,42.6429683417036
256100,42.4823116828035
256200,42.538645010436
256300,42.5120482531364
256400,42.4442707349408
256500,42.4344642553234
256600,42.3141853414037
256700,42.2206140406866
256800,42.1617037285485
256900,42.0788593839985
257000,42.0612663793983
257100,42.0212892473177
257200,42.0394671366706
257300,42.0167363249828
257400,42.0166131273553
257500,42.0643546886586
257600,42.0586541642355
257700,42.0580091486409
257800,42.0652224283371
257900,42.0763841847578
258000,42.1237326643973
258100,42.2193312671169
258200,42.1775841957418
258300,42.0584932320135
258400,42.0406667885545
258500,41.9446467396904
258600,42.0549490521298
258700,42.1240197154815
258800,42.1424215192007
258900,42.084799255001
259000,42.0519841237758
259100,42.0077984628184
259200,41.9046150164267
259300,41.8739951108711
259400,41.77268472772
259500,41.6902047285924
259600,41.685085488553
259700,41.6672667365451
259800,41.6680400253694
259900,41.6436112888336
260000,41.643942961717
260100,41.6434967316196
260200,41.6345086894901
260300,41.7597863813704
260400,41.7393947229194
260500,41.8346350421436
260600,41.7959725227304
260700,41.7771236178626
260800,41.7918392742556
260900,41.8562918610285
261000,41.8331001849525
261100,41.848997691342
261200,41.9130153373076
261300,41.9196802010913
261400,41.9258528952243
261500,42.0116984715125
261600,42.0059815536919
261700,42.0371972002212
261800,42.019364791488
261900,42.0387055767457
262000,42.0538701896373
262100,42.0454918003946
262200,42.0170539531354
262300,41.9610342189387
262400,42.0550991798195
262500,42.0220702354486
262600,41.9943654574992
262700,42.0449702580434
262800,42.0686274110418
262900,42.0631301153736
263000,42.1068778644136
263100,42.1405676712934
263200,42.10958042589
263300,42.0845344043055
263400,42.2134680436547
263500,42.2001638821847
263600,42.202520099929
263700,42.2057293967844
263800,42.3062853722675
263900,42.2716545575125
264000,42.2042724393115
264100,42.2574389598187
264200,42.2433906618254
264300,42.2236723695975
264400,42.1724724990108
264500,42.1842897905684
264600,42.1319462995402
264700,42.1375786718977
264800,42.1634073967769
264900,42.1720544533158
265000,42.1978165454675
265100,42.2141307334592
265200,42.2754027432334
265300,42.2782474696538
265400,42.2262275334259
265500,42.1318143663818
265600,42.1631204206407
265700,42.1170294787929
265800,42.0420297548925
265900,41.9638497910059
266000,41.9930834542513
266100,41.9894919941118
266200,41.9797476180638
266300,42.0294594811255
266400,42.0252080606137
266500,41.948812015119
266600,42.0278878130253
266700,42.0068540666458
266800,41.9609672396755
266900,41.9639324910435
267000,41.9767788923364
267100,41.972298383504
267200,41.9503934753633
267300,42.0227025878025
267400,42.0527626297284
267500,42.1175759130137
267600,42.0973469839918
267700,42.1267789943418
267800,42.1979959819786
267900,42.2971321567006
268000,42.2118827903912
268100,42.1851153756933
268200,42.1986092129845
268300,42.1432963043072
268400,42.1599710576621
268500,42.1704381302616
268600,42.1234009904029
268700,42.1072952336392
268800,42.1577132787836
268900,42.1395453012533
269000,42.011573002669
269100,41.8912636175444
269200,41.8598261318967
269300,41.8274268163296
269400,41.7973076658493
269500,41.7375997227773
269600,41.6588199076458
269700,41.6465038287536
269800,41.6048219779945
269900,41.5434062065689
270000,41.575621644931
270100,41.5248509975152
270200,41.4889247574045
270300,41.4057760692359
270400,41.3970529964897
270500,41.4272700535859
270600,41.4319494968876
270700,41.4580057416037
270800,41.3722510256867
270900,41.3308180173613
271000,41.3854257372261
271100,41.4644707511535
271200,41.4399631864576
271300,41.494041755682
271400,41.5304521349437
271500,41.6056480091037
271600,41.6916150469619
271700,41.6870227713795
271800,41.692838650519
271900,41.8003186982843
272000,41.9101054718951
272100,42.0307435751054
272200,42.1530534848033
272300,42.2853064145056
272400,42.2318404408968
272500,42.2332985245674
272600,42.2451240185191
272700,42.255928125968
272800,42.2962168801828
272900,42.3235505639104
273000,42.3449784791618
273100,42.4094929812374
273200,42.4784230296146
273300,42.4275744827182
273400,42.3814098091702
273500,42.3756004909763
273600,42.3377657883156
273700,42.3554305647232
273800,42.391296682344
273900,42.3350303218965
274000,42.3281508177084
274100,42.3124712542246
274200,42.261021481355
274300,42.2122228268197
274400,42.2676926507842
274500,42.2664535026362
274600,42.2881667130521
274700,42.3433148306789
274800,42.3976279250624
274900,42.3689260472448
275000,42.3950536154883
275100,42.3214427298984
275200,42.3304395914437
275300,42.3233111634233
275400,42.4347304492642
275500,42.4602606431026
275600,42.5200792312881
275700,42.5747819126798
275800,42.6070476432851
275900,42.6429829025782
276000,42.6398351622346
276100,42.585545746992
276200,42.6020530803723
276300,42.6255246354003
276400,42.6974008689653
276500,42.7696975552732
276600,42.730972724398
276700,42.679950016559
276800,42.6539921207185
276900,42.6512864752209
277000,42.6861809946911
277100,42.7017150021165
277200,42.6865598572358
277300,42.6970725078534
277400,42.6784761354304
277500,42.6936962584589
277600,42.6820731510906
277700,42.6176380875977
277800,42.5787921348094
277900,42.6532308665922
278000,42.6450383720918
278100,42.6559822434824
278200,42.605143428912
278300,42.6597050402898
278400,42.6239265302896
278500,42.6396287279141
278600,42.6970332624674
278700,42.7369303409131
278800,42.7615344907238
278900,42.8772414128966
279000,42.8896649406705
279100,42.9743359781794
279200,42.9320677672379
279300,42.8919873010459
279400,42.9158889117615
279500,42.9488220079832
279600,42.9904143304793
279700,42.9840780437592
279800,42.8907275098624
279900,42.8010923653761
280000,42.7547006205935
280100,42.7551983287397
280200,42.7831483559465
280300,42.6582609534699
280400,42.6964933753529
280500,42.7108786444388
280600,42.7319171758754
280700,42.7454331227915
280800,42.6116284920293
280900,42.5375989653482
281000,42.5131698417645
281100,42.4492769292807
281200,42.4240130317181
281300,42.457622980456
281400,42.370027083841
281500,42.3217901136752
281600,42.2635247467774
281700,42.2648451293397
281800,42.2762015644302
281900,42.2364086641311
282000,42.199337894481
282100,42.2272801571006
282200,42.2374511312132
282300,42.3349175358158
282400,42.2991189148519
282500,42.2833687057065
282600,42.2216551452385
282700,42.1828954576501
282800,42.2850571536755
282900,42.3745411565603
283000,42.4062956095586
283100,42.3853900338457
283200,42.4348804322644
283300,42.4664096593152
283400,42.4370000230272
283500,42.4003021723705
283600,42.4264016907034
283700,42.4333250913714
283800,42.4261678908984
283900,42.503637926009
284000,42.5760246591321
284100,42.4241261937653
284200,42.3557601289308
284300,42.2321406672575
284400,42.1624753454191
284500,42.1285209756231
284600,42.1463304023232
284700,42.1049040959623
284800,42.0860468482625
284900,41.96937833985
285000,41.9482394244098
285100,41.8995082558565
285200,41.8804595763577
285300,41.823741526338
285400,41.8356306142093
285500,41.8159073861331
285600,41.741505417469
285700,41.7649392092116
285800,41.7869607925724
285900,41.6544474291384
286000,41.6157470286694
286100,41.6956425607591
286200,41.7664372270129
286300,41.8685019932986
286400,41.9744027380219
286500,41.9742512098739
286600,41.9816826539544
286700,41.9868985603709
286800,42.0039729825727
286900,42.0285547654464
287000,42.0217119822337
287100,42.0935959203424
287200,42.1778630164613
287300,42.267415746461
287400,42.3164851083702
287500,42.3892576089206
287600,42.4751612551548
287700,42.4578059789896
287800,42.4626634427356
287900,42.6111634346217
288000,42.6612096993045
288100,42.6568580567078
288200,42.6123478096617
288300,42.5972621445526
288400,42.5353092132085
288500,42.5610395980039
288600,42.562367281917
288700,42.5990718497541
288800,42.555731653538
288900,42.4492772226079
289000,42.4267671678559
289100,42.4737520913423
289200,42.3814469553212
289300,42.3432838355895
289400,42.2307549668624
289500,42.2168390675649
289600,42.2731703375029
289700,42.2419160754021
289800,42.279024316161
289900,42.2428898101368
290000,42.2280748949687
290100,42.2487760734071
290200,42.2743633436386
290300,42.242001558194
290400,42.2676533068772
290500,42.2505703253562
290600,42.2293229259434
290700,42.288696328397
290800,42.2885071450051
290900,42.3906381833555
291000,42.408991298222
291100,42.326603332273
291200,42.382537106211
291300,42.3433647660667
291400,42.4297191386304
291500,42.4053232155272
291600,42.2646979815184
291700,42.3118834254871
291800,42.2642782586519
291900,42.2677148660905
292000,42.2618752905505
292100,42.251337663766
292200,42.2009152256023
292300,42.2606244379894
292400,42.2519490875884
292500,42.2281393355563
292600,42.2735262095678
292700,42.1812438222387
292800,42.2113941705008
292900,42.2105081480561
293000,42.2135126598172
293100,42.159690218747
293200,42.1055313082501
293300,42.1271331067896
293400,42.2038899672286
293500,42.2197262579304
293600,42.3526083184506
293700,42.3127468174974
293800,42.2983586953954
293900,42.314681225258
294000,42.3318681111285
294100,42.3660682774773
294200,42.4567924914281
294300,42.4044037062378
294400,42.3912978325957
294500,42.3941765618664
294600,42.3050121991266
294700,42.3344218009844
294800,42.2536549335961
294900,42.2531807487292
295000,42.2364133129963
295100,42.3340049319062
295200,42.367942707997
295300,42.3827318783018
295400,42.3154673795626
295500,42.3126593238538
295600,42.2455318640564
295700,42.2862773883734
295800,42.3549387462092
295900,42.3403010394592
296000,42.303884093415
296100,42.2643534008321
296200,42.1824829063965
296300,42.16600985172
296400,42.1732652742348
296500,42.1494896471992
296600,42.1844062521564
296700,42.1343243207738
296800,42.1828577525939
296900,42.1182713482587
297000,42.133959941919
297100,42.1574262485031
297200,42.1819669769981
297300,42.2235368403496
297400,42.2841280861433
297500,42.3420906391287
297600,42.3209168190756
297700,42.3012809382551
297800,42.2280084918831
297900,42.2181621792138
298000,42.1921635682246
298100,42.2379836868445
298200,42.2811157822261
298300,42.3970562705685
298400,42.4567084969872
298500,42.5050222924057
298600,42.5510817341502
298700,42.5692204692904
298800,42.6045204816866
298900,42.7399274010691
299000,42.6977456569119
299100,42.6318375999539
299200,42.5898693445928
299300,42.595415674597
299400,42.5358133998777
299500,42.5134167187129
299600,42.5155403729408
299700,42.4959753251415
299800,42.406123320679
299900,42.4614348307688
300000,42.446727535654
300100,42.4289629644146
300200,42.4669666200168
300300,42.3883270525301
300400,42.336389959186
300500,42.2822937173288
300600,42.2696709174859
300700,42.3329278600163
300800,42.3163708595704
300900,42.2935387923914
301000,42.3675083115957
301100,42.4501089420567
301200,42.4595327201789
301300,42.4430708365452
301400,42.4715135360614
301500,42.459315643924
301600,42.466577772186
301700,42.3905202556511
301800,42.4872530287946
301900,42.4130375679382
302000,42.4657202589076
302100,42.3298187495844
302200,42.2169858490629
302300,42.2091737035151
302400,42.1458461928287
302500,42.1694235168184
302600,42.203868996837
302700,42.1765887120393
302800,42.1452455152777
302900,42.0926136261803
303000,42.0217436261297
303100,41.9112501893072
303200,41.870605098579
303300,41.7945484118382
303400,41.7649819224366
303500,41.7536076227351
303600,41.7648980583704
303700,41.8368380420601
303800,41.782166940856
303900,41.8518026092333
304000,41.8470233094333
304100,41.9341391713499
304200,41.9749879547847
304300,41.8666189950794
304400,41.8968317699015
304500,41.9446232641878
304600,41.8289168763529
304700,41.8650630842712
304800,41.9093053169088
304900,41.9966390599666
305000,41.9799112187156
305100,42.0468521921149
305200,42.0941892775571
305300,42.2168540232536
305400,42.2025657556335
305500,42.1984943646502
305600,42.212007291083
305700,42.2761774153591
305800,42.442303733555
305900,42.4424979438889
306000,42.4599383304224
306100,42.5254241979563
306200,42.5644840635181
306300,42.6681994863082
306400,42.7434014984598
306500,42.7093069589473
306600,42.7329535483751
306700,42.7027719287935
306800,42.7059675892291
306900,42.6901920464338
307000,42.714122172357
307100,42.717975372104
307200,42.7247230734099
307300,42.6534299991233
307400,42.6795089571478
307500,42.7657903373419
307600,42.7560000898868
307700,42.7383862280781
307800,42.6362593955408
307900,42.5998169502059
308000,42.6438856435761
308100,42.5963988605427
308200,42.5975634801765
308300,42.6068139847378
308400,42.5837183483076
308500,42.5493373579575
308600,42.5906308595879
308700,42.5953426108739
308800,42.6161372181847
308900,42.5536529721303
309000,42.5816760739981
309100,42.5112261780492
309200,42.545468310236
309300,42.5428049734658
309400,42.5870054731512
309500,42.5077706163834
309600,42.4602436477336
309700,42.4330862655688
309800,42.457175022886
309900,42.4749280641333
310000,42.3820404706725
310100,42.450642813991
310200,42.3749484660758
310300,42.374210819415
310400,42.2929354313738
310500,42.3051029633633
310600,42.3196230858785
310700,42.3808286682312
310800,42.4284352239037
310900,42.520342695194
311000,42.5449574433353
311100,42.6698365425888
311200,42.6455886959732
311300,42.7087984670715
311400,42.6785125635696
311500,42.7533906789225
311600,42.819862508438
311700,42.7271833960316
311800,42.7191012966022
311900,42.7264649818909
312000,42.7910229252294
312100,42.73491792426
312200,42.8409069216973
312300,42.8750096608288
312400,42.9408019062788
312500,43.0203905898785
312600,43.0676689346195
312700,42.9596286360773
312800,42.9143145117541
312900,42.9312181307542
313000,42.8293713418566
313100,42.799104918772
313200,42.8216107770334
313300,42.8449891042204
313400,42.8751274452278
313500,42.8493403398713
313600,42.845235849722
313700,42.9582528850054
313800,42.9078623688569
313900,42.784568181307
314000,42.7088560890499
314100,42.7431769210157
314200,42.7675878709154
314300,42.7408321770462
314400,42.7874128757737
314500,42.7656208004739
314600,42.8046309147555
314700,42.7888362399581
314800,42.8250155998167
314900,42.7023045260889
315000,42.7051698383633
315100,42.6509471995758
315200,42.5426415354593
315300,42.4432336860131
315400,42.3867703323226
315500,42.3482507395384
315600,42.3159526058673
315700,42.3552865900724
315800,42.3761271152467
315900,42.4739528535216
316000,42.4757946672076
316100,42.4788177657376
316200,42.4895110896062
316300,42.4961569693624
316400,42.4523231674377
316500,42.4511925137591
316600,42.3984460805861
316700,42.4561004646055
316800,42.3914728348231
316900,42.4293280704299
317000,42.5210421356305
317100,42.5741595615785
317200,42.6862077523685
317300,42.6912112574379
317400,42.7071871629945
317500,42.7878171941701
317600,42.7914312236795
317700,42.7581340112265
317800,42.7854623316955
317900,42.7374566247412
318000,42.74919713461
318100,42.7082163865408
318200,42.5891632499218
318300,42.6231064655834
318400,42.63839574376
318500,42.6011717577101
318600,42.5665338255892
318700,42.5623541600026
318800,42.6036737869098
318900,42.6242108286494
319000,42.5819705073249
319100,42.6181154267984
319200,42.6077829882053
319300,42.690366547083
319400,42.7386535438722
319500,42.6604648676712
319600,42.5900547301414
319700,42.5305910095669
319800,42.5600048791987
319900,42.6224436126576
320000,42.640686496046
320100,42.7276120461058
320200,42.7942425582707
320300,42.7741540434778
320400,42.7351140144186
320500,42.6375263508058
320600,42.5861440689407
320700,42.4818405944251
320800,42.3632183492655
320900,42.3228220434893
321000,42.3551580902605
321100,42.2870926304679
321200,42.2176706335051
321300,42.1451673351609
321400,42.1336679141559
321500,42.1664831855074
321600,42.2298923618416
321700,42.2887720428452
321800,42.2955655886063
321900,42.292835822724
322000,42.3174276863288
322100,42.2803261387661
322200,42.2874101983794
322300,42.29440748416
322400,42.3508737182522
322500,42.4416704318114
322600,42.5132029460782
322700,42.608592310605
322800,42.7086353155324
322900,42.666727940791
323000,42.6012402882796
323100,42.6047951191698
323200,42.6160908288485
323300,42.6052520377851
323400,42.5136237643508
323500,42.4915320068827
323600,42.473409867324
323700,42.4015984102263
323800,42.344497515991
323900,42.3409392372722
324000,42.3490157315697
324100,42.3567202290779
324200,42.3682110156171
324300,42.3090298092527
324400,42.2571739962462
324500,42.244686859902
324600,42.2292856821614
324700,42.1513851787191
324800,42.1433173029481
324900,42.1859751650473
325000,42.1983298247525
325100,42.2611742010765
325200,42.2488131996471
325300,42.3206255507032
325400,42.3895035681463
325500,42.376015752195
325600,42.4215477073474
325700,42.4878920527299
325800,42.5343985880523
325900,42.4843723436023
326000,42.5239900963297
326100,42.5176530960754
326200,42.5329030614176
326300,42.5921667892695
326400,42.6090214635505
326500,42.6563899559381
326600,42.721595279744
326700,42.7714143960853
326800,42.7701363832434
326900,42.8432599068194
327000,42.8096313246703
327100,42.7696450772068
327200,42.8036572638311
327300,42.7655628746607
327400,42.7296297100649
327500,42.6039819874043
327600,42.5151342756379
327700,42.4912940310297
327800,42.4778222639162
327900,42.556391004429
328000,42.4617223071308
328100,42.3926703619906
328200,42.2458697608462
328300,42.2389691750939
328400,42.2869672417884
328500,42.2624794994824
328600,42.216063077818
328700,42.1539200609984
328800,42.1457383420709
328900,42.1284727761248
329000,42.1451156627051
329100,42.0739220455145
329200,42.1028172412599
329300,42.0670111554925
329400,42.1088662198918
329500,42.2534477664197
329600,42.2905810854395
329700,42.3191125303249
329800,42.3226622437396
329900,42.2974426793425
330000,42.4302427197657
330100,42.5329726545753
330200,42.7386985906067
330300,42.7932884943457
330400,42.7991524460117
330500,42.806800375645
330600,42.7369817193035
330700,42.8424442020024
330800,42.8277217755092
330900,42.8438097725997
331000,42.8446016732361
331100,42.914946577702
331200,42.9211417559666
331300,42.9380775012977
331400,42.9113722587246
331500,42.8842064745594
331600,42.935722126667
331700,42.9159851329946
331800,42.9177771315108
331900,42.9025420558257
332000,42.8062575401975
332100,42.762685177922
332200,42.6816756461184
332300,42.647618627699
332400,42.6668129386165
332500,42.7147602507221
332600,42.8303342685975
332700,42.8774320455071
332800,42.8907968328831
332900,42.9457601465647
333000,42.9734692053312
333100,43.017988600089
333200,43.0604741346463
333300,43.1043949263256
333400,43.1965999304263
333500,43.1974608299858
333600,43.1938352058881
333700,43.1931366076032
333800,43.1561240572205
333900,43.2284449462676
334000,43.2745409970492
334100,43.2675679025908
334200,43.2481067753519
334300,43.2617864346906
334400,43.1931883816185
334500,43.2124097079752
334600,43.1655875231762
334700,43.1119228701118
334800,43.1361158437086
334900,43.0294715288616
335000,43.064319621116
335100,43.0083088044496
335200,42.8838493654372
335300,42.8536101590424
335400,42.7465022314083
335500,42.7263924455687
335600,42.6381674900822
335700,42.571651312715
335800,42.5862959680252
335900,42.4832441472759
336000,42.4549568484824
336100,42.471154887237
336200,42.4754726843608
336300,42.5010568770663
336400,42.5481376682799
336500,42.5080069240109
336600,42.533989112652
336700,42.5069394738774
336800,42.5195628178083
336900,42.5439730167068
337000,42.5124845441279
337100,42.5008857622958
337200,42.6270800562369
337300,42.6714235879373
337400,42.7312777144227
337500,42.7274350796956
337600,42.881329876112
337700,42.9833786585393
337800,42.9970806640572
337900,43.0819747819015
338000,43.0699181558518
338100,43.054200781838
338200,43.106393119702
338300,43.1387989901866
338400,43.1037359479617
338500,43.0981827349714
338600,43.1261292290634
338700,43.2172841600885
338800,43.2341033359239
338900,43.1860784498931
339000,43.1820037270024
339100,43.2210389130441
339200,43.1359811813303
339300,43.0912167790167
339400,43.051118361423
339500,43.1152705196252
339600,43.004516553884
339700,42.956306602856
339800,42.9839614506472
339900,42.9481910705831
340000,42.969866850795
340100,42.8713882620332
340200,42.7900903769505
340300,42.7364335764289
340400,42.6918946177435
340500,42.6451053594948
340600,42.5421455080215
340700,42.4179798132968
340800,42.3471855176945
340900,42.3856518474211
341000,42.3706116339028
341100,42.3217271489882
341200,42.3109621323748
341300,42.3165754136162
341400,42.331181345958
341500,42.2507737561126
341600,42.3099715100506
341700,42.340610794988
341800,42.2335376352403
341900,42.1491958762537
342000,42.0747202390199
342100,42.0840240672545
342200,42.133233205298
342300,42.1151390072654
342400,42.1871374557492
342500,42.2038403057569
342600,42.293928021932
342700,42.3594868077415
342800,42.3855472418885
342900,42.4265364233491
343000,42.4246970510079
343100,42.4258831647914
343200,42.4526364103424
343300,42.5184808014997
343400,42.4493914131998
343500,42.5019276629487
343600,42.4362228414462
343700,42.3967945035389
343800,42.520968378965
343900,42.6184903958886
344000,42.6548785030628
344100,42.6440046901986
344200,42.6415417708281
344300,42.6868619924051
344400,42.6714110540887
344500,42.6621681880101
344600,42.6902020224254
344700,42.716947573284
344800,42.7414402494111
344900,42.645462877128
345000,42.6635795223695
345100,42.7196014969647
345200,42.7227193743103
345300,42.7168190759574
345400,42.7968246559263
345500,42.7511290798524
345600,42.7615688156739
345700,42.8554338787555
345800,42.8359923932912
345900,42.8813368110526
346000,42.9235415011008
346100,43.0816423561538
346200,43.1402724570115
346300,43.1274759746055
346400,43.0174652014655
346500,43.054853543334
346600,42.9565848000039
346700,42.9068741473457
346800,42.9521404090024
346900,43.0440864267694
347000,43.0527065897906
347100,43.0272775316796
347200,43.0055053571555
347300,42.9793424448542
347400,42.9298054226981
347500,42.8934886016819
347600,42.8386836436241
347700,42.7472124592208
347800,42.7398235973659
347900,42.6907521481555
348000,42.6014634145544
348100,42.5281631074302
348200,42.438554265031
348300,42.4217818695587
348400,42.4960596427801
348500,42.5234148189357
348600,42.5799784702291
348700,42.5892144414265
348800,42.5812760678301
348900,42.6169060273883
349000,42.6090523045094
349100,42.6767212638197
349200,42.7376304054033
349300,42.7515538484791
349400,42.8168378274774
349500,42.881997633235
349600,43.0390789002563
349700,43.0964474335623
349800,43.1015669675559
349900,43.1122413507234
350000,43.1803054401251
350100,43.2648235243856
350200,43.3460389643572
350300,43.3518518854834
350400,43.3720558562795
350500,43.4309868754031
350600,43.4336446928997
350700,43.4896038166484
350800,43.4099755448924
350900,43.3945597023367
351000,43.3873611451988
351100,43.3639663275785
351200,43.3381060300476
351300,43.3478737037191
351400,43.3556912749961
351500,43.3326789994965
351600,43.2889283294332
351700,43.3080117645756
351800,43.2550005856458
351900,43.2830116595862
352000,43.2830332730709
352100,43.1915794208605
352200,43.144201281186
352300,43.1540634690621
352400,43.1500570209298
352500,43.0469299063873
352600,43.0395504157682
352700,42.9982733427566
352800,42.9650761379712
352900,42.8823847887218
353000,42.8612501732514
353100,42.7629552839533
353200,42.6304618337131
353300,42.6245881465681
353400,42.5696872461427
353500,42.6140738499491
353600,42.5983553732023
353700,42.4964487990877
353800,42.5499804671393
353900,42.4793144644844
354000,42.5058175653142
354100,42.5147771681416
354200,42.4448978714057
354300,42.4238818851273
354400,42.3782516972765
354500,42.362271111888
354600,42.3164959502349
354700,42.2667669704324
354800,42.3183621693586
354900,42.344789775013
355000,42.3024567708956
355100,42.3024039883989
355200,42.3452782803269
355300,42.3252735285597
355400,42.3600468784667
355500,42.3716133838535
355600,42.3668877683948
355700,42.4477979781177
355800,42.3944880376371
355900,42.4462504105826
356000,42.397867651417
356100,42.4093742913989
356200,42.4615319950462
356300,42.4495994563443
356400,42.4618485135658
356500,42.4813261379394
356600,42.5039776013624
356700,42.5601140480525
356800,42.5816726014187
356900,42.5852367160142
357000,42.7022909190557
357100,42.785844719236
357200,42.8633358175332
357300,42.9329589495666
357400,42.9516823789589
357500,43.0295954719261
357600,43.129460057789
357700,43.1485588306591
357800,43.1909973967577
357900,43.2389361774128
358000,43.2770891231613
358100,43.2437816040635
358200,43.2970989711827
358300,43.4376963860563
358400,43.4593178389068
358500,43.4624884195014
358600,43.4975795051269
358700,43.5136056228415
358800,43.502650069988
358900,43.500624489596
359000,43.5259356987409
359100,43.497005811677
359200,43.5432864786486
359300,43.5737107498746
359400,43.6234157839414
359500,43.5947756252724
359600,43.5455124434863
359700,43.485140917217
359800,43.3496824531455
359900,43.2972780289246
360000,43.3447023256121
360100,43.3847459815369
360200,43.3246099161376
360300,43.2727972984557
360400,43.2902364657066
360500,43.2222436860949
360600,43.1907213395822
360700,43.2139616531411
360800,43.2382172367344
360900,43.3015135405568
361000,43.2261098970482
361100,43.2127334235127
361200,43.2144343379417
361300,43.0521381495126
361400,42.8768883117248
361500,42.8439455061844
361600,42.8319968518671
361700,42.8246292374873
361800,42.9543072532704
361900,42.9605401223249
362000,42.9327715766433
362100,42.8672152920156
362200,42.9420301588924
362300,42.8895254630403
362400,42.8975561723524
362500,43.0015321270908
362600,43.0093103993659
362700,42.9360854630501
362800,42.9156404756478
362900,42.8466826258039
363000,42.8283494953968
363100,42.8045229934086
363200,42.6880225512825
363300,42.7693831958716
363400,42.86673695599
363500,42.8819843255233
363600,42.892037147618
363700,42.9294100258009
363800,42.8841916130414
363900,42.8340161018894
364000,42.8268010622252
364100,42.9104346332613
364200,42.8631883673429
364300,42.8542222648476
364400,42.7611206181256
364500,42.7483024755508
364600,42.7470868976096
364700,42.6939032356883
364800,42.663758716665
364900,42.662841573995
365000,42.6974439856707
365100,42.7116326567721
365200,42.7063780651261
365300,42.678027331907
365400,42.6831876442742
365500,42.6620790444952
365600,42.6632489945779
365700,42.6800867865265
365800,42.6790455053989
365900,42.7295425477776
366000,42.761228661058
366100,42.6676729208675
366200,42.6607723147024
366300,42.6592062556657
366400,42.6639516408645
366500,42.6235034728616
366600,42.5332780013684
366700,42.606473678931
366800,42.613355256983
366900,42.6421235612627
367000,42.6280167045833
367100,42.6215605063347
367200,42.6606881486881
367300,42.6762237461009
367400,42.6967928854729
367500,42.7339734694908
367600,42.6745809740556
367700,42.6212073134345
367800,42.5925717626313
367900,42.5369153234957
368000,42.499946126881
368100,42.4658236562024
368200,42.4557261925108
368300,42.4623957918707
368400,42.4714710382746
368500,42.4616732822991
368600,42.563828666907
368700,42.5513261443663
368800,42.5334480897723
368900,42.4893850588624
369000,42.4928741825753
369100,42.4871221020222
369200,42.5122153418423
369300,42.4975602367021
369400,42.5214640349728
369500,42.5011927223973
369600,42.5597199040442
369700,42.5804692165975
369800,42.5892863829494
369900,42.618437168021
370000,42.5787407619861
370100,42.642682494539
370200,42.688166829589
370300,42.605340719904
370400,42.5709789280124
370500,42.544697399378
370600,42.5138038525503
370700,42.445908378586
370800,42.4578317276689
370900,42.496061156945
371000,42.4379931842047
371100,42.3774678808843
371200,42.348112404211
371300,42.3690758163952
371400,42.3025624612883
371500,42.3052121931174
371600,42.2580344988532
371700,42.262117881171
371800,42.2736969736373
371900,42.2788286668577
372000,42.3461687003245
372100,42.3133855044053
372200,42.3070221504511
372300,42.4062173609481
372400,42.4806765855477
372500,42.5792388739277
372600,42.6060338901939
372700,42.7174345388673
372800,42.7139528095249
372900,42.7299342595649
373000,42.8368317497924
373100,43.0041043562461
373200,43.0839859419762
373300,43.1167772904181
373400,43.1304331411285
373500,43.1213342012187
373600,43.2202044385562
373700,43.2658434205585
373800,43.3637877751762
373900,43.4505142625749
374000,43.4404898923467
374100,43.5781706219924
374200,43.614485265252
374300,43.6554854895096
374400,43.6788265032978
374500,43.6849050528451
374600,43.6910454721954
374700,43.5990801486022
374800,43.6473743003653
374900,43.6237982782482
375000,43.5471772735754
375100,43.4545263805013
375200,43.4038963358735
375300,43.4185408437675
375400,43.5018215486126
375500,43.5031209713908
375600,43.4571329039017
375700,43.4495398248529
375800,43.4301488307527
375900,43.4174621439247
376000,43.4381852095123
376100,43.354301491666
376200,43.3024774101238
376300,43.3102779637826
376400,43.2966646313744
376500,43.2225655575504
376600,43.1907265292353
376700,43.2433194408155
376800,43.2764366781728
376900,43.2730539522031
377000,43.2536733135564
377100,43.2025793705418
377200,43.1933164776489
377300,43.1341304457587
377400,43.0442881761109
377500,43.0451256419141
377600,43.0521970425738
377700,43.0518094358858
377800,43.0283937941678
377900,42.9513864179642
378000,42.8906158531062
378100,42.9303812021225
378200,42.9619260624822
378300,42.8776656322692
378400,42.8049700505541
378500,42.832448048506
378600,42.8543682299677
378700,42.8083882085364
378800,42.7809467029031
378900,42.802242717347
379000,42.7990243700473
379100,42.8029652692613
379200,42.8169854613569
379300,42.8352188896782
379400,42.8721985844935
379500,42.8479260358787
379600,42.8659964684127
379700,42.8622038681116
379800,42.8347033255219
379900,42.8897065238604
380000,42.9685234290065
380100,42.9453407675528
380200,42.9000778365875
380300,42.9906059949882
380400,43.0965393972246
380500,43.1497947012872
380600,43.1517785158692
380700,43.1833023541965
380800,43.1956937290441
380900,43.1921254108762
381000,43.2841121762446
381100,43.3696394537967
381200,43.3756800944421
381300,43.3202890985055
381400,43.3310872303841
381500,43.338606027959
381600,43.2492545607436
381700,43.2837138249308
381800,43.2783669526452
381900,43.2275613306367
382000,43.1870481971088
382100,43.2163588353154
382200,43.2321889090096
382300,43.182957643529
382400,43.0882903979959
382500,43.0052622573542
382600,42.9669852062848
382700,42.9084103495697
382800,42.8747515585473
382900,42.8484261725788
383000,42.7081753992095
383100,42.6254645956607
383200,42.613676684828
383300,42.6755096788684
383400,42.6829883122538
383500,42.7212377738313
383600,42.800350435274
383700,42.7008076508984
383800,42.730539527213
383900,42.7354131739247
384000,42.6927575505244
384100,42.6029858715704
384200,42.5803615654183
384300,42.5526301583339
384400,42.4848854081557
384500,42.4117303769636
384600,42.3850192642515
384700,42.4467486422609
384800,42.5073431839248
384900,42.470544134336
385000,42.4859828587228
385100,42.4980158376397
385200,42.4389029913386
385300,42.3748455361371
385400,42.3514839949691
385500,42.2876983343382
385600,42.1986190822297
385700,42.2318633751428
385800,42.1744426555293
385900,42.1840189681601
386000,42.2025845001659
386100,42.2348443836197
386200,42.25364086525
386300,42.281237593746
386400,42.3693140846822
386500,42.4205005698495
386600,42.4821632028094
386700,42.4137395073811
386800,42.3124652333309
386900,42.2636481692955
387000,42.2430507151553
387100,42.2160744425712
387200,42.1430563649616
387300,42.1007755988717
387400,42.0635226609196
387500,42.0448999943822
387600,42.0715894123326
387700,42.0770483959062
387800,42.1174919029209
387900,42.1061522281423
388000,42.1067595321977
388100,42.0912589315739
388200,42.0857799278187
388300,41.9872999006119
388400,41.9574810979595
388500,41.9450862433361
388600,41.9045963841774
388700,41.9526591011476
388800,41.9670490437248
388900,42.0509153265896
389000,42.1265742006775
389100,42.1137616432715
389200,42.238440898264
389300,42.3505410448205
389400,42.3557298987219
389500,42.3400922760671
389600,42.3286176584569
389700,42.3138032417104
389800,42.3596619917735
389900,42.3962826767297
390000,42.3953964338359
390100,42.4336770527369
390200,42.4055393033513
390300,42.534401504878
390400,42.5626063150804
390500,42.6079642021834
390600,42.5879882275772
390700,42.6085297310555
390800,42.636330621576
390900,42.5746033941812
391000,42.5689195484461
391100,42.5822023778897
391200,42.5526347467756
391300,42.5158741356083
391400,42.5648894976387
391500,42.6579907420589
391600,42.7471083946903
391700,42.7415470636118
391800,42.7634091238588
391900,42.7253432111372
392000,42.7053460037812
392100,42.6949828950572
392200,42.7403244332193
392300,42.6997575632566
392400,42.7521484622098
392500,42.760168049155
392600,42.7863831299029
392700,42.8007794430238
392800,42.8318492296533
392900,42.8839563905469
393000,42.9587556880228
393100,43.1185154971235
393200,43.1761919700722
393300,43.1817613763898
393400,43.2041050132013
393500,43.1849188280015
393600,43.145752253115
393700,43.1872441147459
393800,43.0283594772852
393900,43.0451639144383
394000,43.0417123443888
394100,43.0221621851301
394200,42.9951116567988
394300,42.9870601165125
394400,42.8977554204388
394500,42.8430623301383
394600,42.867730187281
394700,42.7946341867665
394800,42.7158650491749
394900,42.6564037659231
395000,42.5282182823507
395100,42.4536175178457
395200,42.3414443090955
395300,42.367569857934
395400,42.3876823148081
395500,42.4033788552965
395600,42.3733255472871
395700,42.3702472532253
395800,42.5370052792332
395900,42.584403564918
396000,42.6229092000337
396100,42.7089734462818
396200,42.7455043060046
396300,42.6971830600848
396400,42.7343972998265
396500,42.788619395507
396600,42.8006091130119
396700,42.924339281582
396800,43.0373067494966
396900,43.1612633176347
397000,43.2044214214583
397100,43.2058561922083
397200,43.2942328826255
397300,43.2821282100219
397400,43.259720276768
397500,43.2447855190827
397600,43.2929353310662
397700,43.2479016705345
397800,43.2586480139583
397900,43.2363707001539
398000,43.2146156554901
398100,43.2091873748156
398200,43.2263215009729
398300,43.2771414344227
398400,43.3269513700508
398500,43.3635650422892
398600,43.3720370440608
398700,43.3428221079272
398800,43.3029462994821
398900,43.2851083660004
399000,43.3201463443044
399100,43.3672789455656
399200,43.4020368877071
399300,43.4933841021393
399400,43.4751846085372
399500,43.4515925642512
399600,43.4652887213574
399700,43.4985305860924
399800,43.3681469458495
399900,43.3227023802867
400000,43.2799724945894
400100,43.2373006705473
400200,43.1802998691665
400300,43.2118665830163
400400,43.1873331860539
400500,43.2047281244996
400600,43.1797328790688
400700,43.0994636871195
400800,42.9819770561723
400900,42.8525990604755
401000,42.8733435011777
401100,42.8030976113955
401200,42.8501426124715
401300,42.7506708106626
401400,42.7383325105026
401500,42.7778662557689
401600,42.7655115994233
401700,42.8383632115806
401800,42.9496594594437
401900,42.9556436872271
402000,42.9723749209764
402100,43.0143469590403
402200,43.0347249805495
402300,43.039203660975
402400,43.0063773704916
402500,43.0120268755838
402600,42.9970338983474
402700,42.9825027156325
402800,43.0735991302107
402900,43.1720667466557
403000,43.0746087878591
403100,43.0224436975943
403200,42.8845868848436
403300,42.9095830494252
403400,42.8397144947236
403500,42.7501665099019
403600,42.7246645057821
403700,42.6124434020214
403800,42.5112542431078
403900,42.4340142836693
404000,42.4309365335655
404100,42.3880584049314
404200,42.3618361800087
404300,42.3608298164147
404400,42.4323536944329
404500,42.3387023581096
404600,42.3169329936218
404700,42.3204630560615
404800,42.2483819101621
404900,42.1556652893939
405000,42.2226082447247
405100,42.2414953971246
405200,42.3451024446843
405300,42.29444758102
405400,42.3974631444907
405500,42.3935110766078
405600,42.3649348924977
405700,42.4009782761034
405800,42.4551116915554
405900,42.5330057774606
406000,42.5944182435458
406100,42.5461567002287
406200,42.5149080980485
406300,42.5037833320936
406400,42.42900770598
406500,42.3992477877515
406600,42.3661287509464
406700,42.4309535507711
406800,42.5040050601419
406900,42.5057768489716
407000,42.3907175202891
407100,42.3954453672024
407200,42.3454644150913
407300,42.3112606477456
407400,42.280987135946
407500,42.2978565984197
407600,42.3879499105062
407700,42.3708745976475
407800,42.3794470837286
407900,42.3453916562185
408000,42.3376374324872
408100,42.3511820369214
408200,42.3960028863227
408300,42.3335474607413
408400,42.3134717552146
408500,42.3731286837408
408600,42.4252557491269
408700,42.2843981668731
408800,42.2640211019279
408900,42.302837049027
409000,42.3188427084656
409100,42.3538805502339
409200,42.3585385952594
409300,42.4421343751858
409400,42.4276739012348
409500,42.4463095594589
409600,42.381227062679
409700,42.4054863775521
409800,42.3686507727757
409900,42.4232916810834
410000,42.2803003707964
410100,42.1768061397552
410200,42.1311105313057
410300,42.1451017514102
410400,42.1350188990594
410500,42.1316134936201
410600,42.1202565193112
410700,42.127899567695
410800,42.0544110108909
410900,42.0112804879998
411000,42.0466128362398
411100,41.9779764259655
411200,41.9618605577523
411300,41.9116849541443
411400,41.9234086597975
411500,41.9247108675687
411600,41.8938124046558
411700,41.8804937697392
411800,41.867290174113
411900,41.8449153678615
412000,41.9154607536997
412100,42.048736039866
412200,42.038203485114
412300,42.0275351379543
412400,42.0304501936434
412500,41.9789257514201
412600,41.9908901205088
412700,42.0331479084693
412800,42.0934503479722
412900,42.1252672249507
413000,42.1645982040205
413100,42.1546905846242
413200,42.1913103554435
413300,42.1677334541766
413400,42.1062166645331
413500,42.1111996643656
413600,42.1438621647651
413700,42.2171712522265
413800,42.1715365663729
413900,42.1198184175513
414000,42.1292368925455
414100,42.0934544888062
414200,42.0616362959608
414300,42.0707640399115
414400,42.064929893498
414500,42.0268089278967
414600,42.0014779319589
414700,42.0235559069977
414800,41.9872712743767
414900,41.9927914173729
415000,41.9507924613027
415100,41.9879050254211
415200,41.8857833462247
415300,41.9166336361543
415400,41.9309847307769
415500,41.9339972144529
415600,41.9244071914678
415700,41.8136473480106
415800,41.8292766994438
415900,41.8408203259752
416000,41.8543907895573
416100,41.866066488322
416200,41.9934337860971
416300,42.0118097644202
416400,42.0852095689111
416500,42.0794345685659
416600,42.09662021959
416700,42.0812691791336
416800,42.1108347205415
416900,42.1498367869222
417000,42.1553040390399
417100,42.1530076867742
417200,42.2822076544531
417300,42.173996730415
417400,42.2081768099815
417500,42.1762828267942
417600,42.1109521374128
417700,42.1298885702745
417800,42.1286315251003
417900,42.0535242694967
418000,42.0553673004888
418100,41.9806264467618
418200,41.876360753079
418300,41.9077476512081
418400,41.8112035667262
418500,41.8578951405381
418600,41.844028867816
418700,41.787713382113
418800,41.7343795970501
418900,41.6662920500837
419000,41.6717209271128
419100,41.6259045276048
419200,41.5665643381757
419300,41.6520305384372
419400,41.6553604120362
419500,41.5952027508998
419600,41.658875959628
419700,41.6870129804602
419800,41.6718543685875
419900,41.8191017747865
420000,41.8831163615131
