ms,CN0_dBHz
100,36.7295256913929
200,39.0306502662599
300,39.8100078503179
400,39.70891386427
500,40.0886408208963
600,40.3321129213263
700,40.4623331034232
800,40.6422456051675
900,40.7724979784318
1000,40.8571652666888
1100,40.9398425199949
1200,40.9938533372449
1300,41.0725047860135
1400,41.1567468319836
1500,41.2372993771701
1600,41.3356483696109
1700,41.4181388658555
1800,41.5060648537367
1900,41.5851481636967
2000,41.6103783607758
2100,42.1377411241421
2200,42.1026130197389
2300,42.0918208737686
2400,42.2623649349182
2500,42.3135932395241
2600,42.3257736695588
2700,42.3714112866093
2800,42.3622663857668
2900,42.3396771341598
3000,42.3712225220208
3100,42.4300215001121
3200,42.4891220225283
3300,42.4719859945323
3400,42.431223881265
3500,42.3933538059212
3600,42.3060542766939
3700,42.1890891721262
3800,42.1119577466469
3900,42.0157323781359
4000,42.0130749321998
4100,41.958405925562
4200,42.0260505781939
4300,42.0944508771779
4400,42.0996860380634
4500,42.1056247420223
4600,42.0599739000548
4700,42.0011049916492
4800,41.9572653690237
4900,41.9885807230298
5000,42.0316696113016
5100,41.9942821350018
5200,41.9352758904456
5300,41.8659296482371
5400,41.9079754503164
5500,41.8770477441797
5600,41.9211856994761
5700,42.0262792576738
5800,42.0385611875429
5900,42.1050526813341
6000,42.1109984101239
6100,42.1306029780667
6200,42.1026561002798
6300,42.1135154980218
6400,42.1357194502757
6500,42.105734300333
6600,42.1908960813213
6700,42.2660387709961
6800,42.3126015640806
6900,42.3229116053951
7000,42.3081099400788
7100,42.3593762539759
7200,42.3792512648998
7300,42.473276780075
7400,42.4855134720644
7500,42.4591828386546
7600,42.4542121715937
7700,42.3849627307683
7800,42.2874279746118
7900,42.2823124809595
8000,42.2908855132028
8100,42.2489504666831
8200,42.2837519271131
8300,42.2982528675345
8400,42.3070858119446
8500,42.37015035554
8600,42.36602684135
8700,42.4076895570482
8800,42.3763772512485
8900,42.4221202251499
9000,42.4103193951808
9100,42.3868032732493
9200,42.4250708472976
9300,42.4152889998733
9400,42.3537277918579
9500,42.4186955520689
9600,42.3834939971233
9700,42.3984497946016
9800,42.4991121158927
9900,42.5184585940614
10000,42.4779717239323
10100,42.4157266857162
10200,42.4198695729708
10300,42.4163815481098
10400,42.3419827907648
10500,42.312562572232
10600,42.3447408012204
10700,42.351239254337
10800,42.4051850402137
10900,42.3490609849135
11000,42.3795634278829
11100,42.327367027689
11200,42.3254903123564
11300,42.3059897149046
11400,42.3284604536878
11500,42.3290354609764
11600,42.2891021216156
11700,42.2751408706158
11800,42.2391300586085
11900,42.1226848392381
12000,42.1323327261013
12100,42.2010954376341
12200,42.1628756774678
12300,42.1703751565028
12400,42.2440506743773
12500,42.2912175356576
12600,42.2621407292194
12700,42.2900893189738
12800,42.3655475852009
12900,42.4120086981676
13000,42.5036649010294
13100,42.6505761172871
13200,42.8283961796626
13300,43.0213403958612
13400,43.1937246444462
13500,43.2584559062048
13600,43.3762381321425
13700,43.4879846753721
13800,43.5204153998025
13900,43.5710349364299
14000,43.5273457281686
14100,43.5617652320814
14200,43.5552749138912
14300,43.5198350045814
14400,43.5521651705815
14500,43.5369624180698
14600,43.5829126472497
14700,43.552144588005
14800,43.5542160285629
14900,43.571130158145
15000,43.5060676789209
15100,43.576366431849
15200,43.5657667616426
15300,43.5365078281151
15400,43.3912755154885
15500,43.3901485230223
15600,43.3513524067123
15700,43.3294637298915
15800,43.3557413287074
15900,43.2856541526807
16000,43.2493415366947
16100,43.1449192668347
16200,43.0422135390241
16300,43.0522978242356
16400,42.9743246517108
16500,42.9418671094371
16600,42.8368731618527
16700,42.7596139297173
16800,42.668696095382
16900,42.5810193686937
17000,42.5497048106176
17100,42.4657473894704
17200,42.4005509261702
17300,42.3486763819658
17400,42.3876473339792
17500,42.3318006435112
17600,42.2906461956844
17700,42.3067918418797
17800,42.2794348157438
17900,42.269460859716
18000,42.2900994985225
18100,42.335872811399
18200,42.3686163102358
18300,42.4002390578366
18400,42.4462486543246
18500,42.4764079165491
18600,42.5733887923964
18700,42.6536165882283
18800,42.7321109945058
18900,42.8119785920686
19000,42.8899071225972
19100,43.0328896723229
19200,43.1795676235509
19300,43.2219917046328
19400,43.3131450795106
19500,43.4234416697577
19600,43.5017296540024
19700,43.5039742187397
19800,43.5399168207247
19900,43.5605233909683
20000,43.5858458086917
20100,43.6036272447856
20200,43.6338802034845
20300,43.5717695688663
20400,43.5207710173353
20500,43.446099697479
20600,43.3765075452227
20700,43.3318076323643
20800,43.2462942088214
20900,43.2294814099674
21000,43.2186735218447
21100,43.1908501926584
21200,43.1840092813218
21300,43.2321709447734
21400,43.2048659930706
21500,43.1280282133778
21600,43.0917566356908
21700,43.0164341815325
21800,42.9981848087625
21900,43.0186434433515
22000,42.9571150139951
22100,42.9014549998206
22200,42.8725658727793
22300,42.8931345431832
22400,42.9114968097336
22500,42.945734319625
22600,42.936242837282
22700,42.9525913646248
22800,43.0286129692989
22900,43.0530473559649
23000,43.0357861137477
23100,43.0410776188144
23200,42.9444316524836
23300,42.9413435604959
23400,42.9296106577172
23500,43.0130422903595
23600,43.0494565283218
23700,43.0482122004479
23800,43.0139731203351
23900,42.9453299371274
24000,42.9494647224225
24100,42.9918696649169
24200,43.0418228611782
24300,43.0494711730116
24400,43.1102570197764
24500,43.1901756746325
24600,43.2648411597348
24700,43.2991058465437
24800,43.3040486314467
24900,43.3242709756329
25000,43.3352713838024
25100,43.3163840585438
25200,43.3372966756715
25300,43.3137068108617
25400,43.2663911608967
25500,43.2426017725773
25600,43.2245154810252
25700,43.213587877783
25800,43.2007044526454
25900,43.1938486641093
26000,43.0897919838047
26100,42.981000427428
26200,42.8756213229933
26300,42.8418548252113
26400,42.7347317326987
26500,42.6579164519469
26600,42.6308919341551
26700,42.637547421645
26800,42.6399726045414
26900,42.6459119661626
27000,42.6884199245107
27100,42.6880324176229
27200,42.672056484947
27300,42.7178158251021
27400,42.8691633030261
27500,42.930827452366
27600,43.0059744466215
27700,43.0772385643652
27800,43.1351322782092
27900,43.1391531688182
28000,43.1480873282547
28100,43.102531271836
28200,42.9883493830524
28300,42.8990237381628
28400,42.88422353123
28500,42.87826711555
28600,42.8800575433598
28700,42.8821653320305
28800,42.872477058108
28900,42.8495210778001
29000,42.7943872309593
29100,42.8123610560487
29200,42.8345295123148
29300,42.8357875081386
29400,42.8278732312199
29500,42.8390989193893
29600,42.7763654636565
29700,42.7117569217928
29800,42.6952313052477
29900,42.6447366068667
30000,42.621108660517
30100,42.6827854059357
30200,42.8189242104793
30300,42.963941578684
30400,42.9789134337638
30500,42.8701234241619
30600,42.8869746758387
30700,42.92058947405
30800,42.8748386243694
30900,42.8030839964582
31000,42.7935439956642
31100,42.7792519951479
31200,42.7750282659121
31300,42.7588264751457
31400,42.6863018030471
31500,42.7048566656127
31600,42.7468572282592
31700,42.7960105010521
31800,42.8242412913037
31900,42.8621109475858
32000,42.9560354291926
32100,43.0395549900072
32200,43.1002794369439
32300,43.1418986021372
32400,43.17106561087
32500,43.2881994068096
32600,43.3365681804321
32700,43.2566668725518
32800,43.2728101572546
32900,43.3230433116298
33000,43.3421616792365
33100,43.3906149128106
33200,43.3038389856557
33300,43.307393175916
33400,43.3822150822499
33500,43.3288777502868
33600,43.2498080559571
33700,43.1865031964097
33800,43.1468324173359
33900,43.0247412295747
34000,42.84226478524
34100,42.7678159584847
34200,42.7368556555091
34300,42.6772222778778
34400,42.6492807653707
34500,42.5773843167032
34600,42.5059742848864
34700,42.5133875399064
34800,42.5430432752716
34900,42.5784342493986
35000,42.611604551833
35100,42.5990558068284
35200,42.5887323564423
35300,42.5153561412386
35400,42.5656882506524
35500,42.5352778426138
35600,42.5553394524559
35700,42.4699017919973
35800,42.3843240715688
35900,42.3782048722735
36000,42.3841733884788
36100,42.3725427950055
36200,42.3616113114949
36300,42.3272883888187
36400,42.3266190637422
36500,42.3500875826577
36600,42.3868335241942
36700,42.4757198007767
36800,42.449910442688
36900,42.470897689933
37000,42.4743269719016
37100,42.4181193181618
37200,42.3611400579109
37300,42.3991614632148
37400,42.3760095135828
37500,42.4122122633632
37600,42.4068111773511
37700,42.467015408671
37800,42.4966773110048
37900,42.4395422295579
38000,42.4440530105763
38100,42.4459431687887
38200,42.4003277112728
38300,42.429977874227
38400,42.4456474731915
38500,42.4598525878609
38600,42.477216710892
38700,42.4756386728435
38800,42.5003259441356
38900,42.5071861956878
39000,42.5938106991051
39100,42.6418747355283
39200,42.7000437168148
39300,42.7101207225595
39400,42.7222222125068
39500,42.6777353260344
39600,42.6915457629015
39700,42.7407418288171
39800,42.7624450379258
39900,42.7883326361863
40000,42.8195609028113
40100,42.84440363695
40200,42.8401458044616
40300,42.8237117483667
40400,42.8192160994337
40500,42.7965018867543
40600,42.7493000695834
40700,42.7195292876836
40800,42.7285915240792
40900,42.6913743007138
41000,42.5835716016494
41100,42.5726192276602
41200,42.5958057217703
41300,42.6076141071427
41400,42.5897805370011
41500,42.6144126210282
41600,42.636667025016
41700,42.6011995098333
41800,42.6364796777814
41900,42.6596359245155
42000,42.6006752378631
42100,42.4831350372913
42200,42.4870821300859
42300,42.4872685751074
42400,42.4779552162722
42500,42.4224596185811
42600,42.4565844980136
42700,42.4759198888848
42800,42.4591169501749
42900,42.5373785517551
43000,42.6114330861175
43100,42.6504000066583
43200,42.6373437592041
43300,42.6927355179101
43400,42.7897925794181
43500,42.8665308488465
43600,42.8698726989768
43700,42.8852426555872
43800,42.8744592322608
43900,42.8392230254622
44000,42.8430306709754
44100,42.8368455368833
44200,42.8484720197306
44300,42.8654466314561
44400,42.849799011179
44500,42.8971905298373
44600,42.9208006276738
44700,43.0088074706728
44800,43.0572310541638
44900,43.0060093487843
45000,43.0156451835161
45100,42.9698262438241
45200,42.9507405812553
45300,42.9078107997428
45400,42.8642719446103
45500,42.8511413083237
45600,42.8987496933257
45700,42.9211938847147
45800,42.9020472296695
45900,42.9100082576558
46000,42.9110535730602
46100,42.9439224961592
46200,42.9586428163183
46300,42.928960461204
46400,42.935765045164
46500,42.9552592140268
46600,42.9313285490416
46700,42.8546235815825
46800,42.8188584252186
46900,42.8542529531387
47000,42.8749086225271
47100,42.9198732697338
47200,42.9675841503456
47300,42.9402285941188
47400,42.9410965080826
47500,42.9318832427735
47600,42.9115009624002
47700,42.8994523858472
47800,42.9673742538511
47900,42.9920012735627
48000,43.0087259922356
48100,43.0038930870437
48200,43.0005361933459
48300,43.0419116184642
48400,43.0577068660639
48500,43.0811407857062
48600,43.1276326267294
48700,43.139725426388
48800,43.1171614556917
48900,43.1663076325738
49000,43.1128132989493
49100,43.0887682255534
49200,43.0646946333387
49300,43.0316392930535
49400,42.9960079277832
49500,42.9725998852565
49600,42.9454996592378
49700,42.9253226980449
49800,42.8894184688727
49900,42.8807793265327
50000,42.8325140234286
50100,42.8041837582835
50200,42.8182945419409
50300,42.8034048609207
50400,42.8278799871875
50500,42.8257340819846
50600,42.7776810225415
50700,42.6923590107186
50800,42.70654618993
50900,42.6973011116362
51000,42.7478278653253
51100,42.7739119981045
51200,42.7571475088534
51300,42.8109625007117
51400,42.8517475195751
51500,42.8645022791694
51600,42.886105949561
51700,42.9199212861914
51800,42.9735606188621
51900,43.0406304678139
52000,43.1265242219517
52100,43.1265937302072
52200,43.0508518061388
52300,43.08831990153
52400,42.9951114555165
52500,42.9870067118684
52600,42.9693842786426
52700,43.0547800234686
52800,43.0669057231949
52900,42.9676042781043
53000,42.9177770660755
53100,42.8638813291964
53200,42.9098572715468
53300,42.8653081065772
53400,42.8408586180853
53500,42.8580472006315
53600,42.8436580645884
53700,42.843067688127
53800,42.8039050312826
53900,42.7804464123883
54000,42.7568746288436
54100,42.7684692736969
54200,42.8651405951578
54300,42.8743023927666
54400,42.9568240917522
54500,42.9650591843972
54600,43.0634707202341
54700,43.0527457950976
54800,43.0433958190283
54900,43.0884786612558
55000,43.1850640800041
55100,43.2476229777177
55200,43.2213375537422
55300,43.2441315719663
55400,43.3209689255865
55500,43.288191914708
55600,43.2097699268424
55700,43.0939840270046
55800,43.1096937790433
55900,43.0441697481218
56000,43.0592250189993
56100,43.1087274080413
56200,43.0180742219004
56300,42.9615390991352
56400,42.914434012158
56500,42.8914373095513
56600,42.8519050915564
56700,42.8847949428465
56800,42.9038188777982
56900,42.9171978458341
57000,42.8637730927382
57100,42.8521057147387
57200,42.8482088206534
57300,42.879357971653
57400,42.8383262949734
57500,42.8489932457212
57600,42.9301662993712
57700,42.974426084714
57800,42.9387657429817
57900,42.9834315671265
58000,42.9628692884196
58100,42.8982140952464
58200,42.9425662863108
58300,42.9861824339579
58400,43.052632395748
58500,43.0060168366999
58600,43.0267380980381
58700,43.0633405257739
58800,43.0778061055018
58900,43.09645265784
59000,43.1328600374674
59100,43.1380405550098
59200,43.2208986434877
59300,43.2236194318849
59400,43.2334554687404
59500,43.2239324532783
59600,43.246309915624
59700,43.2604106811574
59800,43.2030443473382
59900,43.1269840954717
60000,43.1295232002617
60100,43.1074195159972
60200,43.1061324802358
60300,43.0079568033654
60400,42.9128439630004
60500,42.7839178160569
60600,42.6432097503435
60700,42.5697375097969
60800,42.4932398292752
60900,42.3898244915482
61000,42.3034559244225
61100,42.2611822750446
61200,42.1856473778175
61300,42.1717524643749
61400,42.1926021446333
61500,42.2174615506394
61600,42.2074604998524
61700,42.1957265741597
61800,42.2432192168239
61900,42.2113697274338
62000,42.1439139559964
62100,42.1951269803862
62200,42.1953942678439
62300,42.2209506690486
62400,42.1983016117966
62500,42.2420510056182
62600,42.2460685965556
62700,42.2133166248833
62800,42.2081942828259
62900,42.2143375474877
63000,42.309023258701
63100,42.3542195807876
63200,42.3331307342439
63300,42.3972505927712
63400,42.4581870743869
63500,42.4597719663801
63600,42.4762861884329
63700,42.4823969019028
63800,42.475598679733
63900,42.4851196503819
64000,42.5173748099637
64100,42.4613363633732
64200,42.4819252318207
64300,42.5237149373351
64400,42.6046199865179
64500,42.6450535401774
64600,42.6739219843879
64700,42.6744315418103
64800,42.6790868204099
64900,42.6813914594559
65000,42.6444670802826
65100,42.5735715837192
65200,42.6542794296657
65300,42.6159892254406
65400,42.6123667287406
65500,42.6156159044526
65600,42.5427365904549
65700,42.5635270249141
65800,42.5861085416965
65900,42.6400310951403
66000,42.6034343846535
66100,42.6231406097332
66200,42.5977575932566
66300,42.6192956443059
66400,42.5844662721429
66500,42.5641057566525
66600,42.5758288626294
66700,42.5825361127127
66800,42.5892581843114
66900,42.5629638062559
67000,42.5065940958759
67100,42.5468827042327
67200,42.4111382262622
67300,42.3682678110728
67400,42.3596832135505
67500,42.3953774499315
67600,42.4077594480026
67700,42.3611422558693
67800,42.3419397172573
67900,42.2802312022884
68000,42.2829224234379
68100,42.2941636395847
68200,42.2969585393847
68300,42.2501007792467
68400,42.1920996323525
68500,42.1610440905264
68600,42.0955947889224
68700,42.0314379808833
68800,42.0204947197664
68900,42.0605765867636
69000,42.0763040516112
69100,42.0458478883725
69200,42.0852969381141
69300,42.1272320898975
69400,42.0764219742485
69500,42.016526494674
69600,41.9817706254178
69700,41.9875224890097
69800,41.9864209796178
69900,41.9979719009765
70000,41.9401413473506
70100,41.8772072869981
70200,41.7850444480321
70300,41.742030213628
70400,41.7355426995903
70500,41.679790368525
70600,41.6690814544599
70700,41.5798607519233
70800,41.5094525144701
70900,41.3975056344612
71000,41.4389509593924
71100,41.4576040545291
71200,41.5094016580559
71300,41.5280983499474
71400,41.6109961000648
71500,41.7379800310495
71600,41.8358135801111
71700,41.8761045827722
71800,41.9780735148047
71900,42.1088223750405
72000,42.3241270964
72100,42.6398451015499
72200,43.0764931267483
72300,43.1147713999852
72400,43.1416923728065
72500,43.1197200090956
72600,43.086480281009
72700,43.1552822609719
72800,43.1323638299123
72900,43.2120341184417
73000,43.1847883541782
73100,43.1214278456756
73200,43.1529840616988
73300,43.1892422787082
73400,43.1974489348095
73500,43.1797284609909
73600,43.0834601705729
73700,43.091482421678
73800,43.0224077764053
73900,42.9449178662773
74000,42.8923166978471
74100,42.840788868237
74200,42.7863282709183
74300,42.8006904881189
74400,42.7775870900807
74500,42.7644408154359
74600,42.8028081510493
74700,42.7634680375646
74800,42.728693032766
74900,42.5997292664858
75000,42.5856089955517
75100,42.5862320214639
75200,42.52440102894
75300,42.4483962845239
75400,42.3788754583773
75500,42.3530826711509
75600,42.4079922356854
75700,42.4457514180085
75800,42.4900968074533
75900,42.454273271802
76000,42.485541904563
76100,42.4621780308944
76200,42.4818975801082
76300,42.5049357712339
76400,42.5026362260019
76500,42.583580313581
76600,42.6066330243794
76700,42.5945629263334
76800,42.5600540763976
76900,42.6631784851641
77000,42.7267773684445
77100,42.7002220635108
77200,42.661477939339
77300,42.5919082582586
77400,42.5678558375119
77500,42.5805126038512
77600,42.5609879160052
77700,42.4451423281623
77800,42.4409645768159
77900,42.5098386591974
78000,42.515001963605
78100,42.5110409924392
78200,42.5548252955329
78300,42.5253994991624
78400,42.6131784678326
78500,42.5747559832289
78600,42.6351215560338
78700,42.6905521063123
78800,42.8241845008385
78900,42.9361220240461
79000,42.9429476401115
79100,43.0551029231529
79200,43.1232636814577
79300,43.2119272853998
79400,43.2215891163175
79500,43.2567371362632
79600,43.2791332461515
79700,43.341840311876
79800,43.3802817754003
79900,43.3589732016333
80000,43.3659155540937
80100,43.3683772102727
80200,43.3360149932953
80300,43.3368528831434
80400,43.3221284901308
80500,43.3157409035315
80600,43.2210995719853
80700,43.1769069600163
80800,43.1433524399769
80900,43.0767473399655
81000,43.0071712393726
81100,42.8709040561142
81200,42.8493894349173
81300,42.8631752738004
81400,42.752995821116
81500,42.7453003867326
81600,42.7136458545684
81700,42.6663888503112
81800,42.6897474586035
81900,42.6301819703524
82000,42.6305731487992
82100,42.7619392302488
82200,42.8075882764032
82300,42.8566438096375
82400,42.7883082851208
82500,42.7676702572482
82600,42.775958151055
82700,42.8454850766637
82800,42.873754267243
82900,42.8366124114865
83000,42.7994036846355
83100,42.81180512543
83200,42.7130841326754
83300,42.6546619981713
83400,42.6638660289473
83500,42.6014968849767
83600,42.5235753494845
83700,42.5075178159095
83800,42.4345406029449
83900,42.4922550239476
84000,42.4852411779752
84100,42.4777493143148
84200,42.4756131963116
84300,42.4420158588383
84400,42.4632703437399
84500,42.4580701297147
84600,42.4085754233905
84700,42.3297809570221
84800,42.1985402550065
84900,42.1429082970593
85000,42.0910780894343
85100,42.1384565275642
85200,42.1419733899979
85300,42.1289016250764
85400,42.1702709878045
85500,42.1779692503189
85600,42.2263600717201
85700,42.2067554541285
85800,42.1995537594746
85900,42.1342385836899
86000,42.1399279816171
86100,42.1001859545661
86200,42.0911657957318
86300,42.1194616810399
86400,42.15540683872
86500,42.1683835794877
86600,42.2011607476192
86700,42.2472013376695
86800,42.294391671733
86900,42.3501944614555
87000,42.4089983097247
87100,42.3698675584687
87200,42.4234582872772
87300,42.4867887376557
87400,42.477715787725
87500,42.5349097988919
87600,42.5799014854993
87700,42.6522938641977
87800,42.7088647761196
87900,42.778567068027
88000,42.7509727824181
88100,42.7177327128796
88200,42.6306249357076
88300,42.5321039577296
88400,42.4878291648011
88500,42.4760195784743
88600,42.5101487298084
88700,42.5006253336103
88800,42.56571259163
88900,42.5915421146618
89000,42.5735121579601
89100,42.5610597812375
89200,42.6183173043321
89300,42.6029605781129
89400,42.6102695685924
89500,42.5610540208453
89600,42.5385355031151
89700,42.587381056667
89800,42.6045366865992
89900,42.4872587312989
90000,42.4489782528374
90100,42.4631587126344
90200,42.5530378946724
90300,42.5876803089477
90400,42.5949914067513
90500,42.609679543771
90600,42.5913034755743
90700,42.6114648651373
90800,42.566607016471
90900,42.5317989753999
91000,42.5363152111238
91100,42.5203998750183
91200,42.4504575396443
91300,42.4600944769933
91400,42.3995316824954
91500,42.4486819302874
91600,42.5103631752547
91700,42.5941203028102
91800,42.5983366237427
91900,42.567749229206
92000,42.5785011468609
92100,42.5753154312633
92200,42.6297938719316
92300,42.6859919795
92400,42.7491140286292
92500,42.8087411163147
92600,42.9514463858073
92700,42.9163717548788
92800,42.9170636097724
92900,42.9272228755031
93000,42.951638295593
93100,43.0053933938842
93200,42.9870627930481
93300,42.9883907018864
93400,43.0917411168733
93500,43.1894921930275
93600,43.2704533959676
93700,43.3004486010776
93800,43.3600583294206
93900,43.4040406644163
94000,43.4199035816315
94100,43.4010931200956
94200,43.4250240118366
94300,43.4456496464096
94400,43.4116983860065
94500,43.4487582477992
94600,43.4130078865987
94700,43.4686039548571
94800,43.411996211749
94900,43.3519428634749
95000,43.3247743006195
95100,43.3095628651037
95200,43.3371733951477
95300,43.2746857051686
95400,43.2056555676322
95500,43.1054526998956
95600,43.0465302732929
95700,43.0230845907065
95800,43.0629818037341
95900,43.1141332521416
96000,43.0766255495683
96100,43.0418194265444
96200,42.9725749848828
96300,42.9487608724868
96400,42.9778888370792
96500,42.9922466923136
96600,42.9560847455949
96700,42.8786064343328
96800,42.9165864807343
96900,42.8758477142669
97000,42.865967169446
97100,42.8368946261864
97200,42.7764786953067
97300,42.8023647011785
97400,42.8431774464846
97500,42.8527539566443
97600,42.8469030372633
97700,42.8839083252699
97800,42.9094465365086
97900,42.8560826352454
98000,42.8064600869466
98100,42.8597036358356
98200,42.9576058939793
98300,42.9002139202065
98400,42.8699515355978
98500,42.8198757385784
98600,42.8105794217279
98700,42.7827528629976
98800,42.7110875779985
98900,42.7111291057629
99000,42.6809751163342
99100,42.7447526244013
99200,42.7773247572355
99300,42.7928634032949
99400,42.7861512583788
99500,42.8105441130004
99600,42.8334379864239
99700,42.8014681494572
99800,42.7555681225785
99900,42.701669800686
100000,42.7873309400276
100100,42.7245877968888
100200,42.7382907004932
100300,42.8006576333225
100400,42.7901796004452
100500,42.7496114101948
100600,42.7522387084275
100700,42.7999359290058
100800,42.8164076754947
100900,42.8233835746923
101000,42.8542920488361
101100,42.8222258896449
101200,42.830505451294
101300,42.8737622199793
101400,42.9461174577695
101500,42.9444373853205
101600,42.9257178863753
101700,42.9160956809272
101800,42.9162368882054
101900,43.0154460573913
102000,42.9725198086783
102100,43.0632398168188
102200,43.0201188370714
102300,43.0339667165301
102400,42.9960012982109
102500,43.0204066983716
102600,42.9781148406061
102700,42.9402264206533
102800,42.9144339871056
102900,42.9019599804057
103000,42.91918294126
103100,42.8933683080257
103200,42.8329853472169
103300,42.7950349347307
103400,42.6455487931025
103500,42.6284322820953
103600,42.6174930448312
103700,42.5859708177919
103800,42.5460894158026
103900,42.4010521541537
104000,42.332747767667
104100,42.3011072190663
104200,42.2826557355925
104300,42.2462852527654
104400,42.2304230754851
104500,42.117649041539
104600,42.1628297579542
104700,42.2254794530716
104800,42.2201257954579
104900,42.2386926625317
105000,42.1965132962827
105100,42.1952238212959
105200,42.2194846740876
105300,42.2393841901383
105400,42.3474725411899
105500,42.3463938159298
105600,42.3505897215487
105700,42.3856002535267
105800,42.4137976445989
105900,42.4727916330721
106000,42.4356342549215
106100,42.4186356895874
106200,42.4194191379811
106300,42.4527276605322
106400,42.4348760294942
106500,42.5612671416766
106600,42.6048569020008
106700,42.6005144731641
106800,42.5766796438463
106900,42.5491691650585
107000,42.5751120966545
107100,42.6376726678935
107200,42.6505269385535
107300,42.6189226697701
107400,42.6414373007969
107500,42.6475794167325
107600,42.71131821768
107700,42.6326916272926
107800,42.6483382263061
107900,42.5571278527961
108000,42.6018753161217
108100,42.6139256494811
108200,42.6677416687089
108300,42.6638301259736
108400,42.7066550293158
108500,42.6822792706166
108600,42.6184986376149
108700,42.5687848473562
108800,42.6080190775086
108900,42.6334672815027
109000,42.634584442022
109100,42.6029567957507
109200,42.6406095714333
109300,42.7303463325294
109400,42.7036097672087
109500,42.6377422625763
109600,42.5873315384444
109700,42.6487201048021
109800,42.5870455281165
109900,42.606826746494
110000,42.6577640802287
110100,42.6577884837915
110200,42.640667127676
110300,42.6311506714753
110400,42.641363782545
110500,42.6516507448331
110600,42.6856935019289
110700,42.7447398054172
110800,42.7549574839872
110900,42.704258773444
111000,42.6850107889305
111100,42.6373487678755
111200,42.5972679631576
111300,42.5318882632106
111400,42.5140981650532
111500,42.5438482600583
111600,42.4971590014861
111700,42.5139644897219
111800,42.4912637488678
111900,42.4975758503253
112000,42.4639829829211
112100,42.470426821633
112200,42.45836622881
112300,42.4034917084763
112400,42.3278110199559
112500,42.3287993866254
112600,42.2916214852264
112700,42.2538578698735
112800,42.191618352039
112900,42.2037251505886
113000,42.1325856373974
113100,42.1308520096999
113200,42.1309682810498
113300,42.1262487292442
113400,42.1330958917405
113500,42.1386856677031
113600,42.2068441788744
113700,42.2293818117822
113800,42.3330241107321
113900,42.3979687919076
114000,42.4318299520117
114100,42.4851885713095
114200,42.4873191200439
114300,42.5315001121552
114400,42.5638098860317
114500,42.5559190623676
114600,42.6248802569601
114700,42.6412351968947
114800,42.6951394128711
114900,42.6986840402705
115000,42.7861063273073
115100,42.8549373957504
115200,42.9210448027341
115300,42.939170546282
115400,43.0764430784065
115500,43.1397905370746
115600,43.1707310015579
115700,43.0837365708622
115800,43.079673737009
115900,43.1221493134086
116000,43.1172443698913
116100,43.0279739677224
116200,43.0059032888085
116300,42.9853725643338
116400,42.9890862021027
116500,42.9747481340568
116600,42.9707503245713
116700,42.9414056807813
116800,42.9720940939702
116900,43.0807031777563
117000,43.0705858511585
117100,43.0803771431285
117200,43.0437254546359
117300,43.0698344978059
117400,42.9812144886651
117500,42.9263017957631
117600,42.9076622666832
117700,42.8541755144462
117800,42.7466575360164
117900,42.6770060734808
118000,42.6557616181123
118100,42.6484086453819
118200,42.663447091243
118300,42.6265809467891
118400,42.6150237613717
118500,42.6331519402581
118600,42.6377604041773
118700,42.6548618868863
118800,42.6659472718714
118900,42.6013030036921
119000,42.5954834451812
119100,42.5921832878126
119200,42.6304193676789
119300,42.6376656387617
119400,42.6819850656049
119500,42.7429559035263
119600,42.7150684204795
119700,42.7897068252236
119800,42.8635498660711
119900,42.892928459002
120000,42.8536169401725
120100,42.8838002635981
120200,42.8481124079734
120300,42.8027760438378
120400,42.7436896805665
120500,42.7228076773689
120600,42.6098394138519
120700,42.535104999597
120800,42.468750107115
120900,42.4266415236052
121000,42.3903206051691
121100,42.3769106114527
121200,42.2868809603773
121300,42.2466696566475
121400,42.1662091790861
121500,42.1240594739914
121600,42.0900733537196
121700,42.0542748641709
121800,41.9870900528685
121900,41.8706815661086
122000,41.8759830709603
122100,41.8977638081211
122200,41.8969859697788
122300,41.9246941405064
122400,41.8872387140669
122500,41.8352109471574
122600,41.8820396625614
122700,41.8741981599554
122800,41.8629768176092
122900,41.8477852384249
123000,41.8665650050754
123100,41.8403740203127
123200,41.847471128753
123300,41.8633864522672
123400,41.8795507827768
123500,41.8530216491807
123600,41.8455377930369
123700,41.8123168928623
123800,41.8266368388873
123900,41.8549560856335
124000,41.8562103896299
124100,41.8382049152042
124200,41.7810766110342
124300,41.8122264160039
124400,41.855269508322
124500,41.8980382287576
124600,41.8719605772461
124700,41.8871066042561
124800,41.8522196231975
124900,41.8501562531981
125000,41.765262139187
125100,41.7640758662727
125200,41.767944482062
125300,41.7239333312093
125400,41.6901279542683
125500,41.6888192827321
125600,41.7388544396411
125700,41.7911136397988
125800,41.8176171117337
125900,41.8390428962029
126000,41.8715288085778
126100,41.8688524592255
126200,41.9616807950651
126300,41.9884733164842
126400,42.0285481201076
126500,41.9836695132005
126600,42.0502030138802
126700,42.0723231998659
126800,42.0899817228016
126900,42.1283276032628
127000,42.2368027858975
127100,42.2550141514644
127200,42.312539320284
127300,42.4069394505387
127400,42.507262386056
127500,42.575372494626
127600,42.6216912980187
127700,42.6811270247779
127800,42.7009450684317
127900,42.7973599895899
128000,42.8035029300081
128100,42.7893368781194
128200,42.8067241058109
128300,42.7965111239307
128400,42.7702468803922
128500,42.8534733191489
128600,42.8375626636163
128700,42.8839759957335
128800,42.9392849799892
128900,42.9263416078015
129000,42.9186867316813
129100,42.926730753136
129200,42.906710178017
129300,42.8565595654737
129400,42.8390000833961
129500,42.8645567105176
129600,42.886023898587
129700,42.8721817339959
129800,42.8575968578376
129900,42.8594202630128
130000,42.9012595418745
130100,42.9636304201244
130200,42.9491727580265
130300,42.9445926824905
130400,42.9604921550227
130500,42.9459070859599
130600,42.9784094188773
130700,42.9570503406136
130800,43.0556524075354
130900,43.1263841901193
131000,43.1940068595898
131100,43.2422153591095
131200,43.3509369674704
131300,43.4338241402575
131400,43.4660570893499
131500,43.4115456277218
131600,43.3897400510792
131700,43.3801843053589
131800,43.4059563803117
131900,43.3604872800966
132000,43.3753611029795
132100,43.2963437597602
132200,43.256927887458
132300,43.2290786847535
132400,43.3022927799322
132500,43.2847998932457
132600,43.2321438410807
132700,43.2457903786419
132800,43.1925095389543
132900,43.1789419022559
133000,43.1650769411217
133100,43.1482542458608
133200,43.0906922231602
133300,43.077091409957
133400,43.1024181346745
133500,43.1704713073115
133600,43.1934525657772
133700,43.2016706088852
133800,43.1825631222534
133900,43.2008297350767
134000,43.2129492858476
134100,43.2504257850644
134200,43.2479230917847
134300,43.3113705060983
134400,43.2704600172641
134500,43.3357366270415
134600,43.3871736541962
134700,43.4100198458097
134800,43.4785975765455
134900,43.5579266594003
135000,43.6198053662354
135100,43.655132462298
135200,43.7207172694219
135300,43.7678766909561
135400,43.8301984876734
135500,43.8875863117828
135600,43.9399182675627
135700,43.9725649934114
135800,44.0597639534544
135900,44.1132433402939
136000,44.1087152696424
136100,44.179687149226
136200,44.1547448801444
136300,44.1183827681275
136400,44.2003357563914
136500,44.185642794689
136600,44.1646913688929
136700,44.1559889592229
136800,44.0721986466426
136900,43.9809962176441
137000,43.9367604591332
137100,43.9071965845128
137200,43.8722092330101
137300,43.8944696385515
137400,43.8326028728401
137500,43.8309342779341
137600,43.8050103533209
137700,43.825583736189
137800,43.8677384396304
137900,43.885350988572
138000,43.8387812916294
138100,43.7896795930828
138200,43.8222740158707
138300,43.7403412887804
138400,43.5948570511067
138500,43.5406697737386
138600,43.4876173291351
138700,43.444976130249
138800,43.4490490448664
138900,43.4208234235058
139000,43.3479076467424
139100,43.3489478949834
139200,43.3441888254043
139300,43.3283265267239
139400,43.3802355081615
139500,43.3228125082172
139600,43.3088825588315
139700,43.3200226648703
139800,43.3366248743249
139900,43.3531024373077
140000,43.3098160208514
140100,43.3142173321062
140200,43.2915974517103
140300,43.3248394270603
140400,43.3413456671914
140500,43.3181312264199
140600,43.1719148441896
140700,43.0372757291973
140800,42.9178084730567
140900,42.8534561153073
141000,42.8431818927501
141100,42.751854830448
141200,42.7388174091884
141300,42.6983287006708
141400,42.6141472566241
141500,42.6623992355169
141600,42.7158450963965
141700,42.797250792222
141800,42.9072631798778
141900,43.0199328438563
142000,42.9717798728787
142100,42.9772217563551
142200,43.0914272189122
142300,43.2383990238312
142400,43.3507858633298
142500,43.3657820284397
142600,43.491166061657
142700,43.5513377679944
142800,43.5981068858617
142900,43.6613083386856
143000,43.7048725783058
143100,43.8354626886356
143200,43.8471047857178
143300,43.9151027936601
143400,43.981908588854
143500,43.9398199640598
143600,43.8519579030599
143700,43.8532369475101
143800,43.8700007072814
143900,43.7617822684407
144000,43.6660799834495
144100,43.5775728598727
144200,43.5103240923226
144300,43.4553524123394
144400,43.3515297064012
144500,43.2977918965632
144600,43.2178893786389
144700,43.1623970917222
144800,43.0851653743507
144900,42.9705551264409
145000,42.8593042870458
145100,42.8067545372012
145200,42.7358691397689
145300,42.6453029497265
145400,42.5726443923946
145500,42.5402512712405
145600,42.5197927040457
145700,42.5026086136687
145800,42.4585905170566
145900,42.5243120922542
146000,42.6512273075854
146100,42.6490236318298
146200,42.6638564890627
146300,42.7112429169434
146400,42.7859205038976
146500,42.8181081553188
146600,42.8766101219488
146700,42.9296845399074
146800,42.9711830139713
146900,43.0034219338637
147000,43.0750589029373
147100,43.1147767935817
147200,43.1741755680657
147300,43.229358244791
147400,43.2639815181707
147500,43.2957027295519
147600,43.3487216758206
147700,43.3367613388886
147800,43.4134310360459
147900,43.3925571273274
148000,43.3667037267089
148100,43.4227918936775
148200,43.4115074420741
148300,43.3996242577416
148400,43.3570273649842
148500,43.384567149068
148600,43.3871474700112
148700,43.3859026087956
148800,43.4467082748266
148900,43.4788051612574
149000,43.4636600968148
149100,43.4590068457349
149200,43.4358703241848
149300,43.4325349219734
149400,43.4251728870974
149500,43.423247174538
149600,43.4051714405549
149700,43.438900893634
149800,43.3726990512799
149900,43.2850721196878
150000,43.1381115556404
150100,43.1334630893661
150200,43.0795837587686
150300,43.0449327401194
150400,43.027574355782
150500,42.983776365022
150600,43.0017143488112
150700,42.943390400495
150800,42.845218592052
150900,42.8280415372586
151000,42.8233763716159
151100,42.7529588657391
151200,42.7281393493417
151300,42.7141759777457
151400,42.7456369713702
151500,42.7844718209483
151600,42.7859979403884
151700,42.7840751200505
151800,42.7672370423934
151900,42.8128583446851
152000,42.8895599017885
152100,42.854446584871
152200,42.8759768297604
152300,42.9248634869119
152400,42.9368669489681
152500,42.9369307916129
152600,42.8957441779865
152700,42.9188523578832
152800,42.9740160706659
152900,43.0263007604157
153000,43.027656966312
153100,43.025459911549
153200,43.0333505434042
153300,43.0373579405712
153400,42.9940551441345
153500,42.9317269254912
153600,42.886243214874
153700,42.8102589656387
153800,42.7727222393402
153900,42.766280335205
154000,42.7695625924904
154100,42.7873208265827
154200,42.8340438152693
154300,42.8513587655143
154400,42.8781824261585
154500,42.8920428975196
154600,42.8698967373013
154700,42.8274040344356
154800,42.7703841276273
154900,42.7132026831139
155000,42.7471218220033
155100,42.7674255573666
155200,42.688615437153
155300,42.6316323151901
155400,42.5828033575893
155500,42.5610460723555
155600,42.5119610572488
155700,42.5451624682958
155800,42.5598322426419
155900,42.4983974168359
156000,42.4568258397056
156100,42.4713497124082
156200,42.4972750082934
156300,42.4471450906982
156400,42.4212270386389
156500,42.3803088612409
156600,42.3787289081237
156700,42.4021787559734
156800,42.4101052296578
156900,42.4058645890945
157000,42.3814729489383
157100,42.4017031745796
157200,42.4126415535072
157300,42.4493335655496
157400,42.488603207295
157500,42.4548042079579
157600,42.4681440879717
157700,42.4414020851535
157800,42.4173140730492
157900,42.468392118553
158000,42.479774604509
158100,42.4193074532573
158200,42.3486521831426
158300,42.2746654845009
158400,42.2060541406883
158500,42.1809942383635
158600,42.1717716069484
158700,42.1211754248779
158800,42.10610676218
158900,42.0939831944922
159000,42.0098397892625
159100,41.8821740727265
159200,41.8885973684296
159300,41.8775567556097
159400,41.8470064481362
159500,41.8892245780023
159600,41.9463831284909
159700,41.9542041641494
159800,41.9760558216182
159900,41.9513927840414
160000,41.934050413838
160100,42.004307708407
160200,42.0339499842831
160300,42.1189570348943
160400,42.163341123499
160500,42.1434215316262
160600,42.1205825127306
160700,42.1331334980778
160800,42.1566728144854
160900,42.1676751088403
161000,42.2151892937467
161100,42.3675877628882
161200,42.4500554762125
161300,42.4855230010435
161400,42.4937932645546
161500,42.4849799208704
161600,42.4601930603223
161700,42.4476585342966
161800,42.4650043052175
161900,42.5314917009637
162000,42.5841008805793
162100,42.5205170110681
162200,42.4411095207936
162300,42.4361169438056
162400,42.4408634643226
162500,42.5020350725096
162600,42.5943455785192
162700,42.6149566460998
162800,42.5738844785712
162900,42.5882105479629
163000,42.6043448032825
163100,42.5368721754305
163200,42.5123626038155
163300,42.4786058917293
163400,42.484085110569
163500,42.5153438710679
163600,42.5719410164609
163700,42.6155470681824
163800,42.5927284311198
163900,42.5820925104281
164000,42.5712866689676
164100,42.6577489920211
164200,42.7225829999236
164300,42.7382985570069
164400,42.8210327191164
164500,42.8056504517431
164600,42.7516713910863
164700,42.7871238790157
164800,42.8835136517195
164900,42.8385029605468
165000,42.9015719776722
165100,42.9746774750052
165200,42.9721943320487
165300,42.9472694098281
165400,42.9869400209284
165500,42.9513372951568
165600,42.9454839730324
165700,42.9799146129113
165800,42.9759376294808
165900,42.9206161267354
166000,42.9880317501541
166100,42.9684532672538
166200,42.9674982436615
166300,42.9490977366865
166400,42.8382296580792
166500,42.858936790587
166600,42.8726673230274
166700,42.9152661102572
166800,42.9120111639553
166900,42.9472529727646
167000,42.9254865513633
167100,42.8784759075774
167200,42.8901605748036
167300,42.9760704584618
167400,42.9775041551604
167500,43.0469421345762
167600,43.0182046746009
167700,42.9732079829404
167800,43.0064031763704
167900,43.0458305718467
168000,42.9478552333512
168100,42.8548684731625
168200,42.8235036866986
168300,42.8445210598144
168400,42.8930214687829
168500,42.884190960787
168600,42.8769831070924
168700,42.7611413753145
168800,42.6259056852631
168900,42.6018759697175
169000,42.5611231871655
169100,42.6192480157407
169200,42.6072903153645
169300,42.5656456179914
169400,42.5876804645522
169500,42.5875133584662
169600,42.5503384190788
169700,42.5322007860678
169800,42.497517318873
169900,42.5348887464381
170000,42.5629806395187
170100,42.6378695960556
170200,42.7076157442996
170300,42.6778927072165
170400,42.7152775862625
170500,42.748791983152
170600,42.8120964609252
170700,42.8596057602134
170800,42.9417242886555
170900,42.9826745122805
171000,43.0429768001384
171100,43.013288436216
171200,43.014682825634
171300,43.0067613145755
171400,43.0086913629502
171500,43.0058016332112
171600,43.0578197836262
171700,43.0671349686574
171800,43.164427174298
171900,43.1779391814271
172000,43.1980387788548
172100,43.2212861805485
172200,43.268863527022
172300,43.3335333793784
172400,43.3972166313324
172500,43.4203862723438
172600,43.42105536896
172700,43.450199851012
172800,43.5364456121681
172900,43.528675856086
173000,43.5655984477691
173100,43.6006128445973
173200,43.6162887273315
173300,43.6361207495258
173400,43.6243888031939
173500,43.5998958760789
173600,43.5885433176078
173700,43.5887752322988
173800,43.5489000323123
173900,43.5356449782767
174000,43.5490585450031
174100,43.5385504584191
174200,43.4946379268352
174300,43.4558880761176
174400,43.2949641944097
174500,43.2649458247949
174600,43.2367630080375
174700,43.2458726412607
174800,43.1814462157047
174900,43.2065406879301
175000,43.0892000491285
175100,43.0342283819968
175200,43.0166934228511
175300,43.0349852371877
175400,42.9832761242104
175500,43.0353030487963
175600,43.1030913256962
175700,43.1545113421016
175800,43.1326222900375
175900,43.0976971386932
176000,43.081418223021
176100,43.0511238642982
176200,42.9879013620507
176300,42.9695255390018
176400,43.0824939543625
176500,43.0232334112308
176600,43.0035902892899
176700,42.9586017040266
176800,42.9699800361551
176900,42.8525014043126
177000,42.8670744869473
177100,42.8729369552009
177200,42.8758465757327
177300,42.8802857254036
177400,42.8973822994449
177500,42.8499328025223
177600,42.7628997217612
177700,42.7260663913814
177800,42.7296594756909
177900,42.7868405566263
178000,42.7514854064734
178100,42.7220367001397
178200,42.7584245801611
178300,42.7901774116942
178400,42.7534520812369
178500,42.7884999728555
178600,42.7297073552207
178700,42.7560852541557
178800,42.7230198982127
178900,42.7897307901233
179000,42.8421574756074
179100,42.8312186045668
179200,42.8014850251154
179300,42.8033388521799
179400,42.8652879768667
179500,42.9100254721258
179600,42.9254772610112
179700,42.9185023170765
179800,42.9246076624666
179900,42.8677499266346
180000,42.8818849532012
180100,42.8477284970139
180200,42.8404383360835
180300,42.8274022273093
180400,42.8465116375014
180500,42.8135217586349
180600,42.840455354745
180700,42.7507354591337
180800,42.722327646818
180900,42.7462008787901
181000,42.7509649685222
181100,42.7358563859189
181200,42.7760507873654
181300,42.7084857734134
181400,42.6594240744747
181500,42.6520298611843
181600,42.6743547144459
181700,42.6629686523246
181800,42.6505638140786
181900,42.6692529361226
182000,42.6790187757995
182100,42.7044636666606
182200,42.677394502616
182300,42.6404740746726
182400,42.633784162311
182500,42.6298301631603
182600,42.6227855156841
182700,42.665265512229
182800,42.7155593708618
182900,42.6733727753307
183000,42.6447986213728
183100,42.6651477115191
183200,42.6104073739855
183300,42.5909678013652
183400,42.6210304299746
183500,42.561610289147
183600,42.5608466131849
183700,42.5918405862726
183800,42.5512573377812
183900,42.5354189936893
184000,42.5371573474023
184100,42.570836340049
184200,42.5465103391328
184300,42.5093851393221
184400,42.4388435806672
184500,42.4349441715735
184600,42.3072211521488
184700,42.2403051398245
184800,42.1649679914379
184900,42.1095880369376
185000,42.0940665062438
185100,41.972118405522
185200,41.9282049334305
185300,41.8792069446287
185400,41.8983801592348
185500,41.7970155123282
185600,41.6708788202922
185700,41.6049140364862
185800,41.5408112724084
185900,41.494044775737
186000,41.3936132696831
186100,41.3510899487908
186200,41.3879743100981
186300,41.4843141490918
186400,41.5604671964022
186500,41.6103726971148
186600,41.6822829093505
186700,41.6342244843056
186800,41.6450507773113
186900,41.6798458873804
187000,41.6830037145828
187100,41.7484321800805
187200,41.7783174780739
187300,41.7708780188938
187400,41.7679051356395
187500,41.8585132434298
187600,41.9654911263062
187700,42.0022980677605
187800,42.1028525432796
187900,42.22060146177
188000,42.3564535423242
188100,42.3087935711955
188200,42.3195680567409
188300,42.3071431749937
188400,42.2465472985581
188500,42.1586495058509
188600,42.2663302425627
188700,42.3374250218151
188800,42.3529439021683
188900,42.3810560869087
189000,42.4545702429077
189100,42.4235599837015
189200,42.4013712413961
189300,42.4623282939117
189400,42.408143350689
189500,42.4091995181062
189600,42.3566370703401
189700,42.3535486472228
189800,42.296913196348
189900,42.2295895229525
190000,42.1627821445582
190100,42.2126166796689
190200,42.2162592921895
190300,42.1727665242536
190400,42.2535334351802
190500,42.2923213810028
190600,42.2476680031959
190700,42.2841193974865
190800,42.3743848812853
190900,42.3884643186521
191000,42.3794946671138
191100,42.3966446129075
191200,42.3373830996835
191300,42.2291379133067
191400,42.1767100526152
191500,42.1051357411347
191600,42.1314007846984
191700,42.0558366581601
191800,41.9543581148965
191900,41.937762169041
192000,41.9301006116615
192100,41.9050183067037
192200,41.8461559114628
192300,41.8488180638557
192400,41.782756130578
192500,41.8150651669111
192600,41.8096296834574
192700,41.761325849003
192800,41.6703000777655
192900,41.6123484201532
193000,41.5731572272309
193100,41.6107761693762
193200,41.6151267077836
193300,41.6543991894022
193400,41.6518292953223
193500,41.6832752680025
193600,41.6524323980621
193700,41.7543734620007
193800,41.8642071569632
193900,41.9076887881146
194000,41.9406605779653
194100,41.9745159706026
194200,42.0202374426674
194300,42.0275462883472
194400,42.0751626074565
194500,42.0099312003881
194600,42.026859651911
194700,42.0945465106159
194800,42.1984570319342
194900,42.2709768858416
195000,42.3519782841325
195100,42.3503477772062
195200,42.3512397811959
195300,42.4078127744389
195400,42.4206182047504
195500,42.4390170678748
195600,42.4550627908963
195700,42.4086384590228
195800,42.3941828838471
195900,42.4135094828225
196000,42.416731071194
196100,42.4425853255245
196200,42.4320125619327
196300,42.4915006496691
196400,42.5246642686261
196500,42.5744689547742
196600,42.5147712213165
196700,42.4693928890072
196800,42.4144980655192
196900,42.4463230146699
197000,42.39285483379
197100,42.3647332067018
197200,42.3378077180779
197300,42.2741382491696
197400,42.2897914577534
197500,42.2634710710722
197600,42.2503600018488
197700,42.2282774295391
197800,42.2512918398887
197900,42.2345843916096
198000,42.2110165351794
198100,42.1822020821653
198200,42.1667983699404
198300,42.077515426392
198400,42.0135320952958
198500,42.0334456091371
198600,42.0301133445061
198700,42.1013463602278
198800,42.0538282034197
198900,42.0185558820399
199000,42.044339217137
199100,42.0206498135273
199200,42.095168020803
199300,42.1037200625156
199400,42.1167424175551
199500,42.1743553234137
199600,42.2705433893686
199700,42.3309562424961
199800,42.3652418735404
199900,42.340104014149
200000,42.3257234455687
200100,42.311715991117
200200,42.3822747143863
200300,42.488359292466
200400,42.5806122190094
200500,42.6031165489997
200600,42.6344889078042
200700,42.6287707703111
200800,42.711934635397
200900,42.718501835015
201000,42.698579677725
201100,42.7690415913791
201200,42.7366556658359
201300,42.8281479668889
201400,42.9012645018974
201500,42.9088018061613
201600,42.889905700948
201700,42.8993638967576
201800,42.8750044267812
201900,42.8825752841065
202000,42.917378939143
202100,42.9311521383824
202200,42.9275509598699
202300,42.8717257157056
202400,42.8490011715925
202500,42.8663265908888
202600,42.9589351344621
202700,42.9703771360342
202800,43.0571495924484
202900,43.1551838602498
203000,43.2265080048115
203100,43.2715982317116
203200,43.3255757888845
203300,43.3368577616566
203400,43.3826621989527
203500,43.4094839073275
203600,43.4236075317711
203700,43.4236994136143
203800,43.4650483104126
203900,43.5699210285964
204000,43.5667544108591
204100,43.6013382735466
204200,43.6278793498754
204300,43.6997775660233
204400,43.7258270177721
204500,43.746564850243
204600,43.7333168806096
204700,43.7373829928358
204800,43.7272612032319
204900,43.6989431406327
205000,43.7155421838975
205100,43.7078865023033
205200,43.7249329139026
205300,43.7185213086093
205400,43.6486522908786
205500,43.6530612214112
205600,43.6435205901253
205700,43.6592748544899
205800,43.6474021837298
205900,43.5430486031276
206000,43.547660541907
206100,43.5581416440569
206200,43.5494526813809
206300,43.5107604324254
206400,43.5211050449715
206500,43.5076744813298
206600,43.541839061579
206700,43.5248476805961
206800,43.517979527484
206900,43.5158052665725
207000,43.5281158949383
207100,43.5186123941482
207200,43.4923586807257
207300,43.4842846887254
207400,43.4655663789777
207500,43.4218894246753
207600,43.4266686609588
207700,43.407332333329
207800,43.3010043973998
207900,43.2941816818829
208000,43.293726652126
208100,43.2250589819928
208200,43.1337577810971
208300,43.0275619906935
208400,42.9973849302017
208500,42.9701581507387
208600,42.9082058322722
208700,42.7968953311618
208800,42.8009104771124
208900,42.7858494425329
209000,42.7453232107711
209100,42.733922895054
209200,42.6625571562204
209300,42.7080632260876
209400,42.7576057645837
209500,42.84431771389
209600,42.9039652910463
209700,42.8845756723957
209800,42.8767077512611
209900,42.8823445392803
210000,43.0006934853762
210100,43.1461768389394
210200,43.2186918311762
210300,43.2547140149959
210400,43.262380384649
210500,43.3089535278107
210600,43.3652832185423
210700,43.4523153327103
210800,43.4337141544951
210900,43.4795886408147
211000,43.5063956198848
211100,43.5882720090547
211200,43.6704981899844
211300,43.6671805442896
211400,43.7133744711654
211500,43.7404845306744
211600,43.7439207686984
211700,43.8045735647419
211800,43.8625887854451
211900,43.8543017096173
212000,43.7311579300609
212100,43.6800980021833
212200,43.6347478944419
212300,43.6848316261829
212400,43.7167955158828
212500,43.7298469748524
212600,43.715314026787
212700,43.6320351098575
212800,43.5541158488407
212900,43.4515729969499
213000,43.409000623283
213100,43.3072225903581
213200,43.2745651132039
213300,43.2681352638599
213400,43.2185080833007
213500,43.15102898539
213600,43.1397336224787
213700,43.092804736676
213800,43.0186076267148
213900,42.9291348233016
214000,42.9305201484592
214100,42.8597515595101
214200,42.8459309232343
214300,42.8229073983017
214400,42.7994757012633
214500,42.7709795653301
214600,42.7561855386125
214700,42.7467499535752
214800,42.7668092657656
214900,42.8170274918465
215000,42.8815488633571
215100,42.9845781238567
215200,42.9963354232233
215300,42.979233579132
215400,42.9878942669736
215500,43.0190002288571
215600,43.0121995225075
215700,42.9720972234248
215800,42.9735752897459
215900,43.0428821719365
216000,43.0039040240843
216100,43.0441611884735
216200,43.0602337110594
216300,43.0573374895117
216400,43.049102186158
216500,43.0345459245005
216600,43.0326871690917
216700,43.0700085192842
216800,43.0675847404425
216900,43.0206739882403
217000,42.9612685024656
217100,42.87788460512
217200,42.8234633545204
217300,42.7986860262874
217400,42.7615048542861
217500,42.7652300114252
217600,42.7226071224824
217700,42.7576697232073
217800,42.7247466815824
217900,42.7391741340086
218000,42.7642338736676
218100,42.7959779137554
218200,42.8399321081218
218300,42.8428067001784
218400,42.7970904643443
218500,42.777567597874
218600,42.8008756846277
218700,42.7917971959575
218800,42.7841444169429
218900,42.7936300331446
219000,42.8260785630912
219100,42.8531041586265
219200,42.907583032544
219300,42.9827076740518
219400,42.9761133051085
219500,42.9812034595246
219600,43.0628701483053
219700,43.0715730025064
219800,43.1380086756203
219900,43.1573675306423
220000,43.1819043959315
220100,43.1874768923622
220200,43.1603601245574
220300,43.2062311661343
220400,43.2898840328319
220500,43.3120261289161
220600,43.2916377981044
220700,43.3415482153425
220800,43.4119348060448
220900,43.4931810995172
221000,43.556018898527
221100,43.586502587939
221200,43.5429989785139
221300,43.472530627939
221400,43.5087429637523
221500,43.5429069823672
221600,43.5286017913467
221700,43.5450832729724
221800,43.5715466154989
221900,43.6002048883817
222000,43.6101439043211
222100,43.5988879405504
222200,43.570154287802
222300,43.5002099170465
222400,43.4769062317195
222500,43.4880873419223
222600,43.4768716181336
222700,43.4617327079153
222800,43.4010155009344
222900,43.3815529783528
223000,43.3752739832957
223100,43.334280235297
223200,43.3604111688158
223300,43.4166286955249
223400,43.4451773649476
223500,43.4477240117505
223600,43.436702637386
223700,43.48007784804
223800,43.4433331775224
223900,43.4558642865717
224000,43.4793269493331
224100,43.5091370383348
224200,43.5029525365703
224300,43.5207413427305
224400,43.4228552489912
224500,43.383534079126
224600,43.3452463727451
224700,43.2360986510912
224800,43.1299903933588
224900,42.980009565924
225000,42.8349303258744
225100,42.7754957012266
225200,42.7267955500369
225300,42.6464013852962
225400,42.5852412101995
225500,42.5144635223372
225600,42.5226714170193
225700,42.5028684895809
225800,42.5306340616474
225900,42.515574168931
226000,42.4529147647644
226100,42.4278327193155
226200,42.3928953200945
226300,42.3820388654104
226400,42.4274231795651
226500,42.4337501483475
226600,42.4514741947142
226700,42.5065167439473
226800,42.6034717755131
226900,42.6792670581499
227000,42.7007994157738
227100,42.7898238801275
227200,42.8514034291836
227300,42.8969327681481
227400,42.9371226727622
227500,42.9592263581801
227600,42.8713527706597
227700,42.8612809563255
227800,42.8524674937181
227900,42.8100821178934
228000,42.8363237526948
228100,42.8536282559723
228200,42.8587208709568
228300,42.869917300749
228400,42.8757720283157
228500,42.8870464691649
228600,42.9071262720393
228700,42.9093145145783
228800,42.8412935300041
228900,42.8841179470121
229000,42.9074422562409
229100,42.8476136594517
229200,42.7782876271274
229300,42.7151197906385
229400,42.6539311140208
229500,42.6506953367035
229600,42.6816043978804
229700,42.5967253997705
229800,42.515371461381
229900,42.5254149089887
230000,42.4658317461373
230100,42.4175069695842
230200,42.4467134602185
230300,42.4193674190863
230400,42.4072335117781
230500,42.3939976448455
230600,42.4273399498342
230700,42.4483627992366
230800,42.4640531201863
230900,42.4246875692223
231000,42.4823836373513
231100,42.5010632730879
231200,42.4982349462029
231300,42.5515872426416
231400,42.5226589275482
231500,42.4453820590489
231600,42.4100473134879
231700,42.3988752482397
231800,42.3776685774077
231900,42.3734814494778
232000,42.370686049042
232100,42.3759818897759
232200,42.3470130768846
232300,42.3653207061797
232400,42.3745075408393
232500,42.4163948036328
232600,42.3982692640431
232700,42.3630587232208
232800,42.3917106802013
232900,42.3941276575355
233000,42.3759824973774
233100,42.3980955231762
233200,42.4544971059141
233300,42.4744497862802
233400,42.5523384602796
233500,42.6092717041291
233600,42.7302086966972
233700,42.8563111248273
233800,42.9596975146026
233900,42.9797627698646
234000,43.0599406795608
234100,43.0404369541004
234200,43.0457079151413
234300,43.0341890015994
234400,43.0117659789995
234500,42.9734603716299
234600,42.9354323470002
234700,42.9793587025242
234800,43.00624247328
234900,43.0401719994118
235000,43.0300971480673
235100,43.0536351551064
235200,42.9817904909187
235300,42.9507821329373
235400,42.8724088145884
235500,42.9073613136857
235600,42.8543407268211
235700,42.7135805321494
235800,42.627283167135
235900,42.6216673833365
236000,42.6797398286231
236100,42.7115311853034
236200,42.6947266862821
236300,42.668278796169
236400,42.636213157221
236500,42.6349563717838
236600,42.6218808848774
236700,42.6310896414681
236800,42.6105418118962
236900,42.6129842871521
237000,42.6278787072415
237100,42.5911660054148
237200,42.6686102302146
237300,42.6519946458522
237400,42.7421025309499
237500,42.7542334361186
237600,42.7489990385643
237700,42.873485712599
237800,42.9363097486532
237900,42.9575264391096
238000,42.9203745122554
238100,42.9663196272446
238200,42.9737965629419
238300,43.007421985914
238400,43.0549793152633
238500,43.0859504726808
238600,43.136151334256
238700,43.1180378557441
238800,43.162072629906
238900,43.126990571382
239000,43.1787035808664
239100,43.1735938055956
239200,43.166365390888
239300,43.1809360030696
239400,43.1717533883097
239500,43.1963728966702
239600,43.1976727374516
239700,43.2324871204455
239800,43.2593515928579
239900,43.2905809938568
240000,43.3595225389718
240100,43.2876876578523
240200,43.3459532358923
240300,43.3404756230965
240400,43.3218290541363
240500,43.3066705641246
240600,43.3318163379514
240700,43.3197271370621
240800,43.2438109990396
240900,43.247802221066
241000,43.1975209672276
241100,43.1719824114811
241200,43.1076255016861
241300,43.0647512984796
241400,43.0627489673503
241500,43.0049314500683
241600,43.0206326652612
241700,42.9238704233454
241800,42.8652684934383
241900,42.7740853439194
242000,42.6401019124368
242100,42.657931628654
242200,42.6214345634459
242300,42.5711355436158
242400,42.5839929747283
242500,42.5211705724785
242600,42.4793267007516
242700,42.4769082590946
242800,42.5268292422922
242900,42.544333490462
243000,42.5529179376535
243100,42.5841271712015
243200,42.631296023898
243300,42.6984958796359
243400,42.7000675871621
243500,42.7592289850116
243600,42.7400749508602
243700,42.8237015563414
243800,42.9026159336108
243900,42.9722026576454
244000,43.0290086537105
244100,43.0870606632476
244200,43.1321658517817
244300,43.2019897372863
244400,43.2307411477831
244500,43.2844849065075
244600,43.3422885509486
244700,43.4408046189459
244800,43.4352765074632
244900,43.4980773806881
245000,43.5352974066691
245100,43.5697065169533
245200,43.6408392860887
245300,43.6531331215418
245400,43.7185288357234
245500,43.7258166468067
245600,43.6748004795186
245700,43.6034791437211
245800,43.5786199782858
245900,43.5611596756565
246000,43.5823360287796
246100,43.5586865354008
246200,43.538786714442
246300,43.5539427175814
246400,43.5208206290927
246500,43.5191520450863
246600,43.5466187197179
246700,43.5325161085036
246800,43.5590601678028
246900,43.5104220847125
247000,43.5084790306666
247100,43.5231173671677
247200,43.4269170525867
247300,43.4227518610461
247400,43.3553167653588
247500,43.3698420777256
247600,43.4629392228751
247700,43.4536733347809
247800,43.4462781155232
247900,43.4930733329127
248000,43.4583535538014
248100,43.4224509878058
248200,43.3991415475926
248300,43.4189329974305
248400,43.4440127847859
248500,43.4558774210154
248600,43.3922413786929
248700,43.3230029491681
248800,43.294839803624
248900,43.2669179228023
249000,43.1422767668967
249100,43.071191034777
249200,43.1158954211169
249300,43.1234278984549
249400,43.1016175638319
249500,43.0844867060568
249600,43.0744198680319
249700,43.0682459786215
249800,43.0354885050565
249900,42.9593253664744
250000,42.9700905051017
250100,42.9827643536363
250200,42.9777899240827
250300,42.9104424389934
250400,42.8839695786547
250500,42.8109964001651
250600,42.8321864754612
250700,42.8667128826408
250800,42.8720363919481
250900,42.9000786267964
251000,43.0372374884396
251100,43.0798660935213
251200,43.0419865483495
251300,42.9950738210737
251400,42.9918211723261
251500,42.9858646126839
251600,42.9485267578392
251700,42.9280021158369
251800,42.9701631641962
251900,42.9930915472193
252000,42.9578784409485
252100,42.9587789145227
252200,42.9238162811413
252300,42.8970508209854
252400,42.8897327641005
252500,42.9700732049056
252600,42.9393779347837
252700,42.9270990287593
252800,42.9313870515522
252900,42.9358467159756
253000,42.9203159014089
253100,42.9330633277814
253200,42.9932392420407
253300,43.0058509482661
253400,42.9836291586158
253500,43.0344958861168
253600,43.0551802425502
253700,43.0633486734529
253800,43.0224560815595
253900,43.0206413545968
254000,43.0674841500275
254100,43.0988330896967
254200,43.0711520373679
254300,43.1593542349606
254400,43.1983437530591
254500,43.1875532447853
254600,43.2289819752212
254700,43.199216978934
254800,43.2092313087404
254900,43.2636297840631
255000,43.2418387253509
255100,43.2043122506613
255200,43.1343408105377
255300,43.1322241380174
255400,43.1497183740955
255500,43.0598241465559
255600,43.0326866454989
255700,43.0408640321097
255800,42.9916319436024
255900,43.0221088643601
256000,42.9884302225151
256100,42.8736134317531
256200,42.8925531714855
256300,42.8563674039357
256400,42.8079233094286
256500,42.790889095756
256600,42.6710744525212
256700,42.563733424995
256800,42.5126812814128
256900,42.4565754512133
257000,42.4219216627272
257100,42.3785249857599
257200,42.3972895078538
257300,42.3798437095222
257400,42.3772170942096
257500,42.4020959821261
257600,42.3713166019876
257700,42.3592691154868
257800,42.3684825830845
257900,42.3720400825557
258000,42.3854857697745
258100,42.4534130683661
258200,42.5233974149679
258300,42.4667100924153
258400,42.4512304952408
258500,42.39726518091
258600,42.4965513223407
258700,42.5469798669097
258800,42.5253858551397
258900,42.4528124241629
259000,42.4244766245782
259100,42.4035843470547
259200,42.3686935089149
259300,42.3348477221098
259400,42.2186749252778
259500,42.1287687315275
259600,42.1287851204878
259700,42.1147875387582
259800,42.1291638939844
259900,42.0715783067621
260000,42.066999092645
260100,42.05713185078
260200,42.0293723616182
260300,42.0877635013348
260400,42.0356903158504
260500,42.0904122536522
260600,42.0863938361721
260700,42.1067457611565
260800,42.1650674609519
260900,42.2037615437705
261000,42.1750982131771
261100,42.2232708756028
261200,42.2012086782661
261300,42.2255807465448
261400,42.2725811733106
261500,42.3421580256116
261600,42.3567850017514
261700,42.3874597371309
261800,42.3869462460813
261900,42.4369300718999
262000,42.466550634597
262100,42.4356385204591
262200,42.4148385406749
262300,42.3717711535447
262400,42.4668802904174
262500,42.4516347668681
262600,42.4313804156265
262700,42.4326079015864
262800,42.4366557606607
262900,42.471794746791
263000,42.5176597937135
263100,42.5190351362304
263200,42.5461728350654
263300,42.5252258317321
263400,42.6214502441527
263500,42.6243266595377
263600,42.6356754579118
263700,42.6477963967832
263800,42.682812429486
263900,42.6804307546062
264000,42.6298743472973
264100,42.6980672634134
264200,42.6856406306385
264300,42.6769931310735
264400,42.6874914994996
264500,42.6873074127142
264600,42.6610909824828
264700,42.698986627789
264800,42.7201128926592
264900,42.7056562065895
265000,42.7054967724952
265100,42.7380804588543
265200,42.7806725345949
265300,42.7911547383831
265400,42.7436162008961
265500,42.6982207634803
265600,42.7127748597706
265700,42.6909682137993
265800,42.6366913211119
265900,42.5827162280299
266000,42.585553069575
266100,42.5660688747041
266200,42.5711268107258
266300,42.6004867181003
266400,42.5560672611623
266500,42.5136002931345
266600,42.541148926881
266700,42.4869507704924
266800,42.4657341541445
266900,42.4666668640101
267000,42.4599825408315
267100,42.4283886800471
267200,42.4009898825904
267300,42.4472870337346
267400,42.4915391210905
267500,42.5271188192848
267600,42.5066166481161
267700,42.5120448821958
267800,42.5593731972641
267900,42.6156989399016
268000,42.5804102556223
268100,42.5692289496762
268200,42.5713654592258
268300,42.5232369413755
268400,42.5451816767141
268500,42.5259284974933
268600,42.4634627793267
268700,42.4528631334931
268800,42.4726383371819
268900,42.4582226436513
269000,42.3931248179589
269100,42.315299764904
269200,42.2847005892543
269300,42.2588516977824
269400,42.2148694352431
269500,42.1530840183017
269600,42.0895130017349
269700,42.0725211209196
269800,42.0356437863918
269900,41.9490916397766
270000,41.9832909470813
270100,41.9642784439768
270200,41.9123434270724
270300,41.8987112116628
270400,41.8678454420219
270500,41.8902239131318
270600,41.8907177534525
270700,41.9160201383806
270800,41.8559771197329
270900,41.7929704957765
271000,41.8258248032538
271100,41.8898085340974
271200,41.8669513136157
271300,41.8889777183642
271400,41.9115258476593
271500,41.9739583343746
271600,42.0520354351289
271700,42.0787682901509
271800,42.1093102331291
271900,42.2205017598321
272000,42.2782256619198
272100,42.3494025375032
272200,42.4903210189135
272300,42.5539509871079
272400,42.5331921855949
272500,42.5544118110019
272600,42.5516626928278
272700,42.5800943369314
272800,42.6065311833415
272900,42.6656171122651
273000,42.694167147647
273100,42.7210950530936
273200,42.7665888742148
273300,42.7395397944169
273400,42.735481815864
273500,42.7234720987085
273600,42.69083919109
273700,42.6994379444264
273800,42.7255082445789
273900,42.6839352816729
274000,42.6414518183907
274100,42.6160366079743
274200,42.5723704902952
274300,42.5390260222642
274400,42.5661515079621
274500,42.5718432402615
274600,42.5924379344741
274700,42.5981418961474
274800,42.6348452752429
274900,42.5920926471618
275000,42.5992374238711
275100,42.5505189845067
275200,42.5704045181652
275300,42.5831654786873
275400,42.6490112854122
275500,42.6695045331842
275600,42.7066968349791
275700,42.7409258349894
275800,42.7523200226023
275900,42.7823435724923
276000,42.8124528160755
276100,42.8252097965266
276200,42.8148316532541
276300,42.8322878049754
276400,42.9040145604345
276500,42.9436321624263
276600,42.9686418376245
276700,42.9298865543861
276800,42.8711715288095
276900,42.9049655093084
277000,42.8861045445258
277100,42.9409255447726
277200,42.9052710808616
277300,42.906597549073
277400,42.8880089527528
277500,42.8839525440199
277600,42.8874815056178
277700,42.8451233154077
277800,42.8320047883489
277900,42.8659823683548
278000,42.8588659110533
278100,42.8627461954611
278200,42.8576217190765
278300,42.8958827362652
278400,42.8772053767769
278500,42.918560360205
278600,42.9511873935416
278700,43.0224365641449
278800,43.1131264541779
278900,43.1954278696038
279000,43.2684452120748
279100,43.3011619765549
279200,43.3245912185697
279300,43.3230453224274
279400,43.35050881893
279500,43.3798242897494
279600,43.3964094854876
279700,43.3566527776212
279800,43.2949181786731
279900,43.2391299729704
280000,43.1966753171622
280100,43.1542117133729
280200,43.1507852746633
280300,43.0531876214778
280400,43.0500323627789
280500,43.0492533423794
280600,43.0366539816465
280700,43.0232494144045
280800,42.921630842022
280900,42.8744301756288
281000,42.8315760778305
281100,42.785949259526
281200,42.7402387645884
281300,42.7399305132171
281400,42.6650117363403
281500,42.6261635459741
281600,42.5476049111256
281700,42.5861612183243
281800,42.5822515029391
281900,42.5489444835878
282000,42.5119032924739
282100,42.5228261645696
282200,42.5128521661291
282300,42.5726933190764
282400,42.5660111542427
282500,42.5434574037383
282600,42.525152957915
282700,42.5348154516602
282800,42.58491393141
282900,42.6438475357203
283000,42.6940044552418
283100,42.6923624409722
283200,42.7551370381361
283300,42.7740565287823
283400,42.7579872078495
283500,42.7546471858996
283600,42.7966733801653
283700,42.7996158703921
283800,42.7962326195423
283900,42.8313563538871
284000,42.9108075050178
284100,42.805261841175
284200,42.7256344209196
284300,42.6559610408467
284400,42.6057131830657
284500,42.5570547804667
284600,42.5459734472323
284700,42.4670659407624
284800,42.4430788341696
284900,42.3471300909637
285000,42.2844604071411
285100,42.2198821428367
285200,42.1929070997556
285300,42.1542116527305
285400,42.143087709011
285500,42.0994693370788
285600,42.0162172911568
285700,42.0333509020267
285800,42.0482102670267
285900,42.0073314607029
286000,41.9558544100919
286100,42.0486327607351
286200,42.1342128808056
286300,42.2169119720164
286400,42.2958719283224
286500,42.3393531964761
286600,42.3375944957734
286700,42.3575477316681
286800,42.3871640467056
286900,42.4208007314003
287000,42.4572723451987
287100,42.5375280599047
287200,42.5539615578463
287300,42.6283684491087
287400,42.6798128206079
287500,42.7228898217609
287600,42.8192480360773
287700,42.7880893791394
287800,42.7981446934853
287900,42.8592365775102
288000,42.9128375877057
288100,42.873642472458
288200,42.8369107411556
288300,42.8240263564221
288400,42.7974037024891
288500,42.7833766463275
288600,42.8017799064633
288700,42.8175900136059
288800,42.7729037209234
288900,42.6904634185989
289000,42.6303602640771
289100,42.6343777902191
289200,42.5937390624177
289300,42.5392993486259
289400,42.4637517397589
289500,42.4673602332047
289600,42.4904834992825
289700,42.4738516523845
289800,42.4908459655667
289900,42.4600551737813
290000,42.4667391057602
290100,42.5148014732972
290200,42.5517219173351
290300,42.5087881567359
290400,42.5058004475475
290500,42.5111072537138
290600,42.4852810365709
290700,42.5299267699801
290800,42.5165326294353
290900,42.6079582651715
291000,42.6462604771942
291100,42.6109216304432
291200,42.6486723434062
291300,42.6709977468153
291400,42.7084341371215
291500,42.7119024362985
291600,42.6234500155551
291700,42.6702219791818
291800,42.63382500411
291900,42.6214257166775
292000,42.6095454862022
292100,42.5515285721425
292200,42.5138680095987
292300,42.545350236946
292400,42.5366375931537
292500,42.4861676004879
292600,42.5174464776317
292700,42.4651659997122
292800,42.5254613983447
292900,42.508857566513
293000,42.5288540704244
293100,42.4830496478517
293200,42.4318614332187
293300,42.4212961387167
293400,42.4638358883851
293500,42.4727710203572
293600,42.5630240956815
293700,42.5287159902758
293800,42.4946841260286
293900,42.5150201074517
294000,42.5320879290328
294100,42.605323910395
294200,42.676273259573
294300,42.6370150576876
294400,42.6509921918392
294500,42.6542138332548
294600,42.6224405923217
294700,42.6268385095771
294800,42.57267334319
294900,42.5467691535284
295000,42.5249149919909
295100,42.6069265642267
295200,42.6832940971756
295300,42.7043197412526
295400,42.6877727609308
295500,42.70375123271
295600,42.6426887241581
295700,42.6375053866337
295800,42.6977882880172
295900,42.6922155290947
296000,42.6642575209427
296100,42.5898654080359
296200,42.5009442409794
296300,42.5071091236764
296400,42.4825691002138
296500,42.4908198362096
296600,42.4964670024734
296700,42.4051222130542
296800,42.3913661007863
296900,42.3607203693628
297000,42.3780546372097
297100,42.3725608024831
297200,42.3662185478849
297300,42.3670099063173
297400,42.4158620332464
297500,42.4430545945907
297600,42.4613965463906
297700,42.493136007383
297800,42.4419078006446
297900,42.4444763339373
298000,42.4086697210571
298100,42.4402255351448
298200,42.5008012642453
298300,42.5497572815928
298400,42.5863083065068
298500,42.6212629197215
298600,42.6528955792351
298700,42.712815118932
298800,42.7767964685159
298900,42.8885185507043
299000,42.8474123469802
299100,42.7864016245302
299200,42.7004496220914
299300,42.6257393160875
299400,42.5810952729621
299500,42.5639273662163
299600,42.5780618972708
299700,42.5216021215128
299800,42.4840552907326
299900,42.5074226862906
300000,42.5536790150703
300100,42.6137475524467
300200,42.6309612985182
300300,42.6134532513288
300400,42.6149546572664
300500,42.5881353005827
300600,42.6202249187712
300700,42.761867162554
300800,42.8442285535969
300900,42.8951170111997
301000,42.9998263119834
301100,43.0533748632386
301200,43.0325548045435
301300,43.0290876870561
301400,43.036089212016
301500,43.0168080887512
301600,42.9865394355963
301700,42.9017339332563
301800,42.9321822297697
301900,42.8585217051027
302000,42.8466287224289
302100,42.780098819128
302200,42.6615016452889
302300,42.5932114155312
302400,42.5473346341643
302500,42.5240554152311
302600,42.497013808352
302700,42.4388923744047
302800,42.4029884506372
302900,42.3724306644052
303000,42.3163540278283
303100,42.2432781827791
303200,42.2353174589783
303300,42.2006107171747
303400,42.1708276054566
303500,42.135958432323
303600,42.1216001918822
303700,42.2057808292002
303800,42.2211878339113
303900,42.2774665815024
304000,42.2938668144642
304100,42.294527037287
304200,42.3479228546201
304300,42.3275573448603
304400,42.2572959472532
304500,42.3086440776901
304600,42.247471057538
304700,42.2902187597397
304800,42.2999019139222
304900,42.2980011904731
305000,42.269489022546
305100,42.2858466781285
305200,42.3441862205847
305300,42.3897019517476
305400,42.4076100837679
305500,42.4279396210793
305600,42.4680216883928
305700,42.5178664228533
305800,42.6188112412028
305900,42.6362741867253
306000,42.6557205386228
306100,42.7525622476515
306200,42.8033259135824
306300,42.8704147255001
306400,43.0151276727232
306500,42.990955813365
306600,43.0339296902011
306700,43.0221406044481
306800,43.0462816499915
306900,43.077311154964
307000,43.1045196801293
307100,43.1423417121276
307200,43.1126760786643
307300,43.070877213146
307400,43.0737459909938
307500,43.1331976753656
307600,43.104951313875
307700,43.0763870040253
307800,42.9913254340535
307900,42.9636666239184
308000,42.987790653088
308100,42.9474826045469
308200,42.9404368574323
308300,42.9245911004603
308400,42.8925958249306
308500,42.8867656852585
308600,42.9167875256241
308700,42.918800392349
308800,42.9104695228462
308900,42.8529424617572
309000,42.850119534372
309100,42.809320448233
309200,42.8390501433613
309300,42.8435578459612
309400,42.8945586220425
309500,42.8508089555229
309600,42.8482996651061
309700,42.8101999573016
309800,42.7888847057374
309900,42.7721660458667
310000,42.7039667065416
310100,42.721827556801
310200,42.6518554123629
310300,42.6713249388447
310400,42.6347926446349
310500,42.6378877427968
310600,42.6605103844017
310700,42.6869548062366
310800,42.74186353232
310900,42.8407582576984
311000,42.8911568144116
311100,42.9631793097298
311200,42.9535737737384
311300,43.0005671468692
311400,42.9539679174655
311500,42.9832730123959
311600,42.9858838541152
311700,42.9762923191296
311800,42.9949758171328
311900,43.0263081395541
312000,43.0652252490861
312100,43.0469828985773
312200,43.1739093726329
312300,43.2124389127137
312400,43.2434944907135
312500,43.2968742060454
312600,43.3294677471453
312700,43.297270987329
312800,43.2668537479536
312900,43.2541075738639
313000,43.1718789978309
313100,43.1417722311433
313200,43.1225478801264
313300,43.1331837208543
313400,43.1275314864186
313500,43.1354101686405
313600,43.1676733736177
313700,43.1913371600903
313800,43.1677156149358
313900,43.097560460033
314000,43.0613032364398
314100,43.0667811973744
314200,43.0426654743084
314300,43.0197301208068
314400,43.0450975857307
314500,43.0213194898722
314600,43.01080833788
314700,42.9767623235005
314800,42.9788841468526
314900,42.9491210341524
315000,42.9556809066888
315100,42.9155459531195
315200,42.8531772632528
315300,42.7992752790767
315400,42.7967326219732
315500,42.747588963049
315600,42.6752812960574
315700,42.7127530094445
315800,42.6843031231184
315900,42.7171640371586
316000,42.7355924375303
316100,42.7109521078015
316200,42.694778699599
316300,42.7019958737402
316400,42.6566758360821
316500,42.6842392901355
316600,42.6669201326048
316700,42.724369389728
316800,42.690195182672
316900,42.6786568231539
317000,42.7356187180505
317100,42.7763053238956
317200,42.8662074370439
317300,42.8798901561594
317400,42.8757670487777
317500,42.9754525711027
317600,43.0285693165653
317700,42.9867123768585
317800,42.9847140791822
317900,42.9780826892736
318000,42.963059025037
318100,42.9662104157062
318200,42.877629871
318300,42.8848728101675
318400,42.8940496477163
318500,42.8561922831571
318600,42.8245676102782
318700,42.8266319672359
318800,42.8652792811425
318900,42.8964096682935
319000,42.8666488494422
319100,42.8803034888844
319200,42.8695089591082
319300,42.9126580299101
319400,42.955535941696
319500,42.8924726048314
319600,42.8544703974776
319700,42.8457178915144
319800,42.9020525538234
319900,42.9319285370082
320000,42.9506923024989
320100,43.012437982284
320200,43.0950801698326
320300,43.1039705920309
320400,43.1065453510928
320500,43.0584653303551
320600,42.9702164066694
320700,42.8975549643549
320800,42.8045418986444
320900,42.7501415856172
321000,42.7479899717471
321100,42.7146366252327
321200,42.6678022778337
321300,42.5934913367823
321400,42.5859602689685
321500,42.5937612569729
321600,42.6121638627777
321700,42.6389162903212
321800,42.6495401334388
321900,42.6313740690461
322000,42.6272670134708
322100,42.6032584606462
322200,42.5920223945613
322300,42.5726360832929
322400,42.603614475473
322500,42.6673061513034
322600,42.7371228614364
322700,42.7630971199089
322800,42.836935560753
322900,42.8216884390683
323000,42.8053545704517
323100,42.7847283399715
323200,42.7772275258319
323300,42.7975429397675
323400,42.7334922294288
323500,42.70542948719
323600,42.6905123704849
323700,42.650641177932
323800,42.5812437126267
323900,42.5578962160949
324000,42.5672620230453
324100,42.5691193666306
324200,42.5338273998769
324300,42.5034169574257
324400,42.4251439226223
324500,42.4034371121164
324600,42.4133154181083
324700,42.4004112653438
324800,42.3653910172879
324900,42.4044916343183
325000,42.3992915553395
325100,42.4332558981497
325200,42.42646442482
325300,42.4636491829942
325400,42.5307094382298
325500,42.5506736188538
325600,42.5855822768153
325700,42.6163054929865
325800,42.6909053383457
325900,42.6897563182323
326000,42.7235469090073
326100,42.6999313954015
326200,42.7397136378713
326300,42.7680666103644
326400,42.7864245336056
326500,42.838835823213
326600,42.894399724027
326700,42.9198402355129
326800,42.9450410938472
326900,42.9701836124973
327000,42.9669459827492
327100,42.9703531014577
327200,42.9894471251086
327300,42.9128315320804
327400,42.8667283152741
327500,42.7821592069085
327600,42.7203600682222
327700,42.7278139546429
327800,42.6630277918259
327900,42.700509636517
328000,42.5870339542413
328100,42.5110161002449
328200,42.4275472019997
328300,42.4262302495923
328400,42.4891113243368
328500,42.4630976314848
328600,42.429498516679
328700,42.3789420293754
328800,42.3569836399047
328900,42.3445591653154
329000,42.3502888925959
329100,42.303866471728
329200,42.3364378082716
329300,42.3590364059744
329400,42.4051902944887
329500,42.5137110802046
329600,42.5602112549721
329700,42.5549780203781
329800,42.6040723003038
329900,42.5720129029929
330000,42.7046414378939
330100,42.8116237812059
330200,42.9677500651729
330300,43.0176699567388
330400,43.0315404736632
330500,43.0273201608142
330600,42.9672018345136
330700,43.0615415562971
330800,43.0831532675488
330900,43.0876338473268
331000,43.1004585972141
331100,43.1291517356884
331200,43.1381109962916
331300,43.1445998368851
331400,43.1427089289684
331500,43.1186297082015
331600,43.1421805940916
331700,43.1264415076245
331800,43.10312279746
331900,43.1314836848369
332000,43.0600873791362
332100,43.0610847116419
332200,43.011651132355
332300,43.0002726185184
332400,43.0351389545237
332500,43.1125304261609
332600,43.2165192698622
332700,43.2391277069999
332800,43.2334214441854
332900,43.2913701551949
333000,43.3320787346742
333100,43.397870277197
333200,43.4181472649509
333300,43.4634043168889
333400,43.5079843856775
333500,43.489455525564
333600,43.4791443924137
333700,43.4878287862225
333800,43.4657822325434
333900,43.4866714439395
334000,43.5325233474931
334100,43.5043268689384
334200,43.5054197231812
334300,43.5065401822923
334400,43.4436920874564
334500,43.4370024284779
334600,43.391441767454
334700,43.3221371959354
334800,43.3264719754447
334900,43.2822921232128
335000,43.2797321653226
335100,43.2143143462971
335200,43.1336185805005
335300,43.084369691977
335400,43.0198553001426
335500,42.9925467662156
335600,42.9165426264332
335700,42.8256486755292
335800,42.8523070704466
335900,42.7923444909771
336000,42.7540731435023
336100,42.7807626060876
336200,42.7249744939419
336300,42.7362158112777
336400,42.7688193203886
336500,42.7367298553913
336600,42.7451442558729
336700,42.7441038177437
336800,42.7752458572049
336900,42.7801501538033
337000,42.7873615492542
337100,42.778220873532
337200,42.8471434909634
337300,42.8956297004677
337400,42.931488405867
337500,42.9469663902959
337600,43.0921475427566
337700,43.2336707040824
337800,43.2199286554166
337900,43.2467590873505
338000,43.2429437367011
338100,43.238252812916
338200,43.3054739050633
338300,43.2916728324059
338400,43.2738630493403
338500,43.2634071686533
338600,43.2829708111497
338700,43.3690304739052
338800,43.379746896667
338900,43.3405725176102
339000,43.2959063221232
339100,43.3067328622217
339200,43.2481382539681
339300,43.172345905893
339400,43.0921758144693
339500,43.1049040364159
339600,43.0030859602792
339700,42.9652307799826
339800,42.9824448868459
339900,42.987062346953
340000,42.9974085390864
340100,42.8920688074096
340200,42.8462319643721
340300,42.8232358145515
340400,42.7950888571077
340500,42.7628242472033
340600,42.6918090392349
340700,42.5955567936488
340800,42.5510609850717
340900,42.5686410318065
341000,42.5550079829388
341100,42.537282349206
341200,42.5318249757374
341300,42.563065403872
341400,42.590422354745
341500,42.5668555939045
341600,42.6127329028957
341700,42.6359992950678
341800,42.5739686991755
341900,42.4626398141729
342000,42.384203658616
342100,42.4059327846379
342200,42.4005550552098
342300,42.3938775573429
342400,42.437667014527
342500,42.4560834749701
342600,42.5094041873566
342700,42.5790833280049
342800,42.5692428490313
342900,42.5899027144423
343000,42.599231006979
343100,42.6187409184594
343200,42.6494784204149
343300,42.6867735549891
343400,42.6495145316877
343500,42.6522860160186
343600,42.6242561952521
343700,42.596313809691
343800,42.6673565711829
343900,42.7572738848942
344000,42.7849202112015
344100,42.791420003675
344200,42.8146446420895
344300,42.8242631598163
344400,42.8360314745556
344500,42.8323349795882
344600,42.8841463943167
344700,42.9023409558544
344800,42.9549124315708
344900,42.9176761288026
345000,42.9461701945381
345100,42.9465234989776
345200,42.9645015486205
345300,42.9880750581299
345400,43.0267442401579
345500,43.0120098068062
345600,43.0342678914697
345700,43.0502550489193
345800,43.0471267286774
345900,43.1024639444863
346000,43.1826343475225
346100,43.2846202179652
346200,43.3392334921182
346300,43.3837418225825
346400,43.3132862812059
346500,43.3343510891873
346600,43.2773974967834
346700,43.2384225179469
346800,43.2735868016014
346900,43.3519307096917
347000,43.3398799388308
347100,43.3483263869973
347200,43.32112205968
347300,43.2983257010262
347400,43.2630686611055
347500,43.2487996716515
347600,43.1578134429013
347700,43.1078072924827
347800,43.0960786019973
347900,43.0615055921541
348000,42.9789000537482
348100,42.9346981027772
348200,42.8807508453804
348300,42.8658009301478
348400,42.919282555927
348500,42.9223067996716
348600,42.9598310879513
348700,42.9727272868009
348800,42.9726870030272
348900,42.9846936991063
349000,43.008229306809
349100,43.0680759401831
349200,43.1270721137669
349300,43.1469017716976
349400,43.2320495754868
349500,43.2956122081432
349600,43.4650172738475
349700,43.5469589066166
349800,43.5467622704141
349900,43.5470531873727
350000,43.6015850191206
350100,43.6407501936455
350200,43.7193399231102
350300,43.7316365469846
350400,43.735991486661
350500,43.8038023842544
350600,43.8262728767385
350700,43.853460671549
350800,43.7928935929946
350900,43.780414290387
351000,43.7312340479879
351100,43.7067013221977
351200,43.6483539529914
351300,43.6128984300202
351400,43.5990575164386
351500,43.5324502857784
351600,43.4201301735983
351700,43.3992648694076
351800,43.3867924486965
351900,43.4521863287976
352000,43.4391543906032
352100,43.39157478851
352200,43.3307279815451
352300,43.322612489435
352400,43.2939775148202
352500,43.2413979479892
352600,43.2353564475183
352700,43.2019000115477
352800,43.1445749219952
352900,43.0798564711351
353000,43.032581843741
353100,42.8977073146663
353200,42.7878674791999
353300,42.7867434736252
353400,42.7536721486358
353500,42.8005269849644
353600,42.7820677383022
353700,42.7269163273348
353800,42.7500531966402
353900,42.7056451908113
354000,42.7444544096164
354100,42.7590142577315
354200,42.7412238276154
354300,42.7565799659694
354400,42.7551459149245
354500,42.7242945110956
354600,42.6901672941688
354700,42.6901645904595
354800,42.729733192942
354900,42.7506647671305
355000,42.7334474683209
355100,42.7653686076941
355200,42.7874300418334
355300,42.7646284981
355400,42.7638086225595
355500,42.7775233606813
355600,42.8059386845699
355700,42.8746849757916
355800,42.8209723784455
355900,42.8310156278356
356000,42.8238846033487
356100,42.8206717249154
356200,42.8304562635204
356300,42.8100429711345
356400,42.766815989648
356500,42.7899488903969
356600,42.7968273699785
356700,42.8175529588526
356800,42.8620415589944
356900,42.8614291195377
357000,42.955698153676
357100,42.9860657562489
357200,43.0221498654555
357300,42.9994461230421
357400,43.0032927478156
357500,42.9774377990225
357600,43.0186538701197
357700,43.0039396482453
357800,43.064603775799
357900,43.0966964429923
358000,43.1008421259048
358100,43.1408415252123
358200,43.1908587965587
358300,43.2792096809069
358400,43.4045965990927
358500,43.5258690550299
358600,43.5815548599849
358700,43.6303067909785
358800,43.558936650051
358900,43.5932165586555
359000,43.600624438978
359100,43.5434505759789
359200,43.5843353180083
359300,43.6241234424071
359400,43.6681515561946
359500,43.6537447895226
359600,43.647156761241
359700,43.5844678016611
359800,43.4818386241139
359900,43.4631763736346
360000,43.4998076725034
360100,43.5348681814456
360200,43.4927452259135
360300,43.4639299801425
360400,43.4414734816249
360500,43.3482621354763
360600,43.3475416584012
360700,43.349684784617
360800,43.4003031989937
360900,43.440077358809
361000,43.4420630689618
361100,43.4353344640277
361200,43.4520993038929
361300,43.3888660070157
361400,43.3009311309834
361500,43.2954736420374
361600,43.3146778756691
361700,43.3457697791163
361800,43.4659977372091
361900,43.4854393355445
362000,43.4581811572865
362100,43.3990632982271
362200,43.4242373755684
362300,43.3655503580016
362400,43.367712034638
362500,43.4397271759002
362600,43.3956713094259
362700,43.3664579129129
362800,43.3100097539412
362900,43.2502743671877
363000,43.1818867451617
363100,43.1712959093116
363200,43.1072792903429
363300,43.1190162498777
363400,43.172886119539
363500,43.2035506747344
363600,43.2101701613173
363700,43.2444968939042
363800,43.2066868730558
363900,43.1813662478977
364000,43.169074721541
364100,43.2184856385189
364200,43.2071717633172
364300,43.1806174452683
364400,43.1057652874891
364500,43.0978199382245
364600,43.1410700793487
364700,43.0825891568588
364800,43.060876310063
364900,43.0637887879147
365000,43.0980627073296
365100,43.1191319417392
365200,43.1163222718018
365300,43.1280149629692
365400,43.1004430187604
365500,43.1011992525093
365600,43.1049165714493
365700,43.1074071856114
365800,43.1297579095847
365900,43.1673758400387
366000,43.2039060615776
366100,43.1092441587467
366200,43.0907898304755
366300,43.1026549740695
366400,43.1139295523659
366500,43.0602812063465
366600,42.9683224906293
366700,43.0134360705455
366800,43.0368282072236
366900,43.0706669842745
367000,43.0752414032553
367100,43.0447996473486
367200,43.0462700118781
367300,43.041579875932
367400,43.072159563395
367500,43.0521091675735
367600,42.9912717332416
367700,42.9416705863395
367800,42.8920587100137
367900,42.8270580508209
368000,42.763287248871
368100,42.7745417625494
368200,42.7167006845015
368300,42.7299472568515
368400,42.7317851263808
368500,42.7075130330166
368600,42.7743287180587
368700,42.7513305235702
368800,42.7358685304474
368900,42.7182455670676
369000,42.7036465053279
369100,42.7352794531403
369200,42.7523817640552
369300,42.7411720168069
369400,42.7748245589014
369500,42.7825825798608
369600,42.8098969789106
369700,42.8217139780887
369800,42.8284947707358
369900,42.8649591966872
370000,42.826961874617
370100,42.8803900218422
370200,42.8767671770614
370300,42.8282251262417
370400,42.7945559431832
370500,42.7903949499822
370600,42.7564535629216
370700,42.7252233680637
370800,42.7355902233359
370900,42.7361781897376
371000,42.6816901732836
371100,42.6064734713417
371200,42.5690901869797
371300,42.5588107813603
371400,42.4930126473142
371500,42.502180186892
371600,42.4869398944007
371700,42.4999193047476
371800,42.5487108773206
371900,42.5376492396333
372000,42.6158026448166
372100,42.6113354881815
372200,42.6857350724417
372300,42.745041644349
372400,42.8109347213931
372500,42.9249998241871
372600,42.9850306537071
372700,43.053761566762
372800,43.0832470959326
372900,43.0878253573543
373000,43.1928284412209
373100,43.3265780906996
373200,43.4036055285033
373300,43.4521578405334
373400,43.4752395066651
373500,43.4856383635362
373600,43.5611855318525
373700,43.5797069351063
373800,43.6103061090076
373900,43.6741645843916
374000,43.6681436422628
374100,43.76599555113
374200,43.7903091159604
374300,43.8069925086874
374400,43.8244478050762
374500,43.7829446491063
374600,43.774342362467
374700,43.7304884070764
374800,43.742531800968
374900,43.7681195432023
375000,43.7036765835508
375100,43.6313200463832
375200,43.5938483808262
375300,43.6149538208835
375400,43.698774989468
375500,43.662223584291
375600,43.6099362650814
375700,43.6232052309547
375800,43.6461505046949
375900,43.667288995103
376000,43.718491533043
376100,43.6187157742975
376200,43.579168944312
376300,43.5869611175503
376400,43.5864324500043
376500,43.5999345744295
376600,43.5736436721729
376700,43.5953399096722
376800,43.6540472939494
376900,43.6144538295331
377000,43.6149873090063
377100,43.5907371109197
377200,43.5790595326156
377300,43.520263711419
377400,43.4480219502606
377500,43.4832087461333
377600,43.4903238026315
377700,43.4643340330367
377800,43.4232506224952
377900,43.3700511382076
378000,43.278071018744
378100,43.2941202276955
378200,43.3146858509618
378300,43.227714832478
378400,43.1729682014749
378500,43.1566548234187
378600,43.1777767124466
378700,43.1574069114646
378800,43.105866563736
378900,43.098488072107
379000,43.0728169030253
379100,43.0784527993346
379200,43.0754490987967
379300,43.0869503559052
379400,43.1025933910368
379500,43.1175373951117
379600,43.1465885657444
379700,43.1569604601937
379800,43.1625703607847
379900,43.1882639120786
380000,43.2279276831733
380100,43.2077172597545
380200,43.1542355598959
380300,43.2475711591113
380400,43.284918009532
380500,43.311377523154
380600,43.2841893070297
380700,43.3126008796701
380800,43.3100857292618
380900,43.3229895296648
381000,43.4207512058718
381100,43.4926045736397
381200,43.5271485226042
381300,43.5173925849423
381400,43.516895122434
381500,43.5151064682931
381600,43.4848701358918
381700,43.5340927047524
381800,43.4911336342012
381900,43.4730582595389
382000,43.46635072659
382100,43.4987325378911
382200,43.5344262520176
382300,43.5169822828602
382400,43.4662674734915
382500,43.39510475674
382600,43.389173347629
382700,43.3631281840927
382800,43.3469502753485
382900,43.3317717267541
383000,43.2243162191267
383100,43.1637318127724
383200,43.13912645279
383300,43.1666253602361
383400,43.177647425823
383500,43.1769476009508
383600,43.200627966644
383700,43.0985208830275
383800,43.1103106610207
383900,43.0667101762131
384000,43.0444201894366
384100,42.9730713823312
384200,42.9473359395666
384300,42.931609482164
384400,42.9041332787281
384500,42.8871573313154
384600,42.8621612136541
384700,42.877590745906
384800,42.8954677922685
384900,42.8558240612816
385000,42.8278975420853
385100,42.8120332745469
385200,42.7607488430677
385300,42.6573472791738
385400,42.6170902982899
385500,42.5713817745351
385600,42.4694742497603
385700,42.4939840798287
385800,42.4408798276652
385900,42.47755084723
386000,42.4866260404907
386100,42.4868842189915
386200,42.5030481550967
386300,42.4654327820829
386400,42.4938724728761
386500,42.5150711875304
386600,42.5297617384173
386700,42.4443709337686
386800,42.39475124412
386900,42.3669957597251
387000,42.4352082217945
387100,42.4675548200092
387200,42.4269143910242
387300,42.4376249968079
387400,42.3934480467471
387500,42.4034788885264
387600,42.4665115159062
387700,42.4691924911589
387800,42.5162741502802
387900,42.5077514364515
388000,42.5178673213563
388100,42.5110776767639
388200,42.4975102897074
388300,42.4378065395865
388400,42.4357585308288
388500,42.4278379922534
388600,42.3444827162403
388700,42.4131768206122
388800,42.4427926383351
388900,42.498827596601
389000,42.5161455276153
389100,42.5099493964
389200,42.5462802816399
389300,42.5901974630779
389400,42.5975555254034
389500,42.490652330173
389600,42.4027001507553
389700,42.3537794717369
389800,42.353324711929
389900,42.3177028866254
390000,42.2705219978343
390100,42.2921166644946
390200,42.2815025583927
390300,42.358214303321
390400,42.35631459592
390500,42.3801286599717
390600,42.4704859557156
390700,42.4779365394041
390800,42.5122625367391
390900,42.5191884512609
391000,42.5231302799545
391100,42.5616664776939
391200,42.5973199448175
391300,42.6150931173678
391400,42.6598705571549
391500,42.7994603018629
391600,42.9021037197038
391700,42.9514273585629
391800,42.992069644769
391900,43.0102446554573
392000,43.0703068501703
392100,43.0689298582696
392200,43.0645628878659
392300,43.0532737032966
392400,43.0710230432048
392500,42.9997203458245
392600,42.9363624271117
392700,42.9666050035022
392800,42.9864361226662
392900,43.0231122877512
393000,43.0475772505437
393100,43.1101069985732
393200,43.1488886762608
393300,43.1491012765732
393400,43.1853928554508
393500,43.1739400000268
393600,43.1640858419137
393700,43.1624410072133
393800,43.0699236883648
393900,43.0878855621113
394000,43.0357976194789
394100,43.0136510474556
394200,42.9845343376469
394300,42.918718414635
394400,42.8035227547908
394500,42.7711796934476
394600,42.7894083887085
394700,42.7728641293847
394800,42.6908788947941
394900,42.6401338975685
395000,42.5800692740587
395100,42.5184888628962
395200,42.3766312682033
395300,42.3159577201269
395400,42.2782883177416
395500,42.2359191584742
395600,42.1895712709258
395700,42.1490869118941
395800,42.2164483693949
395900,42.2410719635458
396000,42.2508617108352
396100,42.3143647114155
396200,42.3928020169462
396300,42.4422718408486
396400,42.6045302892517
396500,42.7815037565755
396600,42.9435794331363
396700,43.0896910273978
396800,43.2824558842317
396900,43.3524306433558
397000,43.3160976937481
397100,43.1954725312542
397200,43.1591413504832
397300,43.0395919232818
397400,42.9201067409409
397500,42.8420586715252
397600,42.8317164323482
397700,42.8263415347487
397800,42.8554410394696
397900,42.8536160494113
398000,42.9177074654462
398100,42.9748576320092
398200,43.0152931426059
398300,43.0562269129344
398400,43.0764277138586
398500,43.1025444563468
398600,43.1203835277371
398700,43.1574838440433
398800,43.1376397634037
398900,43.1413241386733
399000,43.1724216032548
399100,43.2640965106276
399200,43.3223005627049
399300,43.4439247284234
399400,43.5212124042007
399500,43.5784593806417
399600,43.601150520577
399700,43.6004746702612
399800,43.4525995083943
399900,43.4029371277852
400000,43.3544516801937
400100,43.2918247733072
400200,43.2228076518021
400300,43.2332098912938
400400,43.236132886118
400500,43.2815609397276
400600,43.2695247793248
400700,43.2192387909375
400800,43.1760649043874
400900,43.068147996271
401000,43.088422856691
401100,43.0364596361358
401200,43.0516860080876
401300,43.0370045358618
401400,43.0179513853815
401500,43.0403893581507
401600,43.0607148326244
401700,43.0851323926351
401800,43.1504896107965
401900,43.1251950005439
402000,43.1939783856682
402100,43.289312088495
402200,43.3351737084659
402300,43.3303633601244
402400,43.3002621550751
402500,43.2809579007828
402600,43.2689785899095
402700,43.239803150305
402800,43.3059633352926
402900,43.3735829094482
403000,43.3040255203245
403100,43.2599193928579
403200,43.1552899497154
403300,43.0682711413493
403400,42.9384934244143
403500,42.8182127649909
403600,42.7883354119448
403700,42.6813843173254
403800,42.6144749569563
403900,42.6121246888968
404000,42.5805108698183
404100,42.5067278431869
404200,42.4857582680888
404300,42.4961976384686
404400,42.5528003927469
404500,42.5340737559501
404600,42.5558505755329
404700,42.5938008410522
404800,42.5227417086644
404900,42.4442370581423
405000,42.4566827966913
405100,42.4728509689489
405200,42.5259859888866
405300,42.5225215892615
405400,42.6646357603078
405500,42.7458049816616
405600,42.7472434302403
405700,42.7805879418821
405800,42.8102159200318
405900,42.8706971899192
406000,42.9059528225821
406100,42.9002975227899
406200,42.9081369048171
406300,42.8820697121413
406400,42.8131486657922
406500,42.7905082697312
406600,42.6810029676406
406700,42.6987476528826
406800,42.7622714728709
406900,42.7568047128418
407000,42.6921660029475
407100,42.7016282007285
407200,42.6957488436329
407300,42.6214578510455
407400,42.5962966163465
407500,42.5572980423982
407600,42.5736232276084
407700,42.5648550694876
407800,42.5676390717166
407900,42.5255668723964
408000,42.5298605339229
408100,42.5505575455509
408200,42.5462172848612
408300,42.5155190382595
408400,42.5217524299526
408500,42.4955872450072
408600,42.5923768867103
408700,42.5038946337332
408800,42.4836289787209
408900,42.5186845634431
409000,42.5716847995527
409100,42.5520071330955
409200,42.556069100631
409300,42.6504094988848
409400,42.6287813622055
409500,42.6788603107158
409600,42.6567244923771
409700,42.703685519229
409800,42.6824818497364
409900,42.7263141565208
410000,42.6494434566046
410100,42.5502902024036
410200,42.4888414066308
410300,42.4751847943548
410400,42.4697110180258
410500,42.5056329311059
410600,42.4385620055117
410700,42.4302370581427
410800,42.3543648881148
410900,42.3426077108873
411000,42.3594309913277
411100,42.3579148354928
411200,42.3276402081835
411300,42.2990245716543
411400,42.3274241552957
411500,42.3092240015265
411600,42.2815459739871
411700,42.2581185434802
411800,42.2470303494477
411900,42.2109633676699
412000,42.2391708769232
412100,42.3241562781318
412200,42.3647029756529
412300,42.3642106464001
412400,42.3652960294797
412500,42.3264076391927
412600,42.3588358572767
412700,42.401597741831
412800,42.4860727965098
412900,42.5047372765655
413000,42.5087446760863
413100,42.5154296180264
413200,42.5680071731245
413300,42.5769854021239
413400,42.508927304263
413500,42.5092944480099
413600,42.5307592586525
413700,42.5511927066035
413800,42.5275266451926
413900,42.5165996242431
414000,42.5229893953909
414100,42.5103169250618
414200,42.4571369317199
414300,42.4820204343253
414400,42.464049798528
414500,42.4089697288534
414600,42.3807528131944
414700,42.3566801360765
414800,42.2927298559838
414900,42.2898118466201
415000,42.279929092884
415100,42.2981762871341
415200,42.2402864739977
415300,42.2401692150635
415400,42.2442848176759
415500,42.2461705509101
415600,42.2657607547755
415700,42.1883183026129
415800,42.1557781785541
415900,42.1434851989855
416000,42.1435903394024
416100,42.1589684644054
416200,42.2722056682344
416300,42.3008831023138
416400,42.3502698037153
416500,42.3920060632587
416600,42.4224496126349
416700,42.4155709555768
416800,42.4568519008194
416900,42.4443509817182
417000,42.450722031939
417100,42.4415204117343
417200,42.4829364597013
417300,42.4243092484094
417400,42.4391326078234
417500,42.4243695354775
417600,42.3954573574867
417700,42.3851836394873
417800,42.4048696035249
417900,42.3893924721259
418000,42.3461820777475
418100,42.2613101377147
418200,42.1383370796482
418300,42.1105747215565
418400,42.0807067694616
418500,42.1219981373518
418600,42.1046559424056
418700,42.0732914407986
418800,42.0232303580222
418900,42.0187680901803
419000,42.0490032946133
419100,42.0380644349945
419200,42.0187660121391
419300,42.0427965331146
419400,42.014909142996
419500,41.8698576302674
419600,41.7658698194715
419700,41.7937505968699
419800,41.7771540707925
419900,41.7687514824045
420000,41.7765772365404
